
C:/Users/alear/source/repos/spaCEinvaders/src/pico/build/controller.elf:     file format elf32-littlearm

Sections:
Idx Name          Size      VMA       LMA       File off  Algn
  0 .boot2        00000100  10000000  10000000  00001000  2**0
                  CONTENTS, ALLOC, LOAD, READONLY, CODE
  1 .text         000055b4  10000100  10000100  00001100  2**3
                  CONTENTS, ALLOC, LOAD, READONLY, CODE
  2 .rodata       00000418  100056b8  100056b8  000066b8  2**3
                  CONTENTS, ALLOC, LOAD, READONLY, DATA
  3 .binary_info  00000020  10005ad0  10005ad0  00006ad0  2**2
                  CONTENTS, ALLOC, LOAD, READONLY, DATA
  4 .ram_vector_table 000000c0  20000000  20000000  00009000  2**2
                  ALLOC
  5 .uninitialized_data 00000000  200000c0  200000c0  00008610  2**0
                  CONTENTS
  6 .data         00001550  200000c0  10005af0  000070c0  2**4
                  CONTENTS, ALLOC, LOAD, READONLY, CODE
  7 .tdata        00000000  20001610  20001610  00008610  2**0
                  CONTENTS, ALLOC, LOAD, DATA, THREAD_LOCAL
  8 .tbss         00000000  20001610  20001610  00000000  2**0
                  ALLOC, THREAD_LOCAL
  9 .bss          00001074  20001610  10007040  00008610  2**3
                  ALLOC
 10 .heap         00000800  20002684  10007040  00008684  2**2
                  ALLOC, READONLY
 11 .scratch_x    00000000  20040000  20040000  00008610  2**0
                  CONTENTS
 12 .scratch_y    00000000  20041000  20041000  00008610  2**0
                  CONTENTS
 13 .stack_dummy  00000800  20041000  20041000  00009000  2**5
                  ALLOC, READONLY
 14 .ARM.attributes 00000028  00000000  00000000  00008610  2**0
                  CONTENTS, READONLY
 15 .comment      00000045  00000000  00000000  00008638  2**0
                  CONTENTS, READONLY
 16 .debug_info   0003135a  00000000  00000000  0000867d  2**0
                  CONTENTS, READONLY, DEBUGGING, OCTETS
 17 .debug_abbrev 00008a56  00000000  00000000  000399d7  2**0
                  CONTENTS, READONLY, DEBUGGING, OCTETS
 18 .debug_loclists 0001ac52  00000000  00000000  0004242d  2**0
                  CONTENTS, READONLY, DEBUGGING, OCTETS
 19 .debug_aranges 00001678  00000000  00000000  0005d080  2**3
                  CONTENTS, READONLY, DEBUGGING, OCTETS
 20 .debug_rnglists 000045dc  00000000  00000000  0005e6f8  2**0
                  CONTENTS, READONLY, DEBUGGING, OCTETS
 21 .debug_line   000225a6  00000000  00000000  00062cd4  2**0
                  CONTENTS, READONLY, DEBUGGING, OCTETS
 22 .debug_str    0000861b  00000000  00000000  0008527a  2**0
                  CONTENTS, READONLY, DEBUGGING, OCTETS
 23 .debug_frame  00003474  00000000  00000000  0008d898  2**2
                  CONTENTS, READONLY, DEBUGGING, OCTETS
 24 .debug_line_str 000002ec  00000000  00000000  00090d0c  2**0
                  CONTENTS, READONLY, DEBUGGING, OCTETS

C:/Users/alear/source/repos/spaCEinvaders/src/pico/build/controller.elf:     file format elf32-littlearm


Disassembly of section .boot2:

10000000 <__boot2_start__>:
10000000:	4b32b500 	.word	0x4b32b500
10000004:	60582021 	.word	0x60582021
10000008:	21026898 	.word	0x21026898
1000000c:	60984388 	.word	0x60984388
10000010:	611860d8 	.word	0x611860d8
10000014:	4b2e6158 	.word	0x4b2e6158
10000018:	60992100 	.word	0x60992100
1000001c:	61592102 	.word	0x61592102
10000020:	22f02101 	.word	0x22f02101
10000024:	492b5099 	.word	0x492b5099
10000028:	21016019 	.word	0x21016019
1000002c:	20356099 	.word	0x20356099
10000030:	f844f000 	.word	0xf844f000
10000034:	42902202 	.word	0x42902202
10000038:	2106d014 	.word	0x2106d014
1000003c:	f0006619 	.word	0xf0006619
10000040:	6e19f834 	.word	0x6e19f834
10000044:	66192101 	.word	0x66192101
10000048:	66182000 	.word	0x66182000
1000004c:	f000661a 	.word	0xf000661a
10000050:	6e19f82c 	.word	0x6e19f82c
10000054:	6e196e19 	.word	0x6e196e19
10000058:	f0002005 	.word	0xf0002005
1000005c:	2101f82f 	.word	0x2101f82f
10000060:	d1f94208 	.word	0xd1f94208
10000064:	60992100 	.word	0x60992100
10000068:	6019491b 	.word	0x6019491b
1000006c:	60592100 	.word	0x60592100
10000070:	481b491a 	.word	0x481b491a
10000074:	21016001 	.word	0x21016001
10000078:	21eb6099 	.word	0x21eb6099
1000007c:	21a06619 	.word	0x21a06619
10000080:	f0006619 	.word	0xf0006619
10000084:	2100f812 	.word	0x2100f812
10000088:	49166099 	.word	0x49166099
1000008c:	60014814 	.word	0x60014814
10000090:	60992101 	.word	0x60992101
10000094:	2800bc01 	.word	0x2800bc01
10000098:	4700d000 	.word	0x4700d000
1000009c:	49134812 	.word	0x49134812
100000a0:	c8036008 	.word	0xc8036008
100000a4:	8808f380 	.word	0x8808f380
100000a8:	b5034708 	.word	0xb5034708
100000ac:	20046a99 	.word	0x20046a99
100000b0:	d0fb4201 	.word	0xd0fb4201
100000b4:	42012001 	.word	0x42012001
100000b8:	bd03d1f8 	.word	0xbd03d1f8
100000bc:	6618b502 	.word	0x6618b502
100000c0:	f7ff6618 	.word	0xf7ff6618
100000c4:	6e18fff2 	.word	0x6e18fff2
100000c8:	bd026e18 	.word	0xbd026e18
100000cc:	40020000 	.word	0x40020000
100000d0:	18000000 	.word	0x18000000
100000d4:	00070000 	.word	0x00070000
100000d8:	005f0300 	.word	0x005f0300
100000dc:	00002221 	.word	0x00002221
100000e0:	180000f4 	.word	0x180000f4
100000e4:	a0002022 	.word	0xa0002022
100000e8:	10000100 	.word	0x10000100
100000ec:	e000ed08 	.word	0xe000ed08
	...
100000fc:	7a4eb274 	.word	0x7a4eb274

Disassembly of section .text:

10000100 <__VECTOR_TABLE>:
10000100:	20042000 	.word	0x20042000
10000104:	100001f7 	.word	0x100001f7
10000108:	100001cb 	.word	0x100001cb
1000010c:	100001cd 	.word	0x100001cd
10000110:	100001c9 	.word	0x100001c9
10000114:	100001c9 	.word	0x100001c9
10000118:	100001c9 	.word	0x100001c9
1000011c:	100001c9 	.word	0x100001c9
10000120:	100001c9 	.word	0x100001c9
10000124:	100001c9 	.word	0x100001c9
10000128:	100001c9 	.word	0x100001c9
1000012c:	100001cf 	.word	0x100001cf
10000130:	100001c9 	.word	0x100001c9
10000134:	100001c9 	.word	0x100001c9
10000138:	100001d1 	.word	0x100001d1
1000013c:	100001d3 	.word	0x100001d3
10000140:	100001c1 	.word	0x100001c1
10000144:	100001c1 	.word	0x100001c1
10000148:	100001c1 	.word	0x100001c1
1000014c:	100001c1 	.word	0x100001c1
10000150:	100001c1 	.word	0x100001c1
10000154:	100001c1 	.word	0x100001c1
10000158:	100001c1 	.word	0x100001c1
1000015c:	100001c1 	.word	0x100001c1
10000160:	100001c1 	.word	0x100001c1
10000164:	100001c1 	.word	0x100001c1
10000168:	100001c1 	.word	0x100001c1
1000016c:	100001c1 	.word	0x100001c1
10000170:	100001c1 	.word	0x100001c1
10000174:	100001c1 	.word	0x100001c1
10000178:	100001c1 	.word	0x100001c1
1000017c:	100001c1 	.word	0x100001c1
10000180:	100001c1 	.word	0x100001c1
10000184:	100001c1 	.word	0x100001c1
10000188:	100001c1 	.word	0x100001c1
1000018c:	100001c1 	.word	0x100001c1
10000190:	100001c1 	.word	0x100001c1
10000194:	100001c1 	.word	0x100001c1
10000198:	100001c1 	.word	0x100001c1
1000019c:	100001c1 	.word	0x100001c1
100001a0:	100001c1 	.word	0x100001c1
100001a4:	100001c1 	.word	0x100001c1
100001a8:	100001c1 	.word	0x100001c1
100001ac:	100001c1 	.word	0x100001c1
100001b0:	100001c1 	.word	0x100001c1
100001b4:	100001c1 	.word	0x100001c1
100001b8:	100001c1 	.word	0x100001c1
100001bc:	100001c1 	.word	0x100001c1

100001c0 <__unhandled_user_irq>:
100001c0:	f3ef 8005 	mrs	r0, IPSR
100001c4:	3810      	subs	r0, #16

100001c6 <unhandled_user_irq_num_in_r0>:
100001c6:	be00      	bkpt	0x0000

100001c8 <isr_invalid>:
100001c8:	be00      	bkpt	0x0000

100001ca <isr_nmi>:
100001ca:	be00      	bkpt	0x0000

100001cc <isr_hardfault>:
100001cc:	be00      	bkpt	0x0000

100001ce <isr_svcall>:
100001ce:	be00      	bkpt	0x0000

100001d0 <isr_pendsv>:
100001d0:	be00      	bkpt	0x0000

100001d2 <isr_systick>:
100001d2:	be00      	bkpt	0x0000

100001d4 <__default_isrs_end>:
100001d4:	7188ebf2 	.word	0x7188ebf2
100001d8:	10005ad0 	.word	0x10005ad0
100001dc:	10005af0 	.word	0x10005af0
100001e0:	10000238 	.word	0x10000238
100001e4:	e71aa390 	.word	0xe71aa390

100001e8 <_entry_point>:
100001e8:	481e      	ldr	r0, [pc, #120]	@ (10000264 <data_cpy_table+0x2c>)

100001ea <_enter_vtable_in_r0>:
100001ea:	491f      	ldr	r1, [pc, #124]	@ (10000268 <data_cpy_table+0x30>)
100001ec:	6008      	str	r0, [r1, #0]
100001ee:	c806      	ldmia	r0!, {r1, r2}
100001f0:	f381 8808 	msr	MSP, r1
100001f4:	4710      	bx	r2

100001f6 <_reset_handler>:
100001f6:	481d      	ldr	r0, [pc, #116]	@ (1000026c <data_cpy_table+0x34>)
100001f8:	6800      	ldr	r0, [r0, #0]
100001fa:	2800      	cmp	r0, #0
100001fc:	d001      	beq.n	10000202 <hold_non_core0_in_bootrom+0x4>

100001fe <hold_non_core0_in_bootrom>:
100001fe:	4819      	ldr	r0, [pc, #100]	@ (10000264 <data_cpy_table+0x2c>)
10000200:	e7f3      	b.n	100001ea <_enter_vtable_in_r0>
10000202:	a40d      	add	r4, pc, #52	@ (adr r4, 10000238 <data_cpy_table>)
10000204:	cc0e      	ldmia	r4!, {r1, r2, r3}
10000206:	2900      	cmp	r1, #0
10000208:	d002      	beq.n	10000210 <hold_non_core0_in_bootrom+0x12>
1000020a:	f000 f812 	bl	10000232 <data_cpy>
1000020e:	e7f9      	b.n	10000204 <hold_non_core0_in_bootrom+0x6>
10000210:	4917      	ldr	r1, [pc, #92]	@ (10000270 <data_cpy_table+0x38>)
10000212:	4a18      	ldr	r2, [pc, #96]	@ (10000274 <data_cpy_table+0x3c>)
10000214:	2000      	movs	r0, #0
10000216:	e000      	b.n	1000021a <bss_fill_test>

10000218 <bss_fill_loop>:
10000218:	c101      	stmia	r1!, {r0}

1000021a <bss_fill_test>:
1000021a:	4291      	cmp	r1, r2
1000021c:	d1fc      	bne.n	10000218 <bss_fill_loop>

1000021e <platform_entry>:
1000021e:	4916      	ldr	r1, [pc, #88]	@ (10000278 <data_cpy_table+0x40>)
10000220:	4788      	blx	r1
10000222:	4916      	ldr	r1, [pc, #88]	@ (1000027c <data_cpy_table+0x44>)
10000224:	4788      	blx	r1
10000226:	4916      	ldr	r1, [pc, #88]	@ (10000280 <data_cpy_table+0x48>)
10000228:	4788      	blx	r1
1000022a:	be00      	bkpt	0x0000
1000022c:	e7fd      	b.n	1000022a <platform_entry+0xc>

1000022e <data_cpy_loop>:
1000022e:	c901      	ldmia	r1!, {r0}
10000230:	c201      	stmia	r2!, {r0}

10000232 <data_cpy>:
10000232:	429a      	cmp	r2, r3
10000234:	d3fb      	bcc.n	1000022e <data_cpy_loop>
10000236:	4770      	bx	lr

10000238 <data_cpy_table>:
10000238:	10005af0 	.word	0x10005af0
1000023c:	200000c0 	.word	0x200000c0
10000240:	20001610 	.word	0x20001610
10000244:	10007040 	.word	0x10007040
10000248:	20040000 	.word	0x20040000
1000024c:	20040000 	.word	0x20040000
10000250:	10007040 	.word	0x10007040
10000254:	20041000 	.word	0x20041000
10000258:	20041000 	.word	0x20041000
1000025c:	00000000 	.word	0x00000000
10000260:	4770      	bx	lr
10000262:	0000      	.short	0x0000
10000264:	00000000 	.word	0x00000000
10000268:	e000ed08 	.word	0xe000ed08
1000026c:	d0000000 	.word	0xd0000000
10000270:	20001610 	.word	0x20001610
10000274:	20002684 	.word	0x20002684
10000278:	100020dd 	.word	0x100020dd
1000027c:	100002d5 	.word	0x100002d5
10000280:	100020d5 	.word	0x100020d5

10000284 <_init>:
10000284:	b5f8      	push	{r3, r4, r5, r6, r7, lr}
10000286:	46c0      	nop			@ (mov r8, r8)

10000288 <register_tm_clones>:
10000288:	4806      	ldr	r0, [pc, #24]	@ (100002a4 <register_tm_clones+0x1c>)
1000028a:	4907      	ldr	r1, [pc, #28]	@ (100002a8 <register_tm_clones+0x20>)
1000028c:	1a09      	subs	r1, r1, r0
1000028e:	108b      	asrs	r3, r1, #2
10000290:	0fc9      	lsrs	r1, r1, #31
10000292:	18c9      	adds	r1, r1, r3
10000294:	b510      	push	{r4, lr}
10000296:	1049      	asrs	r1, r1, #1
10000298:	d003      	beq.n	100002a2 <register_tm_clones+0x1a>
1000029a:	4b04      	ldr	r3, [pc, #16]	@ (100002ac <register_tm_clones+0x24>)
1000029c:	2b00      	cmp	r3, #0
1000029e:	d000      	beq.n	100002a2 <register_tm_clones+0x1a>
100002a0:	4798      	blx	r3
100002a2:	bd10      	pop	{r4, pc}
100002a4:	20001610 	.word	0x20001610
100002a8:	20001610 	.word	0x20001610
100002ac:	00000000 	.word	0x00000000

100002b0 <frame_dummy>:
100002b0:	4b05      	ldr	r3, [pc, #20]	@ (100002c8 <frame_dummy+0x18>)
100002b2:	b510      	push	{r4, lr}
100002b4:	2b00      	cmp	r3, #0
100002b6:	d003      	beq.n	100002c0 <frame_dummy+0x10>
100002b8:	4904      	ldr	r1, [pc, #16]	@ (100002cc <frame_dummy+0x1c>)
100002ba:	4805      	ldr	r0, [pc, #20]	@ (100002d0 <frame_dummy+0x20>)
100002bc:	e000      	b.n	100002c0 <frame_dummy+0x10>
100002be:	bf00      	nop
100002c0:	f7ff ffe2 	bl	10000288 <register_tm_clones>
100002c4:	bd10      	pop	{r4, pc}
100002c6:	46c0      	nop			@ (mov r8, r8)
100002c8:	00000000 	.word	0x00000000
100002cc:	20002620 	.word	0x20002620
100002d0:	100056b4 	.word	0x100056b4

100002d4 <main>:
100002d4:	b5f0      	push	{r4, r5, r6, r7, lr}
100002d6:	46de      	mov	lr, fp
100002d8:	464e      	mov	r6, r9
100002da:	4657      	mov	r7, sl
100002dc:	4645      	mov	r5, r8
100002de:	b5e0      	push	{r5, r6, r7, lr}
100002e0:	b083      	sub	sp, #12
100002e2:	f002 f849 	bl	10002378 <stdio_init_all>
100002e6:	2002      	movs	r0, #2
100002e8:	f000 f8e8 	bl	100004bc <gpio_init>
100002ec:	23d0      	movs	r3, #208	@ 0xd0
100002ee:	061b      	lsls	r3, r3, #24
100002f0:	4699      	mov	r9, r3
100002f2:	2304      	movs	r3, #4
100002f4:	464a      	mov	r2, r9
100002f6:	2101      	movs	r1, #1
100002f8:	6293      	str	r3, [r2, #40]	@ 0x28
100002fa:	2002      	movs	r0, #2
100002fc:	2200      	movs	r2, #0
100002fe:	f000 f8c9 	bl	10000494 <gpio_set_pulls>
10000302:	2003      	movs	r0, #3
10000304:	f000 f8da 	bl	100004bc <gpio_init>
10000308:	2308      	movs	r3, #8
1000030a:	464a      	mov	r2, r9
1000030c:	2101      	movs	r1, #1
1000030e:	6293      	str	r3, [r2, #40]	@ 0x28
10000310:	2003      	movs	r0, #3
10000312:	2200      	movs	r2, #0
10000314:	f000 f8be 	bl	10000494 <gpio_set_pulls>
10000318:	2300      	movs	r3, #0
1000031a:	469a      	mov	sl, r3
1000031c:	4698      	mov	r8, r3
1000031e:	9300      	str	r3, [sp, #0]
10000320:	9301      	str	r3, [sp, #4]
10000322:	4b5b      	ldr	r3, [pc, #364]	@ (10000490 <main+0x1bc>)
10000324:	2600      	movs	r6, #0
10000326:	469b      	mov	fp, r3
10000328:	e02c      	b.n	10000384 <main+0xb0>
1000032a:	22fa      	movs	r2, #250	@ 0xfa
1000032c:	2300      	movs	r3, #0
1000032e:	0092      	lsls	r2, r2, #2
10000330:	f001 fb90 	bl	10001a54 <__wrap___aeabi_uldivmod>
10000334:	0007      	movs	r7, r0
10000336:	464b      	mov	r3, r9
10000338:	2104      	movs	r1, #4
1000033a:	464a      	mov	r2, r9
1000033c:	685b      	ldr	r3, [r3, #4]
1000033e:	6850      	ldr	r0, [r2, #4]
10000340:	4019      	ands	r1, r3
10000342:	2301      	movs	r3, #1
10000344:	2208      	movs	r2, #8
10000346:	405e      	eors	r6, r3
10000348:	4002      	ands	r2, r0
1000034a:	0030      	movs	r0, r6
1000034c:	074c      	lsls	r4, r1, #29
1000034e:	0fe4      	lsrs	r4, r4, #31
10000350:	0715      	lsls	r5, r2, #28
10000352:	405c      	eors	r4, r3
10000354:	0fed      	lsrs	r5, r5, #31
10000356:	b2e4      	uxtb	r4, r4
10000358:	405d      	eors	r5, r3
1000035a:	b2ed      	uxtb	r5, r5
1000035c:	4020      	ands	r0, r4
1000035e:	2a00      	cmp	r2, #0
10000360:	d01a      	beq.n	10000398 <main+0xc4>
10000362:	4643      	mov	r3, r8
10000364:	2b02      	cmp	r3, #2
10000366:	d05c      	beq.n	10000422 <main+0x14e>
10000368:	2b03      	cmp	r3, #3
1000036a:	d04a      	beq.n	10000402 <main+0x12e>
1000036c:	2b01      	cmp	r3, #1
1000036e:	d033      	beq.n	100003d8 <main+0x104>
10000370:	2800      	cmp	r0, #0
10000372:	d02b      	beq.n	100003cc <main+0xf8>
10000374:	2301      	movs	r3, #1
10000376:	4698      	mov	r8, r3
10000378:	9701      	str	r7, [sp, #4]
1000037a:	200a      	movs	r0, #10
1000037c:	f000 fea8 	bl	100010d0 <sleep_ms>
10000380:	46aa      	mov	sl, r5
10000382:	0026      	movs	r6, r4
10000384:	f000 ffba 	bl	100012fc <time_us_64>
10000388:	2900      	cmp	r1, #0
1000038a:	d1ce      	bne.n	1000032a <main+0x56>
1000038c:	21fa      	movs	r1, #250	@ 0xfa
1000038e:	0089      	lsls	r1, r1, #2
10000390:	f001 fb22 	bl	100019d8 <__wrap___aeabi_uidiv>
10000394:	0007      	movs	r7, r0
10000396:	e7ce      	b.n	10000336 <main+0x62>
10000398:	4652      	mov	r2, sl
1000039a:	405a      	eors	r2, r3
1000039c:	4643      	mov	r3, r8
1000039e:	b2d6      	uxtb	r6, r2
100003a0:	2b02      	cmp	r3, #2
100003a2:	d05f      	beq.n	10000464 <main+0x190>
100003a4:	2b03      	cmp	r3, #3
100003a6:	d04d      	beq.n	10000444 <main+0x170>
100003a8:	2b01      	cmp	r3, #1
100003aa:	d042      	beq.n	10000432 <main+0x15e>
100003ac:	2800      	cmp	r0, #0
100003ae:	d010      	beq.n	100003d2 <main+0xfe>
100003b0:	2301      	movs	r3, #1
100003b2:	4698      	mov	r8, r3
100003b4:	9701      	str	r7, [sp, #4]
100003b6:	2e00      	cmp	r6, #0
100003b8:	d0df      	beq.n	1000037a <main+0xa6>
100003ba:	2053      	movs	r0, #83	@ 0x53
100003bc:	f001 ffe0 	bl	10002380 <__wrap_putchar>
100003c0:	465b      	mov	r3, fp
100003c2:	681b      	ldr	r3, [r3, #0]
100003c4:	6898      	ldr	r0, [r3, #8]
100003c6:	f004 fcf9 	bl	10004dbc <fflush>
100003ca:	e7d6      	b.n	1000037a <main+0xa6>
100003cc:	2300      	movs	r3, #0
100003ce:	4698      	mov	r8, r3
100003d0:	e7d3      	b.n	1000037a <main+0xa6>
100003d2:	2300      	movs	r3, #0
100003d4:	4698      	mov	r8, r3
100003d6:	e7ee      	b.n	100003b6 <main+0xe2>
100003d8:	2800      	cmp	r0, #0
100003da:	d14b      	bne.n	10000474 <main+0x1a0>
100003dc:	2296      	movs	r2, #150	@ 0x96
100003de:	9b01      	ldr	r3, [sp, #4]
100003e0:	0052      	lsls	r2, r2, #1
100003e2:	1afb      	subs	r3, r7, r3
100003e4:	4293      	cmp	r3, r2
100003e6:	d9c8      	bls.n	1000037a <main+0xa6>
100003e8:	2600      	movs	r6, #0
100003ea:	204c      	movs	r0, #76	@ 0x4c
100003ec:	f001 ffc8 	bl	10002380 <__wrap_putchar>
100003f0:	465b      	mov	r3, fp
100003f2:	681b      	ldr	r3, [r3, #0]
100003f4:	6898      	ldr	r0, [r3, #8]
100003f6:	f004 fce1 	bl	10004dbc <fflush>
100003fa:	0063      	lsls	r3, r4, #1
100003fc:	4698      	mov	r8, r3
100003fe:	9700      	str	r7, [sp, #0]
10000400:	e7d9      	b.n	100003b6 <main+0xe2>
10000402:	2900      	cmp	r1, #0
10000404:	d1e2      	bne.n	100003cc <main+0xf8>
10000406:	9b00      	ldr	r3, [sp, #0]
10000408:	1afb      	subs	r3, r7, r3
1000040a:	2b4f      	cmp	r3, #79	@ 0x4f
1000040c:	d9b5      	bls.n	1000037a <main+0xa6>
1000040e:	2052      	movs	r0, #82	@ 0x52
10000410:	f001 ffb6 	bl	10002380 <__wrap_putchar>
10000414:	465b      	mov	r3, fp
10000416:	681b      	ldr	r3, [r3, #0]
10000418:	6898      	ldr	r0, [r3, #8]
1000041a:	f004 fccf 	bl	10004dbc <fflush>
1000041e:	9700      	str	r7, [sp, #0]
10000420:	e7ab      	b.n	1000037a <main+0xa6>
10000422:	2900      	cmp	r1, #0
10000424:	d1d2      	bne.n	100003cc <main+0xf8>
10000426:	9b00      	ldr	r3, [sp, #0]
10000428:	204c      	movs	r0, #76	@ 0x4c
1000042a:	1afb      	subs	r3, r7, r3
1000042c:	2b4f      	cmp	r3, #79	@ 0x4f
1000042e:	d9a4      	bls.n	1000037a <main+0xa6>
10000430:	e7ee      	b.n	10000410 <main+0x13c>
10000432:	2800      	cmp	r0, #0
10000434:	d11f      	bne.n	10000476 <main+0x1a2>
10000436:	2296      	movs	r2, #150	@ 0x96
10000438:	9b01      	ldr	r3, [sp, #4]
1000043a:	0052      	lsls	r2, r2, #1
1000043c:	1afb      	subs	r3, r7, r3
1000043e:	4293      	cmp	r3, r2
10000440:	d9b9      	bls.n	100003b6 <main+0xe2>
10000442:	e7d2      	b.n	100003ea <main+0x116>
10000444:	2900      	cmp	r1, #0
10000446:	d1c4      	bne.n	100003d2 <main+0xfe>
10000448:	9b00      	ldr	r3, [sp, #0]
1000044a:	1afb      	subs	r3, r7, r3
1000044c:	2b4f      	cmp	r3, #79	@ 0x4f
1000044e:	d9b2      	bls.n	100003b6 <main+0xe2>
10000450:	2052      	movs	r0, #82	@ 0x52
10000452:	f001 ff95 	bl	10002380 <__wrap_putchar>
10000456:	465b      	mov	r3, fp
10000458:	681b      	ldr	r3, [r3, #0]
1000045a:	6898      	ldr	r0, [r3, #8]
1000045c:	f004 fcae 	bl	10004dbc <fflush>
10000460:	9700      	str	r7, [sp, #0]
10000462:	e7a8      	b.n	100003b6 <main+0xe2>
10000464:	2900      	cmp	r1, #0
10000466:	d1b4      	bne.n	100003d2 <main+0xfe>
10000468:	9b00      	ldr	r3, [sp, #0]
1000046a:	204c      	movs	r0, #76	@ 0x4c
1000046c:	1afb      	subs	r3, r7, r3
1000046e:	2b4f      	cmp	r3, #79	@ 0x4f
10000470:	d9a1      	bls.n	100003b6 <main+0xe2>
10000472:	e7ee      	b.n	10000452 <main+0x17e>
10000474:	2600      	movs	r6, #0
10000476:	2052      	movs	r0, #82	@ 0x52
10000478:	f001 ff82 	bl	10002380 <__wrap_putchar>
1000047c:	465b      	mov	r3, fp
1000047e:	681b      	ldr	r3, [r3, #0]
10000480:	6898      	ldr	r0, [r3, #8]
10000482:	f004 fc9b 	bl	10004dbc <fflush>
10000486:	2303      	movs	r3, #3
10000488:	9700      	str	r7, [sp, #0]
1000048a:	4698      	mov	r8, r3
1000048c:	e793      	b.n	100003b6 <main+0xe2>
1000048e:	46c0      	nop			@ (mov r8, r8)
10000490:	200014c4 	.word	0x200014c4

10000494 <gpio_set_pulls>:
10000494:	4b07      	ldr	r3, [pc, #28]	@ (100004b4 <gpio_set_pulls+0x20>)
10000496:	0080      	lsls	r0, r0, #2
10000498:	18c3      	adds	r3, r0, r3
1000049a:	681b      	ldr	r3, [r3, #0]
1000049c:	00c9      	lsls	r1, r1, #3
1000049e:	0092      	lsls	r2, r2, #2
100004a0:	430a      	orrs	r2, r1
100004a2:	405a      	eors	r2, r3
100004a4:	230c      	movs	r3, #12
100004a6:	4013      	ands	r3, r2
100004a8:	4a03      	ldr	r2, [pc, #12]	@ (100004b8 <gpio_set_pulls+0x24>)
100004aa:	4694      	mov	ip, r2
100004ac:	4460      	add	r0, ip
100004ae:	6003      	str	r3, [r0, #0]
100004b0:	4770      	bx	lr
100004b2:	46c0      	nop			@ (mov r8, r8)
100004b4:	4001c004 	.word	0x4001c004
100004b8:	4001d004 	.word	0x4001d004

100004bc <gpio_init>:
100004bc:	2301      	movs	r3, #1
100004be:	22d0      	movs	r2, #208	@ 0xd0
100004c0:	4083      	lsls	r3, r0
100004c2:	0612      	lsls	r2, r2, #24
100004c4:	6293      	str	r3, [r2, #40]	@ 0x28
100004c6:	6193      	str	r3, [r2, #24]
100004c8:	4a09      	ldr	r2, [pc, #36]	@ (100004f0 <gpio_init+0x34>)
100004ca:	0083      	lsls	r3, r0, #2
100004cc:	189a      	adds	r2, r3, r2
100004ce:	6811      	ldr	r1, [r2, #0]
100004d0:	2240      	movs	r2, #64	@ 0x40
100004d2:	4051      	eors	r1, r2
100004d4:	3280      	adds	r2, #128	@ 0x80
100004d6:	400a      	ands	r2, r1
100004d8:	4906      	ldr	r1, [pc, #24]	@ (100004f4 <gpio_init+0x38>)
100004da:	00c0      	lsls	r0, r0, #3
100004dc:	468c      	mov	ip, r1
100004de:	4463      	add	r3, ip
100004e0:	601a      	str	r2, [r3, #0]
100004e2:	4b05      	ldr	r3, [pc, #20]	@ (100004f8 <gpio_init+0x3c>)
100004e4:	469c      	mov	ip, r3
100004e6:	2305      	movs	r3, #5
100004e8:	4460      	add	r0, ip
100004ea:	6043      	str	r3, [r0, #4]
100004ec:	4770      	bx	lr
100004ee:	46c0      	nop			@ (mov r8, r8)
100004f0:	4001c004 	.word	0x4001c004
100004f4:	4001d004 	.word	0x4001d004
100004f8:	40014000 	.word	0x40014000

100004fc <rp2040_chip_version>:
100004fc:	2380      	movs	r3, #128	@ 0x80
100004fe:	05db      	lsls	r3, r3, #23
10000500:	6818      	ldr	r0, [r3, #0]
10000502:	0f00      	lsrs	r0, r0, #28
10000504:	4770      	bx	lr
10000506:	46c0      	nop			@ (mov r8, r8)

10000508 <panic>:
10000508:	b40f      	push	{r0, r1, r2, r3}
1000050a:	b500      	push	{lr}
1000050c:	4808      	ldr	r0, [pc, #32]	@ (10000530 <panic+0x28>)
1000050e:	b083      	sub	sp, #12
10000510:	f001 ff80 	bl	10002414 <__wrap_puts>
10000514:	9b04      	ldr	r3, [sp, #16]
10000516:	2b00      	cmp	r3, #0
10000518:	d007      	beq.n	1000052a <panic+0x22>
1000051a:	a905      	add	r1, sp, #20
1000051c:	0018      	movs	r0, r3
1000051e:	9101      	str	r1, [sp, #4]
10000520:	f001 fd78 	bl	10002014 <weak_raw_vprintf>
10000524:	4803      	ldr	r0, [pc, #12]	@ (10000534 <panic+0x2c>)
10000526:	f001 ff75 	bl	10002414 <__wrap_puts>
1000052a:	2001      	movs	r0, #1
1000052c:	f001 fd8a 	bl	10002044 <_exit>
10000530:	100056b8 	.word	0x100056b8
10000534:	100056c8 	.word	0x100056c8

10000538 <hw_claim_or_assert>:
10000538:	b570      	push	{r4, r5, r6, lr}
1000053a:	f3ef 8c10 	mrs	ip, PRIMASK
1000053e:	b672      	cpsid	i
10000540:	4d0d      	ldr	r5, [pc, #52]	@ (10000578 <hw_claim_or_assert+0x40>)
10000542:	682b      	ldr	r3, [r5, #0]
10000544:	2b00      	cmp	r3, #0
10000546:	d0fc      	beq.n	10000542 <hw_claim_or_assert+0xa>
10000548:	f3bf 8f5f 	dmb	sy
1000054c:	2407      	movs	r4, #7
1000054e:	08cb      	lsrs	r3, r1, #3
10000550:	18c6      	adds	r6, r0, r3
10000552:	5cc0      	ldrb	r0, [r0, r3]
10000554:	2301      	movs	r3, #1
10000556:	400c      	ands	r4, r1
10000558:	40a3      	lsls	r3, r4
1000055a:	001c      	movs	r4, r3
1000055c:	4004      	ands	r4, r0
1000055e:	4203      	tst	r3, r0
10000560:	d107      	bne.n	10000572 <hw_claim_or_assert+0x3a>
10000562:	4318      	orrs	r0, r3
10000564:	7030      	strb	r0, [r6, #0]
10000566:	f3bf 8f5f 	dmb	sy
1000056a:	602c      	str	r4, [r5, #0]
1000056c:	f38c 8810 	msr	PRIMASK, ip
10000570:	bd70      	pop	{r4, r5, r6, pc}
10000572:	0010      	movs	r0, r2
10000574:	f7ff ffc8 	bl	10000508 <panic>
10000578:	d000012c 	.word	0xd000012c

1000057c <hw_claim_unused_from_range>:
1000057c:	b5f8      	push	{r3, r4, r5, r6, r7, lr}
1000057e:	4647      	mov	r7, r8
10000580:	46ce      	mov	lr, r9
10000582:	4688      	mov	r8, r1
10000584:	b580      	push	{r7, lr}
10000586:	f3ef 8c10 	mrs	ip, PRIMASK
1000058a:	b672      	cpsid	i
1000058c:	4d1c      	ldr	r5, [pc, #112]	@ (10000600 <hw_claim_unused_from_range+0x84>)
1000058e:	682c      	ldr	r4, [r5, #0]
10000590:	2c00      	cmp	r4, #0
10000592:	d0fc      	beq.n	1000058e <hw_claim_unused_from_range+0x12>
10000594:	f3bf 8f5f 	dmb	sy
10000598:	429a      	cmp	r2, r3
1000059a:	d822      	bhi.n	100005e2 <hw_claim_unused_from_range+0x66>
1000059c:	2107      	movs	r1, #7
1000059e:	2601      	movs	r6, #1
100005a0:	4689      	mov	r9, r1
100005a2:	e002      	b.n	100005aa <hw_claim_unused_from_range+0x2e>
100005a4:	3201      	adds	r2, #1
100005a6:	4293      	cmp	r3, r2
100005a8:	d318      	bcc.n	100005dc <hw_claim_unused_from_range+0x60>
100005aa:	464d      	mov	r5, r9
100005ac:	0037      	movs	r7, r6
100005ae:	4015      	ands	r5, r2
100005b0:	40af      	lsls	r7, r5
100005b2:	08d4      	lsrs	r4, r2, #3
100005b4:	1901      	adds	r1, r0, r4
100005b6:	5d04      	ldrb	r4, [r0, r4]
100005b8:	4227      	tst	r7, r4
100005ba:	d1f3      	bne.n	100005a4 <hw_claim_unused_from_range+0x28>
100005bc:	0010      	movs	r0, r2
100005be:	433c      	orrs	r4, r7
100005c0:	700c      	strb	r4, [r1, #0]
100005c2:	f3bf 8f5f 	dmb	sy
100005c6:	2200      	movs	r2, #0
100005c8:	4b0d      	ldr	r3, [pc, #52]	@ (10000600 <hw_claim_unused_from_range+0x84>)
100005ca:	601a      	str	r2, [r3, #0]
100005cc:	f38c 8810 	msr	PRIMASK, ip
100005d0:	2800      	cmp	r0, #0
100005d2:	db0e      	blt.n	100005f2 <hw_claim_unused_from_range+0x76>
100005d4:	bcc0      	pop	{r6, r7}
100005d6:	46b9      	mov	r9, r7
100005d8:	46b0      	mov	r8, r6
100005da:	bdf8      	pop	{r3, r4, r5, r6, r7, pc}
100005dc:	2001      	movs	r0, #1
100005de:	4240      	negs	r0, r0
100005e0:	e7ef      	b.n	100005c2 <hw_claim_unused_from_range+0x46>
100005e2:	f3bf 8f5f 	dmb	sy
100005e6:	2300      	movs	r3, #0
100005e8:	602b      	str	r3, [r5, #0]
100005ea:	f38c 8810 	msr	PRIMASK, ip
100005ee:	2001      	movs	r0, #1
100005f0:	4240      	negs	r0, r0
100005f2:	4643      	mov	r3, r8
100005f4:	2b00      	cmp	r3, #0
100005f6:	d0ed      	beq.n	100005d4 <hw_claim_unused_from_range+0x58>
100005f8:	9808      	ldr	r0, [sp, #32]
100005fa:	f7ff ff85 	bl	10000508 <panic>
100005fe:	46c0      	nop			@ (mov r8, r8)
10000600:	d000012c 	.word	0xd000012c

10000604 <next_striped_spin_lock_num>:
10000604:	4a04      	ldr	r2, [pc, #16]	@ (10000618 <next_striped_spin_lock_num+0x14>)
10000606:	7810      	ldrb	r0, [r2, #0]
10000608:	1c43      	adds	r3, r0, #1
1000060a:	b2db      	uxtb	r3, r3
1000060c:	2b17      	cmp	r3, #23
1000060e:	d900      	bls.n	10000612 <next_striped_spin_lock_num+0xe>
10000610:	2310      	movs	r3, #16
10000612:	7013      	strb	r3, [r2, #0]
10000614:	4770      	bx	lr
10000616:	46c0      	nop			@ (mov r8, r8)
10000618:	20000fe0 	.word	0x20000fe0

1000061c <spin_lock_claim_unused>:
1000061c:	b510      	push	{r4, lr}
1000061e:	4b06      	ldr	r3, [pc, #24]	@ (10000638 <spin_lock_claim_unused+0x1c>)
10000620:	4c06      	ldr	r4, [pc, #24]	@ (1000063c <spin_lock_claim_unused+0x20>)
10000622:	b082      	sub	sp, #8
10000624:	0001      	movs	r1, r0
10000626:	9300      	str	r3, [sp, #0]
10000628:	2218      	movs	r2, #24
1000062a:	231f      	movs	r3, #31
1000062c:	0020      	movs	r0, r4
1000062e:	f7ff ffa5 	bl	1000057c <hw_claim_unused_from_range>
10000632:	b002      	add	sp, #8
10000634:	bd10      	pop	{r4, pc}
10000636:	46c0      	nop			@ (mov r8, r8)
10000638:	100056cc 	.word	0x100056cc
1000063c:	200021a8 	.word	0x200021a8

10000640 <spin_locks_reset>:
10000640:	2100      	movs	r1, #0
10000642:	4b04      	ldr	r3, [pc, #16]	@ (10000654 <spin_locks_reset+0x14>)
10000644:	4a04      	ldr	r2, [pc, #16]	@ (10000658 <spin_locks_reset+0x18>)
10000646:	f3bf 8f5f 	dmb	sy
1000064a:	c302      	stmia	r3!, {r1}
1000064c:	4293      	cmp	r3, r2
1000064e:	d1fa      	bne.n	10000646 <spin_locks_reset+0x6>
10000650:	4770      	bx	lr
10000652:	46c0      	nop			@ (mov r8, r8)
10000654:	d0000100 	.word	0xd0000100
10000658:	d0000180 	.word	0xd0000180

1000065c <runtime_init_per_core_irq_priorities>:
1000065c:	4b05      	ldr	r3, [pc, #20]	@ (10000674 <runtime_init_per_core_irq_priorities+0x18>)
1000065e:	4a06      	ldr	r2, [pc, #24]	@ (10000678 <runtime_init_per_core_irq_priorities+0x1c>)
10000660:	6013      	str	r3, [r2, #0]
10000662:	4a06      	ldr	r2, [pc, #24]	@ (1000067c <runtime_init_per_core_irq_priorities+0x20>)
10000664:	6013      	str	r3, [r2, #0]
10000666:	6053      	str	r3, [r2, #4]
10000668:	6093      	str	r3, [r2, #8]
1000066a:	60d3      	str	r3, [r2, #12]
1000066c:	6113      	str	r3, [r2, #16]
1000066e:	6153      	str	r3, [r2, #20]
10000670:	6193      	str	r3, [r2, #24]
10000672:	4770      	bx	lr
10000674:	80808080 	.word	0x80808080
10000678:	e000e400 	.word	0xe000e400
1000067c:	e000e404 	.word	0xe000e404

10000680 <irq_set_enabled>:
10000680:	231f      	movs	r3, #31
10000682:	4018      	ands	r0, r3
10000684:	3b1e      	subs	r3, #30
10000686:	4083      	lsls	r3, r0
10000688:	2900      	cmp	r1, #0
1000068a:	d005      	beq.n	10000698 <irq_set_enabled+0x18>
1000068c:	21c0      	movs	r1, #192	@ 0xc0
1000068e:	4a04      	ldr	r2, [pc, #16]	@ (100006a0 <irq_set_enabled+0x20>)
10000690:	0049      	lsls	r1, r1, #1
10000692:	5053      	str	r3, [r2, r1]
10000694:	6013      	str	r3, [r2, #0]
10000696:	4770      	bx	lr
10000698:	2280      	movs	r2, #128	@ 0x80
1000069a:	4901      	ldr	r1, [pc, #4]	@ (100006a0 <irq_set_enabled+0x20>)
1000069c:	508b      	str	r3, [r1, r2]
1000069e:	e7fa      	b.n	10000696 <irq_set_enabled+0x16>
100006a0:	e000e100 	.word	0xe000e100

100006a4 <irq_is_enabled>:
100006a4:	2201      	movs	r2, #1
100006a6:	4082      	lsls	r2, r0
100006a8:	4b03      	ldr	r3, [pc, #12]	@ (100006b8 <irq_is_enabled+0x14>)
100006aa:	681b      	ldr	r3, [r3, #0]
100006ac:	4013      	ands	r3, r2
100006ae:	1e5a      	subs	r2, r3, #1
100006b0:	4193      	sbcs	r3, r2
100006b2:	b2d8      	uxtb	r0, r3
100006b4:	4770      	bx	lr
100006b6:	46c0      	nop			@ (mov r8, r8)
100006b8:	e000e100 	.word	0xe000e100

100006bc <irq_set_pending>:
100006bc:	2301      	movs	r3, #1
100006be:	4083      	lsls	r3, r0
100006c0:	4a01      	ldr	r2, [pc, #4]	@ (100006c8 <irq_set_pending+0xc>)
100006c2:	6013      	str	r3, [r2, #0]
100006c4:	4770      	bx	lr
100006c6:	46c0      	nop			@ (mov r8, r8)
100006c8:	e000e200 	.word	0xe000e200

100006cc <irq_has_shared_handler>:
100006cc:	4b06      	ldr	r3, [pc, #24]	@ (100006e8 <irq_has_shared_handler+0x1c>)
100006ce:	3010      	adds	r0, #16
100006d0:	689b      	ldr	r3, [r3, #8]
100006d2:	0080      	lsls	r0, r0, #2
100006d4:	58c3      	ldr	r3, [r0, r3]
100006d6:	4a05      	ldr	r2, [pc, #20]	@ (100006ec <irq_has_shared_handler+0x20>)
100006d8:	2000      	movs	r0, #0
100006da:	1a9b      	subs	r3, r3, r2
100006dc:	222f      	movs	r2, #47	@ 0x2f
100006de:	429a      	cmp	r2, r3
100006e0:	4140      	adcs	r0, r0
100006e2:	b2c0      	uxtb	r0, r0
100006e4:	4770      	bx	lr
100006e6:	46c0      	nop			@ (mov r8, r8)
100006e8:	e000ed00 	.word	0xe000ed00
100006ec:	20000fe4 	.word	0x20000fe4

100006f0 <irq_set_exclusive_handler>:
100006f0:	b570      	push	{r4, r5, r6, lr}
100006f2:	000d      	movs	r5, r1
100006f4:	f3ef 8610 	mrs	r6, PRIMASK
100006f8:	b672      	cpsid	i
100006fa:	4a0f      	ldr	r2, [pc, #60]	@ (10000738 <irq_set_exclusive_handler+0x48>)
100006fc:	6813      	ldr	r3, [r2, #0]
100006fe:	2b00      	cmp	r3, #0
10000700:	d0fc      	beq.n	100006fc <irq_set_exclusive_handler+0xc>
10000702:	f3bf 8f5f 	dmb	sy
10000706:	4b0d      	ldr	r3, [pc, #52]	@ (1000073c <irq_set_exclusive_handler+0x4c>)
10000708:	3010      	adds	r0, #16
1000070a:	689b      	ldr	r3, [r3, #8]
1000070c:	0084      	lsls	r4, r0, #2
1000070e:	591b      	ldr	r3, [r3, r4]
10000710:	4a0b      	ldr	r2, [pc, #44]	@ (10000740 <irq_set_exclusive_handler+0x50>)
10000712:	4293      	cmp	r3, r2
10000714:	d003      	beq.n	1000071e <irq_set_exclusive_handler+0x2e>
10000716:	429d      	cmp	r5, r3
10000718:	d001      	beq.n	1000071e <irq_set_exclusive_handler+0x2e>
1000071a:	f001 f833 	bl	10001784 <hard_assertion_failure>
1000071e:	4b07      	ldr	r3, [pc, #28]	@ (1000073c <irq_set_exclusive_handler+0x4c>)
10000720:	689b      	ldr	r3, [r3, #8]
10000722:	511d      	str	r5, [r3, r4]
10000724:	f3bf 8f5f 	dmb	sy
10000728:	f3bf 8f5f 	dmb	sy
1000072c:	2200      	movs	r2, #0
1000072e:	4b02      	ldr	r3, [pc, #8]	@ (10000738 <irq_set_exclusive_handler+0x48>)
10000730:	601a      	str	r2, [r3, #0]
10000732:	f386 8810 	msr	PRIMASK, r6
10000736:	bd70      	pop	{r4, r5, r6, pc}
10000738:	d0000124 	.word	0xd0000124
1000073c:	e000ed00 	.word	0xe000ed00
10000740:	100001c1 	.word	0x100001c1

10000744 <irq_add_shared_handler>:
10000744:	b5f0      	push	{r4, r5, r6, r7, lr}
10000746:	4657      	mov	r7, sl
10000748:	464e      	mov	r6, r9
1000074a:	46de      	mov	lr, fp
1000074c:	4645      	mov	r5, r8
1000074e:	b5e0      	push	{r5, r6, r7, lr}
10000750:	b085      	sub	sp, #20
10000752:	0006      	movs	r6, r0
10000754:	9100      	str	r1, [sp, #0]
10000756:	0017      	movs	r7, r2
10000758:	f3ef 8b10 	mrs	fp, PRIMASK
1000075c:	b672      	cpsid	i
1000075e:	4a6a      	ldr	r2, [pc, #424]	@ (10000908 <irq_add_shared_handler+0x1c4>)
10000760:	6813      	ldr	r3, [r2, #0]
10000762:	2b00      	cmp	r3, #0
10000764:	d0fc      	beq.n	10000760 <irq_add_shared_handler+0x1c>
10000766:	f3bf 8f5f 	dmb	sy
1000076a:	2500      	movs	r5, #0
1000076c:	4b67      	ldr	r3, [pc, #412]	@ (1000090c <irq_add_shared_handler+0x1c8>)
1000076e:	575d      	ldrsb	r5, [r3, r5]
10000770:	469a      	mov	sl, r3
10000772:	2d00      	cmp	r5, #0
10000774:	da00      	bge.n	10000778 <irq_add_shared_handler+0x34>
10000776:	e0a9      	b.n	100008cc <irq_add_shared_handler+0x188>
10000778:	006b      	lsls	r3, r5, #1
1000077a:	4c65      	ldr	r4, [pc, #404]	@ (10000910 <irq_add_shared_handler+0x1cc>)
1000077c:	9301      	str	r3, [sp, #4]
1000077e:	195b      	adds	r3, r3, r5
10000780:	009b      	lsls	r3, r3, #2
10000782:	4698      	mov	r8, r3
10000784:	46a1      	mov	r9, r4
10000786:	44c1      	add	r9, r8
10000788:	464b      	mov	r3, r9
1000078a:	4652      	mov	r2, sl
1000078c:	799b      	ldrb	r3, [r3, #6]
1000078e:	3610      	adds	r6, #16
10000790:	7013      	strb	r3, [r2, #0]
10000792:	4b60      	ldr	r3, [pc, #384]	@ (10000914 <irq_add_shared_handler+0x1d0>)
10000794:	00b6      	lsls	r6, r6, #2
10000796:	689b      	ldr	r3, [r3, #8]
10000798:	5999      	ldr	r1, [r3, r6]
1000079a:	1b0b      	subs	r3, r1, r4
1000079c:	2b2f      	cmp	r3, #47	@ 0x2f
1000079e:	d933      	bls.n	10000808 <irq_add_shared_handler+0xc4>
100007a0:	4b5d      	ldr	r3, [pc, #372]	@ (10000918 <irq_add_shared_handler+0x1d4>)
100007a2:	4299      	cmp	r1, r3
100007a4:	d000      	beq.n	100007a8 <irq_add_shared_handler+0x64>
100007a6:	e0ac      	b.n	10000902 <irq_add_shared_handler+0x1be>
100007a8:	9b01      	ldr	r3, [sp, #4]
100007aa:	4642      	mov	r2, r8
100007ac:	469c      	mov	ip, r3
100007ae:	4b5b      	ldr	r3, [pc, #364]	@ (1000091c <irq_add_shared_handler+0x1d8>)
100007b0:	4465      	add	r5, ip
100007b2:	00ad      	lsls	r5, r5, #2
100007b4:	5363      	strh	r3, [r4, r5]
100007b6:	4b5a      	ldr	r3, [pc, #360]	@ (10000920 <irq_add_shared_handler+0x1dc>)
100007b8:	3202      	adds	r2, #2
100007ba:	18a2      	adds	r2, r4, r2
100007bc:	3b04      	subs	r3, #4
100007be:	1a9b      	subs	r3, r3, r2
100007c0:	051b      	lsls	r3, r3, #20
100007c2:	4a58      	ldr	r2, [pc, #352]	@ (10000924 <irq_add_shared_handler+0x1e0>)
100007c4:	0d5b      	lsrs	r3, r3, #21
100007c6:	1965      	adds	r5, r4, r5
100007c8:	4313      	orrs	r3, r2
100007ca:	806b      	strh	r3, [r5, #2]
100007cc:	4b56      	ldr	r3, [pc, #344]	@ (10000928 <irq_add_shared_handler+0x1e4>)
100007ce:	2101      	movs	r1, #1
100007d0:	80ab      	strh	r3, [r5, #4]
100007d2:	23ff      	movs	r3, #255	@ 0xff
100007d4:	71ab      	strb	r3, [r5, #6]
100007d6:	9b00      	ldr	r3, [sp, #0]
100007d8:	71ef      	strb	r7, [r5, #7]
100007da:	60ab      	str	r3, [r5, #8]
100007dc:	464b      	mov	r3, r9
100007de:	430b      	orrs	r3, r1
100007e0:	0019      	movs	r1, r3
100007e2:	4b4c      	ldr	r3, [pc, #304]	@ (10000914 <irq_add_shared_handler+0x1d0>)
100007e4:	689b      	ldr	r3, [r3, #8]
100007e6:	5199      	str	r1, [r3, r6]
100007e8:	f3bf 8f5f 	dmb	sy
100007ec:	f3bf 8f5f 	dmb	sy
100007f0:	2200      	movs	r2, #0
100007f2:	4b45      	ldr	r3, [pc, #276]	@ (10000908 <irq_add_shared_handler+0x1c4>)
100007f4:	601a      	str	r2, [r3, #0]
100007f6:	f38b 8810 	msr	PRIMASK, fp
100007fa:	b005      	add	sp, #20
100007fc:	bcf0      	pop	{r4, r5, r6, r7}
100007fe:	46bb      	mov	fp, r7
10000800:	46b2      	mov	sl, r6
10000802:	46a9      	mov	r9, r5
10000804:	46a0      	mov	r8, r4
10000806:	bdf0      	pop	{r4, r5, r6, r7, pc}
10000808:	2001      	movs	r0, #1
1000080a:	000a      	movs	r2, r1
1000080c:	4382      	bics	r2, r0
1000080e:	79d3      	ldrb	r3, [r2, #7]
10000810:	468c      	mov	ip, r1
10000812:	42bb      	cmp	r3, r7
10000814:	d831      	bhi.n	1000087a <irq_add_shared_handler+0x136>
10000816:	4645      	mov	r5, r8
10000818:	0013      	movs	r3, r2
1000081a:	4944      	ldr	r1, [pc, #272]	@ (1000092c <irq_add_shared_handler+0x1e8>)
1000081c:	1b1b      	subs	r3, r3, r4
1000081e:	415b      	adcs	r3, r3
10000820:	4359      	muls	r1, r3
10000822:	0d09      	lsrs	r1, r1, #20
10000824:	4b3d      	ldr	r3, [pc, #244]	@ (1000091c <irq_add_shared_handler+0x1d8>)
10000826:	5363      	strh	r3, [r4, r5]
10000828:	4b3d      	ldr	r3, [pc, #244]	@ (10000920 <irq_add_shared_handler+0x1dc>)
1000082a:	3502      	adds	r5, #2
1000082c:	1965      	adds	r5, r4, r5
1000082e:	3b04      	subs	r3, #4
10000830:	1b5b      	subs	r3, r3, r5
10000832:	051b      	lsls	r3, r3, #20
10000834:	4d3b      	ldr	r5, [pc, #236]	@ (10000924 <irq_add_shared_handler+0x1e0>)
10000836:	0d5b      	lsrs	r3, r3, #21
10000838:	432b      	orrs	r3, r5
1000083a:	46aa      	mov	sl, r5
1000083c:	464d      	mov	r5, r9
1000083e:	806b      	strh	r3, [r5, #2]
10000840:	2504      	movs	r5, #4
10000842:	46ac      	mov	ip, r5
10000844:	4655      	mov	r5, sl
10000846:	44e0      	add	r8, ip
10000848:	1f13      	subs	r3, r2, #4
1000084a:	4444      	add	r4, r8
1000084c:	1b1b      	subs	r3, r3, r4
1000084e:	051b      	lsls	r3, r3, #20
10000850:	0d5b      	lsrs	r3, r3, #21
10000852:	431d      	orrs	r5, r3
10000854:	464b      	mov	r3, r9
10000856:	7199      	strb	r1, [r3, #6]
10000858:	9900      	ldr	r1, [sp, #0]
1000085a:	809d      	strh	r5, [r3, #4]
1000085c:	6099      	str	r1, [r3, #8]
1000085e:	4649      	mov	r1, r9
10000860:	71df      	strb	r7, [r3, #7]
10000862:	4b33      	ldr	r3, [pc, #204]	@ (10000930 <irq_add_shared_handler+0x1ec>)
10000864:	4301      	orrs	r1, r0
10000866:	6013      	str	r3, [r2, #0]
10000868:	e7bb      	b.n	100007e2 <irq_add_shared_handler+0x9e>
1000086a:	0058      	lsls	r0, r3, #1
1000086c:	18c0      	adds	r0, r0, r3
1000086e:	0080      	lsls	r0, r0, #2
10000870:	1820      	adds	r0, r4, r0
10000872:	79c1      	ldrb	r1, [r0, #7]
10000874:	42b9      	cmp	r1, r7
10000876:	d92f      	bls.n	100008d8 <irq_add_shared_handler+0x194>
10000878:	0002      	movs	r2, r0
1000087a:	2306      	movs	r3, #6
1000087c:	56d3      	ldrsb	r3, [r2, r3]
1000087e:	2b00      	cmp	r3, #0
10000880:	daf3      	bge.n	1000086a <irq_add_shared_handler+0x126>
10000882:	9302      	str	r3, [sp, #8]
10000884:	4b2b      	ldr	r3, [pc, #172]	@ (10000934 <irq_add_shared_handler+0x1f0>)
10000886:	4661      	mov	r1, ip
10000888:	9303      	str	r3, [sp, #12]
1000088a:	1d13      	adds	r3, r2, #4
1000088c:	469a      	mov	sl, r3
1000088e:	2304      	movs	r3, #4
10000890:	425b      	negs	r3, r3
10000892:	469c      	mov	ip, r3
10000894:	44e1      	add	r9, ip
10000896:	4650      	mov	r0, sl
10000898:	464b      	mov	r3, r9
1000089a:	1a1b      	subs	r3, r3, r0
1000089c:	051b      	lsls	r3, r3, #20
1000089e:	0d5b      	lsrs	r3, r3, #21
100008a0:	469c      	mov	ip, r3
100008a2:	4b20      	ldr	r3, [pc, #128]	@ (10000924 <irq_add_shared_handler+0x1e0>)
100008a4:	7195      	strb	r5, [r2, #6]
100008a6:	4698      	mov	r8, r3
100008a8:	4663      	mov	r3, ip
100008aa:	4640      	mov	r0, r8
100008ac:	4303      	orrs	r3, r0
100008ae:	8093      	strh	r3, [r2, #4]
100008b0:	9b01      	ldr	r3, [sp, #4]
100008b2:	195a      	adds	r2, r3, r5
100008b4:	0092      	lsls	r2, r2, #2
100008b6:	9b03      	ldr	r3, [sp, #12]
100008b8:	18a4      	adds	r4, r4, r2
100008ba:	80a3      	strh	r3, [r4, #4]
100008bc:	9b02      	ldr	r3, [sp, #8]
100008be:	4a1c      	ldr	r2, [pc, #112]	@ (10000930 <irq_add_shared_handler+0x1ec>)
100008c0:	71a3      	strb	r3, [r4, #6]
100008c2:	9b00      	ldr	r3, [sp, #0]
100008c4:	6022      	str	r2, [r4, #0]
100008c6:	71e7      	strb	r7, [r4, #7]
100008c8:	60a3      	str	r3, [r4, #8]
100008ca:	e78a      	b.n	100007e2 <irq_add_shared_handler+0x9e>
100008cc:	f000 ff5a 	bl	10001784 <hard_assertion_failure>
100008d0:	2500      	movs	r5, #0
100008d2:	4653      	mov	r3, sl
100008d4:	575d      	ldrsb	r5, [r3, r5]
100008d6:	e74f      	b.n	10000778 <irq_add_shared_handler+0x34>
100008d8:	8890      	ldrh	r0, [r2, #4]
100008da:	9302      	str	r3, [sp, #8]
100008dc:	0540      	lsls	r0, r0, #21
100008de:	1d13      	adds	r3, r2, #4
100008e0:	469a      	mov	sl, r3
100008e2:	1503      	asrs	r3, r0, #20
100008e4:	4661      	mov	r1, ip
100008e6:	469c      	mov	ip, r3
100008e8:	4640      	mov	r0, r8
100008ea:	44d4      	add	ip, sl
100008ec:	4663      	mov	r3, ip
100008ee:	3004      	adds	r0, #4
100008f0:	1820      	adds	r0, r4, r0
100008f2:	1a18      	subs	r0, r3, r0
100008f4:	23e0      	movs	r3, #224	@ 0xe0
100008f6:	0500      	lsls	r0, r0, #20
100008f8:	0d40      	lsrs	r0, r0, #21
100008fa:	021b      	lsls	r3, r3, #8
100008fc:	4318      	orrs	r0, r3
100008fe:	9003      	str	r0, [sp, #12]
10000900:	e7c5      	b.n	1000088e <irq_add_shared_handler+0x14a>
10000902:	f000 ff3f 	bl	10001784 <hard_assertion_failure>
10000906:	e74f      	b.n	100007a8 <irq_add_shared_handler+0x64>
10000908:	d0000124 	.word	0xd0000124
1000090c:	2000267d 	.word	0x2000267d
10000910:	20000fe4 	.word	0x20000fe4
10000914:	e000ed00 	.word	0xe000ed00
10000918:	100001c1 	.word	0x100001c1
1000091c:	ffffa100 	.word	0xffffa100
10000920:	20001014 	.word	0x20001014
10000924:	ffffe000 	.word	0xffffe000
10000928:	ffffbd01 	.word	0xffffbd01
1000092c:	0000aaaa 	.word	0x0000aaaa
10000930:	47804801 	.word	0x47804801
10000934:	0000bd01 	.word	0x0000bd01

10000938 <irq_add_tail_to_free_list>:
10000938:	b570      	push	{r4, r5, r6, lr}
1000093a:	2401      	movs	r4, #1
1000093c:	4304      	orrs	r4, r0
1000093e:	f3ef 8105 	mrs	r1, IPSR
10000942:	f3ef 8c10 	mrs	ip, PRIMASK
10000946:	b672      	cpsid	i
10000948:	4a21      	ldr	r2, [pc, #132]	@ (100009d0 <irq_add_tail_to_free_list+0x98>)
1000094a:	6813      	ldr	r3, [r2, #0]
1000094c:	2b00      	cmp	r3, #0
1000094e:	d0fc      	beq.n	1000094a <irq_add_tail_to_free_list+0x12>
10000950:	f3bf 8f5f 	dmb	sy
10000954:	4b1f      	ldr	r3, [pc, #124]	@ (100009d4 <irq_add_tail_to_free_list+0x9c>)
10000956:	0005      	movs	r5, r0
10000958:	4a1f      	ldr	r2, [pc, #124]	@ (100009d8 <irq_add_tail_to_free_list+0xa0>)
1000095a:	1aed      	subs	r5, r5, r3
1000095c:	416d      	adcs	r5, r5
1000095e:	436a      	muls	r2, r5
10000960:	0d12      	lsrs	r2, r2, #20
10000962:	4d1e      	ldr	r5, [pc, #120]	@ (100009dc <irq_add_tail_to_free_list+0xa4>)
10000964:	0089      	lsls	r1, r1, #2
10000966:	68ae      	ldr	r6, [r5, #8]
10000968:	b252      	sxtb	r2, r2
1000096a:	5876      	ldr	r6, [r6, r1]
1000096c:	42a6      	cmp	r6, r4
1000096e:	d01c      	beq.n	100009aa <irq_add_tail_to_free_list+0x72>
10000970:	2106      	movs	r1, #6
10000972:	5659      	ldrsb	r1, [r3, r1]
10000974:	4291      	cmp	r1, r2
10000976:	d01c      	beq.n	100009b2 <irq_add_tail_to_free_list+0x7a>
10000978:	2112      	movs	r1, #18
1000097a:	5659      	ldrsb	r1, [r3, r1]
1000097c:	4291      	cmp	r1, r2
1000097e:	d022      	beq.n	100009c6 <irq_add_tail_to_free_list+0x8e>
10000980:	211e      	movs	r1, #30
10000982:	5659      	ldrsb	r1, [r3, r1]
10000984:	4291      	cmp	r1, r2
10000986:	d020      	beq.n	100009ca <irq_add_tail_to_free_list+0x92>
10000988:	212a      	movs	r1, #42	@ 0x2a
1000098a:	5659      	ldrsb	r1, [r3, r1]
1000098c:	2403      	movs	r4, #3
1000098e:	4291      	cmp	r1, r2
10000990:	d010      	beq.n	100009b4 <irq_add_tail_to_free_list+0x7c>
10000992:	4b13      	ldr	r3, [pc, #76]	@ (100009e0 <irq_add_tail_to_free_list+0xa8>)
10000994:	7819      	ldrb	r1, [r3, #0]
10000996:	701a      	strb	r2, [r3, #0]
10000998:	7181      	strb	r1, [r0, #6]
1000099a:	f3bf 8f5f 	dmb	sy
1000099e:	2200      	movs	r2, #0
100009a0:	4b0b      	ldr	r3, [pc, #44]	@ (100009d0 <irq_add_tail_to_free_list+0x98>)
100009a2:	601a      	str	r2, [r3, #0]
100009a4:	f38c 8810 	msr	PRIMASK, ip
100009a8:	bd70      	pop	{r4, r5, r6, pc}
100009aa:	68ab      	ldr	r3, [r5, #8]
100009ac:	4c0d      	ldr	r4, [pc, #52]	@ (100009e4 <irq_add_tail_to_free_list+0xac>)
100009ae:	505c      	str	r4, [r3, r1]
100009b0:	e7ef      	b.n	10000992 <irq_add_tail_to_free_list+0x5a>
100009b2:	2400      	movs	r4, #0
100009b4:	0061      	lsls	r1, r4, #1
100009b6:	1909      	adds	r1, r1, r4
100009b8:	0089      	lsls	r1, r1, #2
100009ba:	185b      	adds	r3, r3, r1
100009bc:	21ff      	movs	r1, #255	@ 0xff
100009be:	7199      	strb	r1, [r3, #6]
100009c0:	4909      	ldr	r1, [pc, #36]	@ (100009e8 <irq_add_tail_to_free_list+0xb0>)
100009c2:	8099      	strh	r1, [r3, #4]
100009c4:	e7e5      	b.n	10000992 <irq_add_tail_to_free_list+0x5a>
100009c6:	2401      	movs	r4, #1
100009c8:	e7f4      	b.n	100009b4 <irq_add_tail_to_free_list+0x7c>
100009ca:	2402      	movs	r4, #2
100009cc:	e7f2      	b.n	100009b4 <irq_add_tail_to_free_list+0x7c>
100009ce:	46c0      	nop			@ (mov r8, r8)
100009d0:	d0000124 	.word	0xd0000124
100009d4:	20000fe4 	.word	0x20000fe4
100009d8:	0000aaaa 	.word	0x0000aaaa
100009dc:	e000ed00 	.word	0xe000ed00
100009e0:	2000267d 	.word	0x2000267d
100009e4:	100001c1 	.word	0x100001c1
100009e8:	ffffbd01 	.word	0xffffbd01

100009ec <user_irq_claim_unused>:
100009ec:	b510      	push	{r4, lr}
100009ee:	4b08      	ldr	r3, [pc, #32]	@ (10000a10 <user_irq_claim_unused+0x24>)
100009f0:	4c08      	ldr	r4, [pc, #32]	@ (10000a14 <user_irq_claim_unused+0x28>)
100009f2:	b082      	sub	sp, #8
100009f4:	0001      	movs	r1, r0
100009f6:	9300      	str	r3, [sp, #0]
100009f8:	2200      	movs	r2, #0
100009fa:	2305      	movs	r3, #5
100009fc:	0020      	movs	r0, r4
100009fe:	f7ff fdbd 	bl	1000057c <hw_claim_unused_from_range>
10000a02:	2800      	cmp	r0, #0
10000a04:	db01      	blt.n	10000a0a <user_irq_claim_unused+0x1e>
10000a06:	231f      	movs	r3, #31
10000a08:	1a18      	subs	r0, r3, r0
10000a0a:	b002      	add	sp, #8
10000a0c:	bd10      	pop	{r4, pc}
10000a0e:	46c0      	nop			@ (mov r8, r8)
10000a10:	100056e8 	.word	0x100056e8
10000a14:	20002681 	.word	0x20002681

10000a18 <lock_init>:
10000a18:	4b02      	ldr	r3, [pc, #8]	@ (10000a24 <lock_init+0xc>)
10000a1a:	469c      	mov	ip, r3
10000a1c:	4461      	add	r1, ip
10000a1e:	0089      	lsls	r1, r1, #2
10000a20:	6001      	str	r1, [r0, #0]
10000a22:	4770      	bx	lr
10000a24:	34000040 	.word	0x34000040

10000a28 <runtime_init_mutex>:
10000a28:	b570      	push	{r4, r5, r6, lr}
10000a2a:	4c11      	ldr	r4, [pc, #68]	@ (10000a70 <runtime_init_mutex+0x48>)
10000a2c:	4d11      	ldr	r5, [pc, #68]	@ (10000a74 <runtime_init_mutex+0x4c>)
10000a2e:	42ac      	cmp	r4, r5
10000a30:	d20f      	bcs.n	10000a52 <runtime_init_mutex+0x2a>
10000a32:	26ff      	movs	r6, #255	@ 0xff
10000a34:	6823      	ldr	r3, [r4, #0]
10000a36:	2b00      	cmp	r3, #0
10000a38:	d00c      	beq.n	10000a54 <runtime_init_mutex+0x2c>
10000a3a:	f7ff fde3 	bl	10000604 <next_striped_spin_lock_num>
10000a3e:	0001      	movs	r1, r0
10000a40:	0020      	movs	r0, r4
10000a42:	f7ff ffe9 	bl	10000a18 <lock_init>
10000a46:	80a6      	strh	r6, [r4, #4]
10000a48:	f3bf 8f5f 	dmb	sy
10000a4c:	3408      	adds	r4, #8
10000a4e:	42ac      	cmp	r4, r5
10000a50:	d3f0      	bcc.n	10000a34 <runtime_init_mutex+0xc>
10000a52:	bd70      	pop	{r4, r5, r6, pc}
10000a54:	f7ff fdd6 	bl	10000604 <next_striped_spin_lock_num>
10000a58:	0001      	movs	r1, r0
10000a5a:	0020      	movs	r0, r4
10000a5c:	f7ff ffdc 	bl	10000a18 <lock_init>
10000a60:	7126      	strb	r6, [r4, #4]
10000a62:	f3bf 8f5f 	dmb	sy
10000a66:	3408      	adds	r4, #8
10000a68:	42ac      	cmp	r4, r5
10000a6a:	d3e3      	bcc.n	10000a34 <runtime_init_mutex+0xc>
10000a6c:	e7f1      	b.n	10000a52 <runtime_init_mutex+0x2a>
10000a6e:	46c0      	nop			@ (mov r8, r8)
10000a70:	20001608 	.word	0x20001608
10000a74:	20001610 	.word	0x20001610

10000a78 <mutex_init>:
10000a78:	b510      	push	{r4, lr}
10000a7a:	0004      	movs	r4, r0
10000a7c:	f7ff fdc2 	bl	10000604 <next_striped_spin_lock_num>
10000a80:	0001      	movs	r1, r0
10000a82:	0020      	movs	r0, r4
10000a84:	f7ff ffc8 	bl	10000a18 <lock_init>
10000a88:	23ff      	movs	r3, #255	@ 0xff
10000a8a:	7123      	strb	r3, [r4, #4]
10000a8c:	f3bf 8f5f 	dmb	sy
10000a90:	bd10      	pop	{r4, pc}
10000a92:	46c0      	nop			@ (mov r8, r8)

10000a94 <critical_section_init>:
10000a94:	b510      	push	{r4, lr}
10000a96:	0004      	movs	r4, r0
10000a98:	2001      	movs	r0, #1
10000a9a:	f7ff fdbf 	bl	1000061c <spin_lock_claim_unused>
10000a9e:	4b03      	ldr	r3, [pc, #12]	@ (10000aac <critical_section_init+0x18>)
10000aa0:	18c3      	adds	r3, r0, r3
10000aa2:	009b      	lsls	r3, r3, #2
10000aa4:	6023      	str	r3, [r4, #0]
10000aa6:	f3bf 8f5f 	dmb	sy
10000aaa:	bd10      	pop	{r4, pc}
10000aac:	34000040 	.word	0x34000040

10000ab0 <critical_section_init_with_lock_num>:
10000ab0:	4b03      	ldr	r3, [pc, #12]	@ (10000ac0 <critical_section_init_with_lock_num+0x10>)
10000ab2:	469c      	mov	ip, r3
10000ab4:	4461      	add	r1, ip
10000ab6:	0089      	lsls	r1, r1, #2
10000ab8:	6001      	str	r1, [r0, #0]
10000aba:	f3bf 8f5f 	dmb	sy
10000abe:	4770      	bx	lr
10000ac0:	34000040 	.word	0x34000040

10000ac4 <sleep_until_callback>:
10000ac4:	4b0a      	ldr	r3, [pc, #40]	@ (10000af0 <sleep_until_callback+0x2c>)
10000ac6:	6819      	ldr	r1, [r3, #0]
10000ac8:	f3ef 8010 	mrs	r0, PRIMASK
10000acc:	b672      	cpsid	i
10000ace:	680a      	ldr	r2, [r1, #0]
10000ad0:	2a00      	cmp	r2, #0
10000ad2:	d0fc      	beq.n	10000ace <sleep_until_callback+0xa>
10000ad4:	f3bf 8f5f 	dmb	sy
10000ad8:	681b      	ldr	r3, [r3, #0]
10000ada:	f3bf 8f5f 	dmb	sy
10000ade:	2200      	movs	r2, #0
10000ae0:	601a      	str	r2, [r3, #0]
10000ae2:	f380 8810 	msr	PRIMASK, r0
10000ae6:	bf40      	sev
10000ae8:	2000      	movs	r0, #0
10000aea:	2100      	movs	r1, #0
10000aec:	4770      	bx	lr
10000aee:	46c0      	nop			@ (mov r8, r8)
10000af0:	2000265c 	.word	0x2000265c

10000af4 <alarm_pool_irq_handler>:
10000af4:	b5f0      	push	{r4, r5, r6, r7, lr}
10000af6:	46de      	mov	lr, fp
10000af8:	4657      	mov	r7, sl
10000afa:	464e      	mov	r6, r9
10000afc:	4645      	mov	r5, r8
10000afe:	b5e0      	push	{r5, r6, r7, lr}
10000b00:	b087      	sub	sp, #28
10000b02:	f3ef 8305 	mrs	r3, IPSR
10000b06:	2203      	movs	r2, #3
10000b08:	2501      	movs	r5, #1
10000b0a:	401a      	ands	r2, r3
10000b0c:	4095      	lsls	r5, r2
10000b0e:	0091      	lsls	r1, r2, #2
10000b10:	4688      	mov	r8, r1
10000b12:	46a9      	mov	r9, r5
10000b14:	4bb3      	ldr	r3, [pc, #716]	@ (10000de4 <alarm_pool_irq_handler+0x2f0>)
10000b16:	9203      	str	r2, [sp, #12]
10000b18:	585c      	ldr	r4, [r3, r1]
10000b1a:	4bb3      	ldr	r3, [pc, #716]	@ (10000de8 <alarm_pool_irq_handler+0x2f4>)
10000b1c:	601d      	str	r5, [r3, #0]
10000b1e:	4bb3      	ldr	r3, [pc, #716]	@ (10000dec <alarm_pool_irq_handler+0x2f8>)
10000b20:	9304      	str	r3, [sp, #16]
10000b22:	464b      	mov	r3, r9
10000b24:	48b2      	ldr	r0, [pc, #712]	@ (10000df0 <alarm_pool_irq_handler+0x2fc>)
10000b26:	6343      	str	r3, [r0, #52]	@ 0x34
10000b28:	2308      	movs	r3, #8
10000b2a:	5ee5      	ldrsh	r5, [r4, r3]
10000b2c:	2d00      	cmp	r5, #0
10000b2e:	da37      	bge.n	10000ba0 <alarm_pool_irq_handler+0xac>
10000b30:	88a3      	ldrh	r3, [r4, #4]
10000b32:	b21b      	sxth	r3, r3
10000b34:	2b00      	cmp	r3, #0
10000b36:	db00      	blt.n	10000b3a <alarm_pool_irq_handler+0x46>
10000b38:	e0ad      	b.n	10000c96 <alarm_pool_irq_handler+0x1a2>
10000b3a:	79a3      	ldrb	r3, [r4, #6]
10000b3c:	2b00      	cmp	r3, #0
10000b3e:	d000      	beq.n	10000b42 <alarm_pool_irq_handler+0x4e>
10000b40:	e0ee      	b.n	10000d20 <alarm_pool_irq_handler+0x22c>
10000b42:	2308      	movs	r3, #8
10000b44:	5ee0      	ldrsh	r0, [r4, r3]
10000b46:	2800      	cmp	r0, #0
10000b48:	db20      	blt.n	10000b8c <alarm_pool_irq_handler+0x98>
10000b4a:	0043      	lsls	r3, r0, #1
10000b4c:	6962      	ldr	r2, [r4, #20]
10000b4e:	181b      	adds	r3, r3, r0
10000b50:	00db      	lsls	r3, r3, #3
10000b52:	18d3      	adds	r3, r2, r3
10000b54:	689e      	ldr	r6, [r3, #8]
10000b56:	68dd      	ldr	r5, [r3, #12]
10000b58:	1c73      	adds	r3, r6, #1
10000b5a:	d100      	bne.n	10000b5e <alarm_pool_irq_handler+0x6a>
10000b5c:	e111      	b.n	10000d82 <alarm_pool_irq_handler+0x28e>
10000b5e:	48a4      	ldr	r0, [pc, #656]	@ (10000df0 <alarm_pool_irq_handler+0x2fc>)
10000b60:	0001      	movs	r1, r0
10000b62:	4441      	add	r1, r8
10000b64:	6a82      	ldr	r2, [r0, #40]	@ 0x28
10000b66:	690b      	ldr	r3, [r1, #16]
10000b68:	1ab7      	subs	r7, r6, r2
10000b6a:	1a9b      	subs	r3, r3, r2
10000b6c:	429f      	cmp	r7, r3
10000b6e:	d315      	bcc.n	10000b9c <alarm_pool_irq_handler+0xa8>
10000b70:	2301      	movs	r3, #1
10000b72:	6a02      	ldr	r2, [r0, #32]
10000b74:	9803      	ldr	r0, [sp, #12]
10000b76:	4083      	lsls	r3, r0
10000b78:	421a      	tst	r2, r3
10000b7a:	d00f      	beq.n	10000b9c <alarm_pool_irq_handler+0xa8>
10000b7c:	489c      	ldr	r0, [pc, #624]	@ (10000df0 <alarm_pool_irq_handler+0x2fc>)
10000b7e:	f000 fbb5 	bl	100012ec <timer_time_us_64>
10000b82:	428d      	cmp	r5, r1
10000b84:	dc02      	bgt.n	10000b8c <alarm_pool_irq_handler+0x98>
10000b86:	d1cc      	bne.n	10000b22 <alarm_pool_irq_handler+0x2e>
10000b88:	4286      	cmp	r6, r0
10000b8a:	d9ca      	bls.n	10000b22 <alarm_pool_irq_handler+0x2e>
10000b8c:	bf40      	sev
10000b8e:	b007      	add	sp, #28
10000b90:	bcf0      	pop	{r4, r5, r6, r7}
10000b92:	46bb      	mov	fp, r7
10000b94:	46b2      	mov	sl, r6
10000b96:	46a9      	mov	r9, r5
10000b98:	46a0      	mov	r8, r4
10000b9a:	bdf0      	pop	{r4, r5, r6, r7, pc}
10000b9c:	610e      	str	r6, [r1, #16]
10000b9e:	e7ed      	b.n	10000b7c <alarm_pool_irq_handler+0x88>
10000ba0:	6962      	ldr	r2, [r4, #20]
10000ba2:	006b      	lsls	r3, r5, #1
10000ba4:	4692      	mov	sl, r2
10000ba6:	195b      	adds	r3, r3, r5
10000ba8:	00db      	lsls	r3, r3, #3
10000baa:	449a      	add	sl, r3
10000bac:	4653      	mov	r3, sl
10000bae:	689e      	ldr	r6, [r3, #8]
10000bb0:	68df      	ldr	r7, [r3, #12]
10000bb2:	f000 fb9b 	bl	100012ec <timer_time_us_64>
10000bb6:	428f      	cmp	r7, r1
10000bb8:	dcba      	bgt.n	10000b30 <alarm_pool_irq_handler+0x3c>
10000bba:	d100      	bne.n	10000bbe <alarm_pool_irq_handler+0xca>
10000bbc:	e103      	b.n	10000dc6 <alarm_pool_irq_handler+0x2d2>
10000bbe:	2f00      	cmp	r7, #0
10000bc0:	da00      	bge.n	10000bc4 <alarm_pool_irq_handler+0xd0>
10000bc2:	e0e8      	b.n	10000d96 <alarm_pool_irq_handler+0x2a2>
10000bc4:	4652      	mov	r2, sl
10000bc6:	4653      	mov	r3, sl
10000bc8:	6952      	ldr	r2, [r2, #20]
10000bca:	691b      	ldr	r3, [r3, #16]
10000bcc:	4693      	mov	fp, r2
10000bce:	9a04      	ldr	r2, [sp, #16]
10000bd0:	4293      	cmp	r3, r2
10000bd2:	d100      	bne.n	10000bd6 <alarm_pool_irq_handler+0xe2>
10000bd4:	e0d9      	b.n	10000d8a <alarm_pool_irq_handler+0x296>
10000bd6:	4652      	mov	r2, sl
10000bd8:	2108      	movs	r1, #8
10000bda:	5e60      	ldrsh	r0, [r4, r1]
10000bdc:	8852      	ldrh	r2, [r2, #2]
10000bde:	0400      	lsls	r0, r0, #16
10000be0:	4659      	mov	r1, fp
10000be2:	4310      	orrs	r0, r2
10000be4:	4798      	blx	r3
10000be6:	9000      	str	r0, [sp, #0]
10000be8:	9101      	str	r1, [sp, #4]
10000bea:	9900      	ldr	r1, [sp, #0]
10000bec:	9a01      	ldr	r2, [sp, #4]
10000bee:	000b      	movs	r3, r1
10000bf0:	0010      	movs	r0, r2
10000bf2:	4313      	orrs	r3, r2
10000bf4:	d100      	bne.n	10000bf8 <alarm_pool_irq_handler+0x104>
10000bf6:	e0ce      	b.n	10000d96 <alarm_pool_irq_handler+0x2a2>
10000bf8:	0013      	movs	r3, r2
10000bfa:	000a      	movs	r2, r1
10000bfc:	1ab6      	subs	r6, r6, r2
10000bfe:	419f      	sbcs	r7, r3
10000c00:	2800      	cmp	r0, #0
10000c02:	db06      	blt.n	10000c12 <alarm_pool_irq_handler+0x11e>
10000c04:	487a      	ldr	r0, [pc, #488]	@ (10000df0 <alarm_pool_irq_handler+0x2fc>)
10000c06:	f000 fb71 	bl	100012ec <timer_time_us_64>
10000c0a:	9e00      	ldr	r6, [sp, #0]
10000c0c:	9f01      	ldr	r7, [sp, #4]
10000c0e:	1836      	adds	r6, r6, r0
10000c10:	414f      	adcs	r7, r1
10000c12:	4653      	mov	r3, sl
10000c14:	609e      	str	r6, [r3, #8]
10000c16:	60df      	str	r7, [r3, #12]
10000c18:	2200      	movs	r2, #0
10000c1a:	5e9a      	ldrsh	r2, [r3, r2]
10000c1c:	2a00      	cmp	r2, #0
10000c1e:	da00      	bge.n	10000c22 <alarm_pool_irq_handler+0x12e>
10000c20:	e786      	b.n	10000b30 <alarm_pool_irq_handler+0x3c>
10000c22:	0053      	lsls	r3, r2, #1
10000c24:	1899      	adds	r1, r3, r2
10000c26:	6960      	ldr	r0, [r4, #20]
10000c28:	00c9      	lsls	r1, r1, #3
10000c2a:	1841      	adds	r1, r0, r1
10000c2c:	9302      	str	r3, [sp, #8]
10000c2e:	688b      	ldr	r3, [r1, #8]
10000c30:	68c9      	ldr	r1, [r1, #12]
10000c32:	469b      	mov	fp, r3
10000c34:	42b9      	cmp	r1, r7
10000c36:	dd00      	ble.n	10000c3a <alarm_pool_irq_handler+0x146>
10000c38:	e77a      	b.n	10000b30 <alarm_pool_irq_handler+0x3c>
10000c3a:	d102      	bne.n	10000c42 <alarm_pool_irq_handler+0x14e>
10000c3c:	42b3      	cmp	r3, r6
10000c3e:	d900      	bls.n	10000c42 <alarm_pool_irq_handler+0x14e>
10000c40:	e776      	b.n	10000b30 <alarm_pool_irq_handler+0x3c>
10000c42:	2308      	movs	r3, #8
10000c44:	469c      	mov	ip, r3
10000c46:	44a4      	add	ip, r4
10000c48:	9505      	str	r5, [sp, #20]
10000c4a:	4665      	mov	r5, ip
10000c4c:	8122      	strh	r2, [r4, #8]
10000c4e:	46a4      	mov	ip, r4
10000c50:	9b02      	ldr	r3, [sp, #8]
10000c52:	002c      	movs	r4, r5
10000c54:	e006      	b.n	10000c64 <alarm_pool_irq_handler+0x170>
10000c56:	0053      	lsls	r3, r2, #1
10000c58:	1899      	adds	r1, r3, r2
10000c5a:	00c9      	lsls	r1, r1, #3
10000c5c:	1841      	adds	r1, r0, r1
10000c5e:	688d      	ldr	r5, [r1, #8]
10000c60:	68c9      	ldr	r1, [r1, #12]
10000c62:	46ab      	mov	fp, r5
10000c64:	189b      	adds	r3, r3, r2
10000c66:	00db      	lsls	r3, r3, #3
10000c68:	18c3      	adds	r3, r0, r3
10000c6a:	42b9      	cmp	r1, r7
10000c6c:	dc06      	bgt.n	10000c7c <alarm_pool_irq_handler+0x188>
10000c6e:	d100      	bne.n	10000c72 <alarm_pool_irq_handler+0x17e>
10000c70:	e0b3      	b.n	10000dda <alarm_pool_irq_handler+0x2e6>
10000c72:	001c      	movs	r4, r3
10000c74:	2300      	movs	r3, #0
10000c76:	5ee2      	ldrsh	r2, [r4, r3]
10000c78:	2a00      	cmp	r2, #0
10000c7a:	daec      	bge.n	10000c56 <alarm_pool_irq_handler+0x162>
10000c7c:	0023      	movs	r3, r4
10000c7e:	4664      	mov	r4, ip
10000c80:	469c      	mov	ip, r3
10000c82:	4653      	mov	r3, sl
10000c84:	801a      	strh	r2, [r3, #0]
10000c86:	4663      	mov	r3, ip
10000c88:	9d05      	ldr	r5, [sp, #20]
10000c8a:	801d      	strh	r5, [r3, #0]
10000c8c:	88a3      	ldrh	r3, [r4, #4]
10000c8e:	b21b      	sxth	r3, r3
10000c90:	2b00      	cmp	r3, #0
10000c92:	da00      	bge.n	10000c96 <alarm_pool_irq_handler+0x1a2>
10000c94:	e751      	b.n	10000b3a <alarm_pool_irq_handler+0x46>
10000c96:	6922      	ldr	r2, [r4, #16]
10000c98:	f3ef 8110 	mrs	r1, PRIMASK
10000c9c:	b672      	cpsid	i
10000c9e:	6813      	ldr	r3, [r2, #0]
10000ca0:	2b00      	cmp	r3, #0
10000ca2:	d0fc      	beq.n	10000c9e <alarm_pool_irq_handler+0x1aa>
10000ca4:	f3bf 8f5f 	dmb	sy
10000ca8:	2301      	movs	r3, #1
10000caa:	88a7      	ldrh	r7, [r4, #4]
10000cac:	425b      	negs	r3, r3
10000cae:	80a3      	strh	r3, [r4, #4]
10000cb0:	b23f      	sxth	r7, r7
10000cb2:	6923      	ldr	r3, [r4, #16]
10000cb4:	f3bf 8f5f 	dmb	sy
10000cb8:	2200      	movs	r2, #0
10000cba:	601a      	str	r2, [r3, #0]
10000cbc:	f381 8810 	msr	PRIMASK, r1
10000cc0:	2f00      	cmp	r7, #0
10000cc2:	da00      	bge.n	10000cc6 <alarm_pool_irq_handler+0x1d2>
10000cc4:	e739      	b.n	10000b3a <alarm_pool_irq_handler+0x46>
10000cc6:	0023      	movs	r3, r4
10000cc8:	3308      	adds	r3, #8
10000cca:	0022      	movs	r2, r4
10000ccc:	469a      	mov	sl, r3
10000cce:	6966      	ldr	r6, [r4, #20]
10000cd0:	007b      	lsls	r3, r7, #1
10000cd2:	19db      	adds	r3, r3, r7
10000cd4:	00db      	lsls	r3, r3, #3
10000cd6:	18f3      	adds	r3, r6, r3
10000cd8:	6899      	ldr	r1, [r3, #8]
10000cda:	4650      	mov	r0, sl
10000cdc:	468c      	mov	ip, r1
10000cde:	2408      	movs	r4, #8
10000ce0:	5f11      	ldrsh	r1, [r2, r4]
10000ce2:	68dd      	ldr	r5, [r3, #12]
10000ce4:	2900      	cmp	r1, #0
10000ce6:	db10      	blt.n	10000d0a <alarm_pool_irq_handler+0x216>
10000ce8:	9302      	str	r3, [sp, #8]
10000cea:	e006      	b.n	10000cfa <alarm_pool_irq_handler+0x206>
10000cec:	42ab      	cmp	r3, r5
10000cee:	d044      	beq.n	10000d7a <alarm_pool_irq_handler+0x286>
10000cf0:	2300      	movs	r3, #0
10000cf2:	5ee1      	ldrsh	r1, [r4, r3]
10000cf4:	0020      	movs	r0, r4
10000cf6:	2900      	cmp	r1, #0
10000cf8:	db06      	blt.n	10000d08 <alarm_pool_irq_handler+0x214>
10000cfa:	004c      	lsls	r4, r1, #1
10000cfc:	1864      	adds	r4, r4, r1
10000cfe:	00e4      	lsls	r4, r4, #3
10000d00:	1934      	adds	r4, r6, r4
10000d02:	68e3      	ldr	r3, [r4, #12]
10000d04:	42ab      	cmp	r3, r5
10000d06:	ddf1      	ble.n	10000cec <alarm_pool_irq_handler+0x1f8>
10000d08:	9b02      	ldr	r3, [sp, #8]
10000d0a:	8007      	strh	r7, [r0, #0]
10000d0c:	2000      	movs	r0, #0
10000d0e:	5e1f      	ldrsh	r7, [r3, r0]
10000d10:	8019      	strh	r1, [r3, #0]
10000d12:	2f00      	cmp	r7, #0
10000d14:	dadc      	bge.n	10000cd0 <alarm_pool_irq_handler+0x1dc>
10000d16:	0014      	movs	r4, r2
10000d18:	79a3      	ldrb	r3, [r4, #6]
10000d1a:	2b00      	cmp	r3, #0
10000d1c:	d100      	bne.n	10000d20 <alarm_pool_irq_handler+0x22c>
10000d1e:	e710      	b.n	10000b42 <alarm_pool_irq_handler+0x4e>
10000d20:	2300      	movs	r3, #0
10000d22:	71a3      	strb	r3, [r4, #6]
10000d24:	0026      	movs	r6, r4
10000d26:	2308      	movs	r3, #8
10000d28:	5ee1      	ldrsh	r1, [r4, r3]
10000d2a:	3608      	adds	r6, #8
10000d2c:	1c4b      	adds	r3, r1, #1
10000d2e:	d100      	bne.n	10000d32 <alarm_pool_irq_handler+0x23e>
10000d30:	e72c      	b.n	10000b8c <alarm_pool_irq_handler+0x98>
10000d32:	0008      	movs	r0, r1
10000d34:	46a2      	mov	sl, r4
10000d36:	6965      	ldr	r5, [r4, #20]
10000d38:	e002      	b.n	10000d40 <alarm_pool_irq_handler+0x24c>
10000d3a:	003e      	movs	r6, r7
10000d3c:	1c4b      	adds	r3, r1, #1
10000d3e:	d01a      	beq.n	10000d76 <alarm_pool_irq_handler+0x282>
10000d40:	004b      	lsls	r3, r1, #1
10000d42:	185b      	adds	r3, r3, r1
10000d44:	00db      	lsls	r3, r3, #3
10000d46:	18ef      	adds	r7, r5, r3
10000d48:	000a      	movs	r2, r1
10000d4a:	468c      	mov	ip, r1
10000d4c:	5ee9      	ldrsh	r1, [r5, r3]
10000d4e:	887b      	ldrh	r3, [r7, #2]
10000d50:	b21b      	sxth	r3, r3
10000d52:	2b00      	cmp	r3, #0
10000d54:	daf1      	bge.n	10000d3a <alarm_pool_irq_handler+0x246>
10000d56:	2301      	movs	r3, #1
10000d58:	425b      	negs	r3, r3
10000d5a:	17dc      	asrs	r4, r3, #31
10000d5c:	60bb      	str	r3, [r7, #8]
10000d5e:	60fc      	str	r4, [r7, #12]
10000d60:	4282      	cmp	r2, r0
10000d62:	d005      	beq.n	10000d70 <alarm_pool_irq_handler+0x27c>
10000d64:	4653      	mov	r3, sl
10000d66:	8031      	strh	r1, [r6, #0]
10000d68:	891b      	ldrh	r3, [r3, #8]
10000d6a:	803b      	strh	r3, [r7, #0]
10000d6c:	4653      	mov	r3, sl
10000d6e:	811a      	strh	r2, [r3, #8]
10000d70:	4660      	mov	r0, ip
10000d72:	1c4b      	adds	r3, r1, #1
10000d74:	d1e4      	bne.n	10000d40 <alarm_pool_irq_handler+0x24c>
10000d76:	4654      	mov	r4, sl
10000d78:	e6e5      	b.n	10000b46 <alarm_pool_irq_handler+0x52>
10000d7a:	68a3      	ldr	r3, [r4, #8]
10000d7c:	4563      	cmp	r3, ip
10000d7e:	d9b7      	bls.n	10000cf0 <alarm_pool_irq_handler+0x1fc>
10000d80:	e7c2      	b.n	10000d08 <alarm_pool_irq_handler+0x214>
10000d82:	1c6b      	adds	r3, r5, #1
10000d84:	d000      	beq.n	10000d88 <alarm_pool_irq_handler+0x294>
10000d86:	e6ea      	b.n	10000b5e <alarm_pool_irq_handler+0x6a>
10000d88:	e6f8      	b.n	10000b7c <alarm_pool_irq_handler+0x88>
10000d8a:	465b      	mov	r3, fp
10000d8c:	4658      	mov	r0, fp
10000d8e:	691b      	ldr	r3, [r3, #16]
10000d90:	4798      	blx	r3
10000d92:	2800      	cmp	r0, #0
10000d94:	d11b      	bne.n	10000dce <alarm_pool_irq_handler+0x2da>
10000d96:	4653      	mov	r3, sl
10000d98:	881b      	ldrh	r3, [r3, #0]
10000d9a:	6922      	ldr	r2, [r4, #16]
10000d9c:	8123      	strh	r3, [r4, #8]
10000d9e:	f3ef 8310 	mrs	r3, PRIMASK
10000da2:	b672      	cpsid	i
10000da4:	6811      	ldr	r1, [r2, #0]
10000da6:	2900      	cmp	r1, #0
10000da8:	d0fc      	beq.n	10000da4 <alarm_pool_irq_handler+0x2b0>
10000daa:	f3bf 8f5f 	dmb	sy
10000dae:	4651      	mov	r1, sl
10000db0:	8862      	ldrh	r2, [r4, #2]
10000db2:	800a      	strh	r2, [r1, #0]
10000db4:	6922      	ldr	r2, [r4, #16]
10000db6:	8065      	strh	r5, [r4, #2]
10000db8:	f3bf 8f5f 	dmb	sy
10000dbc:	2100      	movs	r1, #0
10000dbe:	6011      	str	r1, [r2, #0]
10000dc0:	f383 8810 	msr	PRIMASK, r3
10000dc4:	e6b4      	b.n	10000b30 <alarm_pool_irq_handler+0x3c>
10000dc6:	4286      	cmp	r6, r0
10000dc8:	d800      	bhi.n	10000dcc <alarm_pool_irq_handler+0x2d8>
10000dca:	e6f8      	b.n	10000bbe <alarm_pool_irq_handler+0xca>
10000dcc:	e6b0      	b.n	10000b30 <alarm_pool_irq_handler+0x3c>
10000dce:	465b      	mov	r3, fp
10000dd0:	681a      	ldr	r2, [r3, #0]
10000dd2:	685b      	ldr	r3, [r3, #4]
10000dd4:	9200      	str	r2, [sp, #0]
10000dd6:	9301      	str	r3, [sp, #4]
10000dd8:	e707      	b.n	10000bea <alarm_pool_irq_handler+0xf6>
10000dda:	45b3      	cmp	fp, r6
10000ddc:	d800      	bhi.n	10000de0 <alarm_pool_irq_handler+0x2ec>
10000dde:	e748      	b.n	10000c72 <alarm_pool_irq_handler+0x17e>
10000de0:	e74c      	b.n	10000c7c <alarm_pool_irq_handler+0x188>
10000de2:	46c0      	nop			@ (mov r8, r8)
10000de4:	20002640 	.word	0x20002640
10000de8:	4005703c 	.word	0x4005703c
10000dec:	10000af5 	.word	0x10000af5
10000df0:	40054000 	.word	0x40054000

10000df4 <runtime_init_default_alarm_pool>:
10000df4:	b570      	push	{r4, r5, r6, lr}
10000df6:	4c2e      	ldr	r4, [pc, #184]	@ (10000eb0 <runtime_init_default_alarm_pool+0xbc>)
10000df8:	6925      	ldr	r5, [r4, #16]
10000dfa:	2d00      	cmp	r5, #0
10000dfc:	d004      	beq.n	10000e08 <runtime_init_default_alarm_pool+0x14>
10000dfe:	210a      	movs	r1, #10
10000e00:	482c      	ldr	r0, [pc, #176]	@ (10000eb4 <runtime_init_default_alarm_pool+0xc0>)
10000e02:	f7ff fe09 	bl	10000a18 <lock_init>
10000e06:	bd70      	pop	{r4, r5, r6, pc}
10000e08:	4e2b      	ldr	r6, [pc, #172]	@ (10000eb8 <runtime_init_default_alarm_pool+0xc4>)
10000e0a:	2103      	movs	r1, #3
10000e0c:	0030      	movs	r0, r6
10000e0e:	f000 fa63 	bl	100012d8 <timer_hardware_alarm_claim>
10000e12:	60e6      	str	r6, [r4, #12]
10000e14:	f7ff fbf6 	bl	10000604 <next_striped_spin_lock_num>
10000e18:	4b28      	ldr	r3, [pc, #160]	@ (10000ebc <runtime_init_default_alarm_pool+0xc8>)
10000e1a:	2203      	movs	r2, #3
10000e1c:	469c      	mov	ip, r3
10000e1e:	23d0      	movs	r3, #208	@ 0xd0
10000e20:	7022      	strb	r2, [r4, #0]
10000e22:	061b      	lsls	r3, r3, #24
10000e24:	681b      	ldr	r3, [r3, #0]
10000e26:	2101      	movs	r1, #1
10000e28:	7063      	strb	r3, [r4, #1]
10000e2a:	4b25      	ldr	r3, [pc, #148]	@ (10000ec0 <runtime_init_default_alarm_pool+0xcc>)
10000e2c:	4460      	add	r0, ip
10000e2e:	60a3      	str	r3, [r4, #8]
10000e30:	230f      	movs	r3, #15
10000e32:	0080      	lsls	r0, r0, #2
10000e34:	6120      	str	r0, [r4, #16]
10000e36:	2002      	movs	r0, #2
10000e38:	8063      	strh	r3, [r4, #2]
10000e3a:	6963      	ldr	r3, [r4, #20]
10000e3c:	4249      	negs	r1, r1
10000e3e:	80a1      	strh	r1, [r4, #4]
10000e40:	8019      	strh	r1, [r3, #0]
10000e42:	3102      	adds	r1, #2
10000e44:	8619      	strh	r1, [r3, #48]	@ 0x30
10000e46:	3147      	adds	r1, #71	@ 0x47
10000e48:	831d      	strh	r5, [r3, #24]
10000e4a:	5258      	strh	r0, [r3, r1]
10000e4c:	3118      	adds	r1, #24
10000e4e:	525a      	strh	r2, [r3, r1]
10000e50:	3275      	adds	r2, #117	@ 0x75
10000e52:	395c      	subs	r1, #92	@ 0x5c
10000e54:	5299      	strh	r1, [r3, r2]
10000e56:	3218      	adds	r2, #24
10000e58:	3101      	adds	r1, #1
10000e5a:	5299      	strh	r1, [r3, r2]
10000e5c:	3218      	adds	r2, #24
10000e5e:	3101      	adds	r1, #1
10000e60:	5299      	strh	r1, [r3, r2]
10000e62:	3218      	adds	r2, #24
10000e64:	3101      	adds	r1, #1
10000e66:	5299      	strh	r1, [r3, r2]
10000e68:	3508      	adds	r5, #8
10000e6a:	3218      	adds	r2, #24
10000e6c:	529d      	strh	r5, [r3, r2]
10000e6e:	3102      	adds	r1, #2
10000e70:	3218      	adds	r2, #24
10000e72:	5299      	strh	r1, [r3, r2]
10000e74:	3218      	adds	r2, #24
10000e76:	3101      	adds	r1, #1
10000e78:	5299      	strh	r1, [r3, r2]
10000e7a:	3218      	adds	r2, #24
10000e7c:	3101      	adds	r1, #1
10000e7e:	5299      	strh	r1, [r3, r2]
10000e80:	3218      	adds	r2, #24
10000e82:	3101      	adds	r1, #1
10000e84:	5299      	strh	r1, [r3, r2]
10000e86:	3218      	adds	r2, #24
10000e88:	3101      	adds	r1, #1
10000e8a:	5299      	strh	r1, [r3, r2]
10000e8c:	3218      	adds	r2, #24
10000e8e:	3101      	adds	r1, #1
10000e90:	5299      	strh	r1, [r3, r2]
10000e92:	4b0c      	ldr	r3, [pc, #48]	@ (10000ec4 <runtime_init_default_alarm_pool+0xd0>)
10000e94:	490c      	ldr	r1, [pc, #48]	@ (10000ec8 <runtime_init_default_alarm_pool+0xd4>)
10000e96:	60dc      	str	r4, [r3, #12]
10000e98:	3001      	adds	r0, #1
10000e9a:	6235      	str	r5, [r6, #32]
10000e9c:	f7ff fc28 	bl	100006f0 <irq_set_exclusive_handler>
10000ea0:	2101      	movs	r1, #1
10000ea2:	2003      	movs	r0, #3
10000ea4:	f7ff fbec 	bl	10000680 <irq_set_enabled>
10000ea8:	4b08      	ldr	r3, [pc, #32]	@ (10000ecc <runtime_init_default_alarm_pool+0xd8>)
10000eaa:	601d      	str	r5, [r3, #0]
10000eac:	e7a7      	b.n	10000dfe <runtime_init_default_alarm_pool+0xa>
10000eae:	46c0      	nop			@ (mov r8, r8)
10000eb0:	2000102c 	.word	0x2000102c
10000eb4:	2000265c 	.word	0x2000265c
10000eb8:	40054000 	.word	0x40054000
10000ebc:	34000040 	.word	0x34000040
10000ec0:	0010ffff 	.word	0x0010ffff
10000ec4:	20002640 	.word	0x20002640
10000ec8:	10000af5 	.word	0x10000af5
10000ecc:	40056038 	.word	0x40056038

10000ed0 <alarm_pool_get_default>:
10000ed0:	4800      	ldr	r0, [pc, #0]	@ (10000ed4 <alarm_pool_get_default+0x4>)
10000ed2:	4770      	bx	lr
10000ed4:	2000102c 	.word	0x2000102c

10000ed8 <alarm_pool_add_alarm_at>:
10000ed8:	b5f8      	push	{r3, r4, r5, r6, r7, lr}
10000eda:	001f      	movs	r7, r3
10000edc:	ab08      	add	r3, sp, #32
10000ede:	781b      	ldrb	r3, [r3, #0]
10000ee0:	0004      	movs	r4, r0
10000ee2:	0016      	movs	r6, r2
10000ee4:	2b00      	cmp	r3, #0
10000ee6:	d108      	bne.n	10000efa <alarm_pool_add_alarm_at+0x22>
10000ee8:	f000 fa08 	bl	100012fc <time_us_64>
10000eec:	0032      	movs	r2, r6
10000eee:	003b      	movs	r3, r7
10000ef0:	1a12      	subs	r2, r2, r0
10000ef2:	418b      	sbcs	r3, r1
10000ef4:	2b00      	cmp	r3, #0
10000ef6:	da00      	bge.n	10000efa <alarm_pool_add_alarm_at+0x22>
10000ef8:	e052      	b.n	10000fa0 <alarm_pool_add_alarm_at+0xc8>
10000efa:	6922      	ldr	r2, [r4, #16]
10000efc:	f3ef 8010 	mrs	r0, PRIMASK
10000f00:	b672      	cpsid	i
10000f02:	6813      	ldr	r3, [r2, #0]
10000f04:	2b00      	cmp	r3, #0
10000f06:	d0fc      	beq.n	10000f02 <alarm_pool_add_alarm_at+0x2a>
10000f08:	f3bf 8f5f 	dmb	sy
10000f0c:	2302      	movs	r3, #2
10000f0e:	5ee1      	ldrsh	r1, [r4, r3]
10000f10:	6963      	ldr	r3, [r4, #20]
10000f12:	004a      	lsls	r2, r1, #1
10000f14:	1852      	adds	r2, r2, r1
10000f16:	00d2      	lsls	r2, r2, #3
10000f18:	189b      	adds	r3, r3, r2
10000f1a:	6922      	ldr	r2, [r4, #16]
10000f1c:	2900      	cmp	r1, #0
10000f1e:	db36      	blt.n	10000f8e <alarm_pool_add_alarm_at+0xb6>
10000f20:	881d      	ldrh	r5, [r3, #0]
10000f22:	8065      	strh	r5, [r4, #2]
10000f24:	f3bf 8f5f 	dmb	sy
10000f28:	2500      	movs	r5, #0
10000f2a:	6015      	str	r5, [r2, #0]
10000f2c:	f380 8810 	msr	PRIMASK, r0
10000f30:	9a06      	ldr	r2, [sp, #24]
10000f32:	609e      	str	r6, [r3, #8]
10000f34:	60df      	str	r7, [r3, #12]
10000f36:	611a      	str	r2, [r3, #16]
10000f38:	9a07      	ldr	r2, [sp, #28]
10000f3a:	615a      	str	r2, [r3, #20]
10000f3c:	885a      	ldrh	r2, [r3, #2]
10000f3e:	3201      	adds	r2, #1
10000f40:	0452      	lsls	r2, r2, #17
10000f42:	0c52      	lsrs	r2, r2, #17
10000f44:	1c10      	adds	r0, r2, #0
10000f46:	2a00      	cmp	r2, #0
10000f48:	d01f      	beq.n	10000f8a <alarm_pool_add_alarm_at+0xb2>
10000f4a:	b282      	uxth	r2, r0
10000f4c:	8058      	strh	r0, [r3, #2]
10000f4e:	0408      	lsls	r0, r1, #16
10000f50:	4310      	orrs	r0, r2
10000f52:	6926      	ldr	r6, [r4, #16]
10000f54:	f3ef 8710 	mrs	r7, PRIMASK
10000f58:	b672      	cpsid	i
10000f5a:	6832      	ldr	r2, [r6, #0]
10000f5c:	2a00      	cmp	r2, #0
10000f5e:	d0fc      	beq.n	10000f5a <alarm_pool_add_alarm_at+0x82>
10000f60:	f3bf 8f5f 	dmb	sy
10000f64:	88a2      	ldrh	r2, [r4, #4]
10000f66:	801a      	strh	r2, [r3, #0]
10000f68:	80a1      	strh	r1, [r4, #4]
10000f6a:	6923      	ldr	r3, [r4, #16]
10000f6c:	f3bf 8f5f 	dmb	sy
10000f70:	2200      	movs	r2, #0
10000f72:	601a      	str	r2, [r3, #0]
10000f74:	f387 8810 	msr	PRIMASK, r7
10000f78:	490a      	ldr	r1, [pc, #40]	@ (10000fa4 <alarm_pool_add_alarm_at+0xcc>)
10000f7a:	7823      	ldrb	r3, [r4, #0]
10000f7c:	468c      	mov	ip, r1
10000f7e:	3201      	adds	r2, #1
10000f80:	409a      	lsls	r2, r3
10000f82:	68e3      	ldr	r3, [r4, #12]
10000f84:	4463      	add	r3, ip
10000f86:	601a      	str	r2, [r3, #0]
10000f88:	bdf8      	pop	{r3, r4, r5, r6, r7, pc}
10000f8a:	2001      	movs	r0, #1
10000f8c:	e7dd      	b.n	10000f4a <alarm_pool_add_alarm_at+0x72>
10000f8e:	f3bf 8f5f 	dmb	sy
10000f92:	2300      	movs	r3, #0
10000f94:	6013      	str	r3, [r2, #0]
10000f96:	f380 8810 	msr	PRIMASK, r0
10000f9a:	2001      	movs	r0, #1
10000f9c:	4240      	negs	r0, r0
10000f9e:	e7f3      	b.n	10000f88 <alarm_pool_add_alarm_at+0xb0>
10000fa0:	2000      	movs	r0, #0
10000fa2:	e7f1      	b.n	10000f88 <alarm_pool_add_alarm_at+0xb0>
10000fa4:	0000203c 	.word	0x0000203c

10000fa8 <alarm_pool_add_alarm_at_force_in_context>:
10000fa8:	b570      	push	{r4, r5, r6, lr}
10000faa:	0001      	movs	r1, r0
10000fac:	6904      	ldr	r4, [r0, #16]
10000fae:	f3ef 8c10 	mrs	ip, PRIMASK
10000fb2:	b672      	cpsid	i
10000fb4:	6820      	ldr	r0, [r4, #0]
10000fb6:	2800      	cmp	r0, #0
10000fb8:	d0fc      	beq.n	10000fb4 <alarm_pool_add_alarm_at_force_in_context+0xc>
10000fba:	f3bf 8f5f 	dmb	sy
10000fbe:	2002      	movs	r0, #2
10000fc0:	5e0d      	ldrsh	r5, [r1, r0]
10000fc2:	694c      	ldr	r4, [r1, #20]
10000fc4:	0068      	lsls	r0, r5, #1
10000fc6:	1940      	adds	r0, r0, r5
10000fc8:	00c0      	lsls	r0, r0, #3
10000fca:	1824      	adds	r4, r4, r0
10000fcc:	6908      	ldr	r0, [r1, #16]
10000fce:	2d00      	cmp	r5, #0
10000fd0:	db36      	blt.n	10001040 <alarm_pool_add_alarm_at_force_in_context+0x98>
10000fd2:	8826      	ldrh	r6, [r4, #0]
10000fd4:	804e      	strh	r6, [r1, #2]
10000fd6:	f3bf 8f5f 	dmb	sy
10000fda:	2600      	movs	r6, #0
10000fdc:	6006      	str	r6, [r0, #0]
10000fde:	f38c 8810 	msr	PRIMASK, ip
10000fe2:	60e3      	str	r3, [r4, #12]
10000fe4:	8863      	ldrh	r3, [r4, #2]
10000fe6:	9804      	ldr	r0, [sp, #16]
10000fe8:	3301      	adds	r3, #1
10000fea:	6120      	str	r0, [r4, #16]
10000fec:	045b      	lsls	r3, r3, #17
10000fee:	9805      	ldr	r0, [sp, #20]
10000ff0:	0c5b      	lsrs	r3, r3, #17
10000ff2:	60a2      	str	r2, [r4, #8]
10000ff4:	6160      	str	r0, [r4, #20]
10000ff6:	1c1a      	adds	r2, r3, #0
10000ff8:	2b00      	cmp	r3, #0
10000ffa:	d01f      	beq.n	1000103c <alarm_pool_add_alarm_at_force_in_context+0x94>
10000ffc:	b293      	uxth	r3, r2
10000ffe:	0428      	lsls	r0, r5, #16
10001000:	8062      	strh	r2, [r4, #2]
10001002:	4318      	orrs	r0, r3
10001004:	690a      	ldr	r2, [r1, #16]
10001006:	f3ef 8c10 	mrs	ip, PRIMASK
1000100a:	b672      	cpsid	i
1000100c:	6813      	ldr	r3, [r2, #0]
1000100e:	2b00      	cmp	r3, #0
10001010:	d0fc      	beq.n	1000100c <alarm_pool_add_alarm_at_force_in_context+0x64>
10001012:	f3bf 8f5f 	dmb	sy
10001016:	888b      	ldrh	r3, [r1, #4]
10001018:	8023      	strh	r3, [r4, #0]
1000101a:	808d      	strh	r5, [r1, #4]
1000101c:	690b      	ldr	r3, [r1, #16]
1000101e:	f3bf 8f5f 	dmb	sy
10001022:	2200      	movs	r2, #0
10001024:	601a      	str	r2, [r3, #0]
10001026:	f38c 8810 	msr	PRIMASK, ip
1000102a:	780b      	ldrb	r3, [r1, #0]
1000102c:	3201      	adds	r2, #1
1000102e:	409a      	lsls	r2, r3
10001030:	68cb      	ldr	r3, [r1, #12]
10001032:	4908      	ldr	r1, [pc, #32]	@ (10001054 <alarm_pool_add_alarm_at_force_in_context+0xac>)
10001034:	468c      	mov	ip, r1
10001036:	4463      	add	r3, ip
10001038:	601a      	str	r2, [r3, #0]
1000103a:	bd70      	pop	{r4, r5, r6, pc}
1000103c:	2201      	movs	r2, #1
1000103e:	e7dd      	b.n	10000ffc <alarm_pool_add_alarm_at_force_in_context+0x54>
10001040:	f3bf 8f5f 	dmb	sy
10001044:	2300      	movs	r3, #0
10001046:	6003      	str	r3, [r0, #0]
10001048:	f38c 8810 	msr	PRIMASK, ip
1000104c:	2001      	movs	r0, #1
1000104e:	4240      	negs	r0, r0
10001050:	e7f3      	b.n	1000103a <alarm_pool_add_alarm_at_force_in_context+0x92>
10001052:	46c0      	nop			@ (mov r8, r8)
10001054:	0000203c 	.word	0x0000203c

10001058 <alarm_pool_cancel_alarm>:
10001058:	b510      	push	{r4, lr}
1000105a:	8943      	ldrh	r3, [r0, #10]
1000105c:	140a      	asrs	r2, r1, #16
1000105e:	4293      	cmp	r3, r2
10001060:	dd1a      	ble.n	10001098 <alarm_pool_cancel_alarm+0x40>
10001062:	0053      	lsls	r3, r2, #1
10001064:	189b      	adds	r3, r3, r2
10001066:	6942      	ldr	r2, [r0, #20]
10001068:	00db      	lsls	r3, r3, #3
1000106a:	18d3      	adds	r3, r2, r3
1000106c:	6904      	ldr	r4, [r0, #16]
1000106e:	f3ef 8c10 	mrs	ip, PRIMASK
10001072:	b672      	cpsid	i
10001074:	6822      	ldr	r2, [r4, #0]
10001076:	2a00      	cmp	r2, #0
10001078:	d0fc      	beq.n	10001074 <alarm_pool_cancel_alarm+0x1c>
1000107a:	f3bf 8f5f 	dmb	sy
1000107e:	885a      	ldrh	r2, [r3, #2]
10001080:	0409      	lsls	r1, r1, #16
10001082:	b294      	uxth	r4, r2
10001084:	0c09      	lsrs	r1, r1, #16
10001086:	428a      	cmp	r2, r1
10001088:	d008      	beq.n	1000109c <alarm_pool_cancel_alarm+0x44>
1000108a:	6903      	ldr	r3, [r0, #16]
1000108c:	f3bf 8f5f 	dmb	sy
10001090:	2200      	movs	r2, #0
10001092:	601a      	str	r2, [r3, #0]
10001094:	f38c 8810 	msr	PRIMASK, ip
10001098:	2000      	movs	r0, #0
1000109a:	bd10      	pop	{r4, pc}
1000109c:	2280      	movs	r2, #128	@ 0x80
1000109e:	0212      	lsls	r2, r2, #8
100010a0:	4314      	orrs	r4, r2
100010a2:	805c      	strh	r4, [r3, #2]
100010a4:	2301      	movs	r3, #1
100010a6:	6902      	ldr	r2, [r0, #16]
100010a8:	7183      	strb	r3, [r0, #6]
100010aa:	f3bf 8f5f 	dmb	sy
100010ae:	2100      	movs	r1, #0
100010b0:	6011      	str	r1, [r2, #0]
100010b2:	f38c 8810 	msr	PRIMASK, ip
100010b6:	4904      	ldr	r1, [pc, #16]	@ (100010c8 <alarm_pool_cancel_alarm+0x70>)
100010b8:	7802      	ldrb	r2, [r0, #0]
100010ba:	468c      	mov	ip, r1
100010bc:	4093      	lsls	r3, r2
100010be:	68c2      	ldr	r2, [r0, #12]
100010c0:	2001      	movs	r0, #1
100010c2:	4462      	add	r2, ip
100010c4:	6013      	str	r3, [r2, #0]
100010c6:	e7e8      	b.n	1000109a <alarm_pool_cancel_alarm+0x42>
100010c8:	0000203c 	.word	0x0000203c

100010cc <alarm_pool_core_num>:
100010cc:	7840      	ldrb	r0, [r0, #1]
100010ce:	4770      	bx	lr

100010d0 <sleep_ms>:
100010d0:	b5f0      	push	{r4, r5, r6, r7, lr}
100010d2:	46c6      	mov	lr, r8
100010d4:	b500      	push	{lr}
100010d6:	b082      	sub	sp, #8
100010d8:	0004      	movs	r4, r0
100010da:	f000 f90f 	bl	100012fc <time_us_64>
100010de:	22fa      	movs	r2, #250	@ 0xfa
100010e0:	0006      	movs	r6, r0
100010e2:	000f      	movs	r7, r1
100010e4:	0020      	movs	r0, r4
100010e6:	2300      	movs	r3, #0
100010e8:	2100      	movs	r1, #0
100010ea:	0092      	lsls	r2, r2, #2
100010ec:	f000 ff14 	bl	10001f18 <__wrap___aeabi_lmul>
100010f0:	1980      	adds	r0, r0, r6
100010f2:	4179      	adcs	r1, r7
100010f4:	0004      	movs	r4, r0
100010f6:	1e0d      	subs	r5, r1, #0
100010f8:	da02      	bge.n	10001100 <sleep_ms+0x30>
100010fa:	2401      	movs	r4, #1
100010fc:	4d2e      	ldr	r5, [pc, #184]	@ (100011b8 <sleep_ms+0xe8>)
100010fe:	4264      	negs	r4, r4
10001100:	2606      	movs	r6, #6
10001102:	4276      	negs	r6, r6
10001104:	17f7      	asrs	r7, r6, #31
10001106:	1936      	adds	r6, r6, r4
10001108:	416f      	adcs	r7, r5
1000110a:	42af      	cmp	r7, r5
1000110c:	d814      	bhi.n	10001138 <sleep_ms+0x68>
1000110e:	d011      	beq.n	10001134 <sleep_ms+0x64>
10001110:	f000 f8f4 	bl	100012fc <time_us_64>
10001114:	0032      	movs	r2, r6
10001116:	003b      	movs	r3, r7
10001118:	1a12      	subs	r2, r2, r0
1000111a:	418b      	sbcs	r3, r1
1000111c:	2b00      	cmp	r3, #0
1000111e:	dc15      	bgt.n	1000114c <sleep_ms+0x7c>
10001120:	2b00      	cmp	r3, #0
10001122:	d046      	beq.n	100011b2 <sleep_ms+0xe2>
10001124:	0020      	movs	r0, r4
10001126:	0029      	movs	r1, r5
10001128:	f000 f926 	bl	10001378 <busy_wait_until>
1000112c:	b002      	add	sp, #8
1000112e:	bc80      	pop	{r7}
10001130:	46b8      	mov	r8, r7
10001132:	bdf0      	pop	{r4, r5, r6, r7, pc}
10001134:	42a6      	cmp	r6, r4
10001136:	d9eb      	bls.n	10001110 <sleep_ms+0x40>
10001138:	2600      	movs	r6, #0
1000113a:	2700      	movs	r7, #0
1000113c:	f000 f8de 	bl	100012fc <time_us_64>
10001140:	0032      	movs	r2, r6
10001142:	003b      	movs	r3, r7
10001144:	1a12      	subs	r2, r2, r0
10001146:	418b      	sbcs	r3, r1
10001148:	2b00      	cmp	r3, #0
1000114a:	dde9      	ble.n	10001120 <sleep_ms+0x50>
1000114c:	f000 f8d6 	bl	100012fc <time_us_64>
10001150:	0032      	movs	r2, r6
10001152:	003b      	movs	r3, r7
10001154:	1a12      	subs	r2, r2, r0
10001156:	418b      	sbcs	r3, r1
10001158:	2b00      	cmp	r3, #0
1000115a:	db0a      	blt.n	10001172 <sleep_ms+0xa2>
1000115c:	2300      	movs	r3, #0
1000115e:	9301      	str	r3, [sp, #4]
10001160:	4b16      	ldr	r3, [pc, #88]	@ (100011bc <sleep_ms+0xec>)
10001162:	0032      	movs	r2, r6
10001164:	9300      	str	r3, [sp, #0]
10001166:	4816      	ldr	r0, [pc, #88]	@ (100011c0 <sleep_ms+0xf0>)
10001168:	003b      	movs	r3, r7
1000116a:	f7ff ff1d 	bl	10000fa8 <alarm_pool_add_alarm_at_force_in_context>
1000116e:	3001      	adds	r0, #1
10001170:	d0d8      	beq.n	10001124 <sleep_ms+0x54>
10001172:	2300      	movs	r3, #0
10001174:	0039      	movs	r1, r7
10001176:	46b0      	mov	r8, r6
10001178:	469c      	mov	ip, r3
1000117a:	4a12      	ldr	r2, [pc, #72]	@ (100011c4 <sleep_ms+0xf4>)
1000117c:	4812      	ldr	r0, [pc, #72]	@ (100011c8 <sleep_ms+0xf8>)
1000117e:	6a53      	ldr	r3, [r2, #36]	@ 0x24
10001180:	4299      	cmp	r1, r3
10001182:	d804      	bhi.n	1000118e <sleep_ms+0xbe>
10001184:	6a96      	ldr	r6, [r2, #40]	@ 0x28
10001186:	4546      	cmp	r6, r8
10001188:	d2cc      	bcs.n	10001124 <sleep_ms+0x54>
1000118a:	4299      	cmp	r1, r3
1000118c:	d1ca      	bne.n	10001124 <sleep_ms+0x54>
1000118e:	6806      	ldr	r6, [r0, #0]
10001190:	f3ef 8710 	mrs	r7, PRIMASK
10001194:	b672      	cpsid	i
10001196:	6833      	ldr	r3, [r6, #0]
10001198:	2b00      	cmp	r3, #0
1000119a:	d0fc      	beq.n	10001196 <sleep_ms+0xc6>
1000119c:	f3bf 8f5f 	dmb	sy
100011a0:	6803      	ldr	r3, [r0, #0]
100011a2:	f3bf 8f5f 	dmb	sy
100011a6:	4666      	mov	r6, ip
100011a8:	601e      	str	r6, [r3, #0]
100011aa:	f387 8810 	msr	PRIMASK, r7
100011ae:	bf20      	wfe
100011b0:	e7e5      	b.n	1000117e <sleep_ms+0xae>
100011b2:	2a00      	cmp	r2, #0
100011b4:	d0b6      	beq.n	10001124 <sleep_ms+0x54>
100011b6:	e7c9      	b.n	1000114c <sleep_ms+0x7c>
100011b8:	7fffffff 	.word	0x7fffffff
100011bc:	10000ac5 	.word	0x10000ac5
100011c0:	2000102c 	.word	0x2000102c
100011c4:	40054000 	.word	0x40054000
100011c8:	2000265c 	.word	0x2000265c

100011cc <best_effort_wfe_or_timeout>:
100011cc:	b5f0      	push	{r4, r5, r6, r7, lr}
100011ce:	4657      	mov	r7, sl
100011d0:	464e      	mov	r6, r9
100011d2:	46de      	mov	lr, fp
100011d4:	4645      	mov	r5, r8
100011d6:	b5e0      	push	{r5, r6, r7, lr}
100011d8:	0006      	movs	r6, r0
100011da:	000f      	movs	r7, r1
100011dc:	b085      	sub	sp, #20
100011de:	f3ef 8305 	mrs	r3, IPSR
100011e2:	4699      	mov	r9, r3
100011e4:	468b      	mov	fp, r1
100011e6:	2b00      	cmp	r3, #0
100011e8:	d012      	beq.n	10001210 <best_effort_wfe_or_timeout+0x44>
100011ea:	4938      	ldr	r1, [pc, #224]	@ (100012cc <best_effort_wfe_or_timeout+0x100>)
100011ec:	2000      	movs	r0, #0
100011ee:	6a4b      	ldr	r3, [r1, #36]	@ 0x24
100011f0:	42bb      	cmp	r3, r7
100011f2:	d306      	bcc.n	10001202 <best_effort_wfe_or_timeout+0x36>
100011f4:	6a8a      	ldr	r2, [r1, #40]	@ 0x28
100011f6:	1bdb      	subs	r3, r3, r7
100011f8:	1e59      	subs	r1, r3, #1
100011fa:	418b      	sbcs	r3, r1
100011fc:	42b2      	cmp	r2, r6
100011fe:	4140      	adcs	r0, r0
10001200:	4318      	orrs	r0, r3
10001202:	b005      	add	sp, #20
10001204:	bcf0      	pop	{r4, r5, r6, r7}
10001206:	46bb      	mov	fp, r7
10001208:	46b2      	mov	sl, r6
1000120a:	46a9      	mov	r9, r5
1000120c:	46a0      	mov	r8, r4
1000120e:	bdf0      	pop	{r4, r5, r6, r7, pc}
10001210:	4b2f      	ldr	r3, [pc, #188]	@ (100012d0 <best_effort_wfe_or_timeout+0x104>)
10001212:	469a      	mov	sl, r3
10001214:	68db      	ldr	r3, [r3, #12]
10001216:	4698      	mov	r8, r3
10001218:	4653      	mov	r3, sl
1000121a:	781b      	ldrb	r3, [r3, #0]
1000121c:	4640      	mov	r0, r8
1000121e:	9303      	str	r3, [sp, #12]
10001220:	f000 f864 	bl	100012ec <timer_time_us_64>
10001224:	4642      	mov	r2, r8
10001226:	9b03      	ldr	r3, [sp, #12]
10001228:	0004      	movs	r4, r0
1000122a:	3304      	adds	r3, #4
1000122c:	009b      	lsls	r3, r3, #2
1000122e:	589b      	ldr	r3, [r3, r2]
10001230:	000d      	movs	r5, r1
10001232:	1a1b      	subs	r3, r3, r0
10001234:	0039      	movs	r1, r7
10001236:	0030      	movs	r0, r6
10001238:	1b00      	subs	r0, r0, r4
1000123a:	41a9      	sbcs	r1, r5
1000123c:	4589      	cmp	r9, r1
1000123e:	dc10      	bgt.n	10001262 <best_effort_wfe_or_timeout+0x96>
10001240:	d00d      	beq.n	1000125e <best_effort_wfe_or_timeout+0x92>
10001242:	bf20      	wfe
10001244:	4a21      	ldr	r2, [pc, #132]	@ (100012cc <best_effort_wfe_or_timeout+0x100>)
10001246:	2000      	movs	r0, #0
10001248:	6a53      	ldr	r3, [r2, #36]	@ 0x24
1000124a:	455b      	cmp	r3, fp
1000124c:	d3d9      	bcc.n	10001202 <best_effort_wfe_or_timeout+0x36>
1000124e:	6a92      	ldr	r2, [r2, #40]	@ 0x28
10001250:	1bdb      	subs	r3, r3, r7
10001252:	1e59      	subs	r1, r3, #1
10001254:	418b      	sbcs	r3, r1
10001256:	42b2      	cmp	r2, r6
10001258:	4140      	adcs	r0, r0
1000125a:	4318      	orrs	r0, r3
1000125c:	e7d1      	b.n	10001202 <best_effort_wfe_or_timeout+0x36>
1000125e:	4283      	cmp	r3, r0
10001260:	d9ef      	bls.n	10001242 <best_effort_wfe_or_timeout+0x76>
10001262:	f000 f84b 	bl	100012fc <time_us_64>
10001266:	0032      	movs	r2, r6
10001268:	003b      	movs	r3, r7
1000126a:	1a12      	subs	r2, r2, r0
1000126c:	418b      	sbcs	r3, r1
1000126e:	2b00      	cmp	r3, #0
10001270:	db1a      	blt.n	100012a8 <best_effort_wfe_or_timeout+0xdc>
10001272:	2300      	movs	r3, #0
10001274:	9301      	str	r3, [sp, #4]
10001276:	4b17      	ldr	r3, [pc, #92]	@ (100012d4 <best_effort_wfe_or_timeout+0x108>)
10001278:	0032      	movs	r2, r6
1000127a:	9300      	str	r3, [sp, #0]
1000127c:	4650      	mov	r0, sl
1000127e:	003b      	movs	r3, r7
10001280:	f7ff fe92 	bl	10000fa8 <alarm_pool_add_alarm_at_force_in_context>
10001284:	1e01      	subs	r1, r0, #0
10001286:	dd0f      	ble.n	100012a8 <best_effort_wfe_or_timeout+0xdc>
10001288:	4b10      	ldr	r3, [pc, #64]	@ (100012cc <best_effort_wfe_or_timeout+0x100>)
1000128a:	6a5a      	ldr	r2, [r3, #36]	@ 0x24
1000128c:	455a      	cmp	r2, fp
1000128e:	d31b      	bcc.n	100012c8 <best_effort_wfe_or_timeout+0xfc>
10001290:	6a9b      	ldr	r3, [r3, #40]	@ 0x28
10001292:	42b3      	cmp	r3, r6
10001294:	d316      	bcc.n	100012c4 <best_effort_wfe_or_timeout+0xf8>
10001296:	4650      	mov	r0, sl
10001298:	f7ff fede 	bl	10001058 <alarm_pool_cancel_alarm>
1000129c:	4a0b      	ldr	r2, [pc, #44]	@ (100012cc <best_effort_wfe_or_timeout+0x100>)
1000129e:	2000      	movs	r0, #0
100012a0:	6a53      	ldr	r3, [r2, #36]	@ 0x24
100012a2:	455b      	cmp	r3, fp
100012a4:	d3ad      	bcc.n	10001202 <best_effort_wfe_or_timeout+0x36>
100012a6:	e7d2      	b.n	1000124e <best_effort_wfe_or_timeout+0x82>
100012a8:	4a08      	ldr	r2, [pc, #32]	@ (100012cc <best_effort_wfe_or_timeout+0x100>)
100012aa:	2000      	movs	r0, #0
100012ac:	6a53      	ldr	r3, [r2, #36]	@ 0x24
100012ae:	455b      	cmp	r3, fp
100012b0:	d3a7      	bcc.n	10001202 <best_effort_wfe_or_timeout+0x36>
100012b2:	2000      	movs	r0, #0
100012b4:	6a92      	ldr	r2, [r2, #40]	@ 0x28
100012b6:	1bdb      	subs	r3, r3, r7
100012b8:	42b2      	cmp	r2, r6
100012ba:	4140      	adcs	r0, r0
100012bc:	1e5a      	subs	r2, r3, #1
100012be:	4193      	sbcs	r3, r2
100012c0:	4318      	orrs	r0, r3
100012c2:	e79e      	b.n	10001202 <best_effort_wfe_or_timeout+0x36>
100012c4:	455a      	cmp	r2, fp
100012c6:	d1e6      	bne.n	10001296 <best_effort_wfe_or_timeout+0xca>
100012c8:	bf20      	wfe
100012ca:	e7e4      	b.n	10001296 <best_effort_wfe_or_timeout+0xca>
100012cc:	40054000 	.word	0x40054000
100012d0:	2000102c 	.word	0x2000102c
100012d4:	10000ac5 	.word	0x10000ac5

100012d8 <timer_hardware_alarm_claim>:
100012d8:	b510      	push	{r4, lr}
100012da:	4a02      	ldr	r2, [pc, #8]	@ (100012e4 <timer_hardware_alarm_claim+0xc>)
100012dc:	4802      	ldr	r0, [pc, #8]	@ (100012e8 <timer_hardware_alarm_claim+0x10>)
100012de:	f7ff f92b 	bl	10000538 <hw_claim_or_assert>
100012e2:	bd10      	pop	{r4, pc}
100012e4:	10005704 	.word	0x10005704
100012e8:	200021ac 	.word	0x200021ac

100012ec <timer_time_us_64>:
100012ec:	0003      	movs	r3, r0
100012ee:	6a41      	ldr	r1, [r0, #36]	@ 0x24
100012f0:	000a      	movs	r2, r1
100012f2:	6a98      	ldr	r0, [r3, #40]	@ 0x28
100012f4:	6a59      	ldr	r1, [r3, #36]	@ 0x24
100012f6:	428a      	cmp	r2, r1
100012f8:	d1fa      	bne.n	100012f0 <timer_time_us_64+0x4>
100012fa:	4770      	bx	lr

100012fc <time_us_64>:
100012fc:	4b03      	ldr	r3, [pc, #12]	@ (1000130c <time_us_64+0x10>)
100012fe:	6a59      	ldr	r1, [r3, #36]	@ 0x24
10001300:	000a      	movs	r2, r1
10001302:	6a98      	ldr	r0, [r3, #40]	@ 0x28
10001304:	6a59      	ldr	r1, [r3, #36]	@ 0x24
10001306:	4291      	cmp	r1, r2
10001308:	d1fa      	bne.n	10001300 <time_us_64+0x4>
1000130a:	4770      	bx	lr
1000130c:	40054000 	.word	0x40054000

10001310 <busy_wait_us>:
10001310:	b570      	push	{r4, r5, r6, lr}
10001312:	0004      	movs	r4, r0
10001314:	000d      	movs	r5, r1
10001316:	4a17      	ldr	r2, [pc, #92]	@ (10001374 <busy_wait_us+0x64>)
10001318:	6a53      	ldr	r3, [r2, #36]	@ 0x24
1000131a:	0019      	movs	r1, r3
1000131c:	6a96      	ldr	r6, [r2, #40]	@ 0x28
1000131e:	6a53      	ldr	r3, [r2, #36]	@ 0x24
10001320:	428b      	cmp	r3, r1
10001322:	d1fa      	bne.n	1000131a <busy_wait_us+0xa>
10001324:	0030      	movs	r0, r6
10001326:	0019      	movs	r1, r3
10001328:	1824      	adds	r4, r4, r0
1000132a:	414d      	adcs	r5, r1
1000132c:	42ab      	cmp	r3, r5
1000132e:	d816      	bhi.n	1000135e <busy_wait_us+0x4e>
10001330:	d013      	beq.n	1000135a <busy_wait_us+0x4a>
10001332:	4b10      	ldr	r3, [pc, #64]	@ (10001374 <busy_wait_us+0x64>)
10001334:	002a      	movs	r2, r5
10001336:	6a5b      	ldr	r3, [r3, #36]	@ 0x24
10001338:	429d      	cmp	r5, r3
1000133a:	d903      	bls.n	10001344 <busy_wait_us+0x34>
1000133c:	490d      	ldr	r1, [pc, #52]	@ (10001374 <busy_wait_us+0x64>)
1000133e:	6a4b      	ldr	r3, [r1, #36]	@ 0x24
10001340:	4293      	cmp	r3, r2
10001342:	d3fc      	bcc.n	1000133e <busy_wait_us+0x2e>
10001344:	4293      	cmp	r3, r2
10001346:	d107      	bne.n	10001358 <busy_wait_us+0x48>
10001348:	4a0a      	ldr	r2, [pc, #40]	@ (10001374 <busy_wait_us+0x64>)
1000134a:	e002      	b.n	10001352 <busy_wait_us+0x42>
1000134c:	6a51      	ldr	r1, [r2, #36]	@ 0x24
1000134e:	4299      	cmp	r1, r3
10001350:	d102      	bne.n	10001358 <busy_wait_us+0x48>
10001352:	6a91      	ldr	r1, [r2, #40]	@ 0x28
10001354:	42a1      	cmp	r1, r4
10001356:	d3f9      	bcc.n	1000134c <busy_wait_us+0x3c>
10001358:	bd70      	pop	{r4, r5, r6, pc}
1000135a:	42a6      	cmp	r6, r4
1000135c:	d9e9      	bls.n	10001332 <busy_wait_us+0x22>
1000135e:	4b05      	ldr	r3, [pc, #20]	@ (10001374 <busy_wait_us+0x64>)
10001360:	6a5b      	ldr	r3, [r3, #36]	@ 0x24
10001362:	001c      	movs	r4, r3
10001364:	1c5a      	adds	r2, r3, #1
10001366:	d0ef      	beq.n	10001348 <busy_wait_us+0x38>
10001368:	2201      	movs	r2, #1
1000136a:	2401      	movs	r4, #1
1000136c:	4264      	negs	r4, r4
1000136e:	17e5      	asrs	r5, r4, #31
10001370:	4252      	negs	r2, r2
10001372:	e7e3      	b.n	1000133c <busy_wait_us+0x2c>
10001374:	40054000 	.word	0x40054000

10001378 <busy_wait_until>:
10001378:	4a06      	ldr	r2, [pc, #24]	@ (10001394 <busy_wait_until+0x1c>)
1000137a:	6a53      	ldr	r3, [r2, #36]	@ 0x24
1000137c:	4299      	cmp	r1, r3
1000137e:	d8fc      	bhi.n	1000137a <busy_wait_until+0x2>
10001380:	d107      	bne.n	10001392 <busy_wait_until+0x1a>
10001382:	4b04      	ldr	r3, [pc, #16]	@ (10001394 <busy_wait_until+0x1c>)
10001384:	e002      	b.n	1000138c <busy_wait_until+0x14>
10001386:	6a5a      	ldr	r2, [r3, #36]	@ 0x24
10001388:	4291      	cmp	r1, r2
1000138a:	d102      	bne.n	10001392 <busy_wait_until+0x1a>
1000138c:	6a9a      	ldr	r2, [r3, #40]	@ 0x28
1000138e:	4290      	cmp	r0, r2
10001390:	d8f9      	bhi.n	10001386 <busy_wait_until+0xe>
10001392:	4770      	bx	lr
10001394:	40054000 	.word	0x40054000

10001398 <clock_configure_int_divider>:
10001398:	b5f8      	push	{r3, r4, r5, r6, r7, lr}
1000139a:	46de      	mov	lr, fp
1000139c:	464e      	mov	r6, r9
1000139e:	4657      	mov	r7, sl
100013a0:	4645      	mov	r5, r8
100013a2:	b5e0      	push	{r5, r6, r7, lr}
100013a4:	468b      	mov	fp, r1
100013a6:	0005      	movs	r5, r0
100013a8:	990a      	ldr	r1, [sp, #40]	@ 0x28
100013aa:	0018      	movs	r0, r3
100013ac:	0016      	movs	r6, r2
100013ae:	f000 fb13 	bl	100019d8 <__wrap___aeabi_uidiv>
100013b2:	9b0a      	ldr	r3, [sp, #40]	@ 0x28
100013b4:	006c      	lsls	r4, r5, #1
100013b6:	021f      	lsls	r7, r3, #8
100013b8:	4b32      	ldr	r3, [pc, #200]	@ (10001484 <clock_configure_int_divider+0xec>)
100013ba:	1964      	adds	r4, r4, r5
100013bc:	469c      	mov	ip, r3
100013be:	00a4      	lsls	r4, r4, #2
100013c0:	4464      	add	r4, ip
100013c2:	6863      	ldr	r3, [r4, #4]
100013c4:	4681      	mov	r9, r0
100013c6:	429f      	cmp	r7, r3
100013c8:	d900      	bls.n	100013cc <clock_configure_int_divider+0x34>
100013ca:	6067      	str	r7, [r4, #4]
100013cc:	1f2b      	subs	r3, r5, #4
100013ce:	b2db      	uxtb	r3, r3
100013d0:	4698      	mov	r8, r3
100013d2:	2b01      	cmp	r3, #1
100013d4:	d930      	bls.n	10001438 <clock_configure_int_divider+0xa0>
100013d6:	23c0      	movs	r3, #192	@ 0xc0
100013d8:	2280      	movs	r2, #128	@ 0x80
100013da:	019b      	lsls	r3, r3, #6
100013dc:	18e3      	adds	r3, r4, r3
100013de:	0112      	lsls	r2, r2, #4
100013e0:	601a      	str	r2, [r3, #0]
100013e2:	4b29      	ldr	r3, [pc, #164]	@ (10001488 <clock_configure_int_divider+0xf0>)
100013e4:	00ad      	lsls	r5, r5, #2
100013e6:	5959      	ldr	r1, [r3, r5]
100013e8:	469a      	mov	sl, r3
100013ea:	2900      	cmp	r1, #0
100013ec:	d11b      	bne.n	10001426 <clock_configure_int_divider+0x8e>
100013ee:	0173      	lsls	r3, r6, #5
100013f0:	26e0      	movs	r6, #224	@ 0xe0
100013f2:	6822      	ldr	r2, [r4, #0]
100013f4:	4053      	eors	r3, r2
100013f6:	401e      	ands	r6, r3
100013f8:	2380      	movs	r3, #128	@ 0x80
100013fa:	4642      	mov	r2, r8
100013fc:	015b      	lsls	r3, r3, #5
100013fe:	18e3      	adds	r3, r4, r3
10001400:	601e      	str	r6, [r3, #0]
10001402:	2a01      	cmp	r2, #1
10001404:	d930      	bls.n	10001468 <clock_configure_int_divider+0xd0>
10001406:	2380      	movs	r3, #128	@ 0x80
10001408:	2280      	movs	r2, #128	@ 0x80
1000140a:	019b      	lsls	r3, r3, #6
1000140c:	18e3      	adds	r3, r4, r3
1000140e:	0112      	lsls	r2, r2, #4
10001410:	601a      	str	r2, [r3, #0]
10001412:	4653      	mov	r3, sl
10001414:	464a      	mov	r2, r9
10001416:	6067      	str	r7, [r4, #4]
10001418:	515a      	str	r2, [r3, r5]
1000141a:	bcf0      	pop	{r4, r5, r6, r7}
1000141c:	46bb      	mov	fp, r7
1000141e:	46b2      	mov	sl, r6
10001420:	46a9      	mov	r9, r5
10001422:	46a0      	mov	r8, r4
10001424:	bdf8      	pop	{r3, r4, r5, r6, r7, pc}
10001426:	6958      	ldr	r0, [r3, #20]
10001428:	f000 fad6 	bl	100019d8 <__wrap___aeabi_uidiv>
1000142c:	3001      	adds	r0, #1
1000142e:	0043      	lsls	r3, r0, #1
10001430:	181b      	adds	r3, r3, r0
10001432:	3b03      	subs	r3, #3
10001434:	d2fd      	bcs.n	10001432 <clock_configure_int_divider+0x9a>
10001436:	e7da      	b.n	100013ee <clock_configure_int_divider+0x56>
10001438:	465b      	mov	r3, fp
1000143a:	2b01      	cmp	r3, #1
1000143c:	d1cb      	bne.n	100013d6 <clock_configure_int_divider+0x3e>
1000143e:	23c0      	movs	r3, #192	@ 0xc0
10001440:	2203      	movs	r2, #3
10001442:	019b      	lsls	r3, r3, #6
10001444:	18e3      	adds	r3, r4, r3
10001446:	601a      	str	r2, [r3, #0]
10001448:	3a02      	subs	r2, #2
1000144a:	68a3      	ldr	r3, [r4, #8]
1000144c:	421a      	tst	r2, r3
1000144e:	d0fc      	beq.n	1000144a <clock_configure_int_divider+0xb2>
10001450:	0173      	lsls	r3, r6, #5
10001452:	26e0      	movs	r6, #224	@ 0xe0
10001454:	6822      	ldr	r2, [r4, #0]
10001456:	00ad      	lsls	r5, r5, #2
10001458:	4053      	eors	r3, r2
1000145a:	401e      	ands	r6, r3
1000145c:	2380      	movs	r3, #128	@ 0x80
1000145e:	4a0a      	ldr	r2, [pc, #40]	@ (10001488 <clock_configure_int_divider+0xf0>)
10001460:	015b      	lsls	r3, r3, #5
10001462:	4692      	mov	sl, r2
10001464:	18e3      	adds	r3, r4, r3
10001466:	601e      	str	r6, [r3, #0]
10001468:	465a      	mov	r2, fp
1000146a:	6821      	ldr	r1, [r4, #0]
1000146c:	4051      	eors	r1, r2
1000146e:	2203      	movs	r2, #3
10001470:	400a      	ands	r2, r1
10001472:	601a      	str	r2, [r3, #0]
10001474:	2201      	movs	r2, #1
10001476:	465b      	mov	r3, fp
10001478:	409a      	lsls	r2, r3
1000147a:	68a3      	ldr	r3, [r4, #8]
1000147c:	421a      	tst	r2, r3
1000147e:	d0fc      	beq.n	1000147a <clock_configure_int_divider+0xe2>
10001480:	e7c1      	b.n	10001406 <clock_configure_int_divider+0x6e>
10001482:	46c0      	nop			@ (mov r8, r8)
10001484:	40008000 	.word	0x40008000
10001488:	200021b0 	.word	0x200021b0

1000148c <clock_configure_undivided>:
1000148c:	b5f0      	push	{r4, r5, r6, r7, lr}
1000148e:	4646      	mov	r6, r8
10001490:	464f      	mov	r7, r9
10001492:	46d6      	mov	lr, sl
10001494:	b5c0      	push	{r6, r7, lr}
10001496:	001f      	movs	r7, r3
10001498:	4b34      	ldr	r3, [pc, #208]	@ (1000156c <clock_configure_undivided+0xe0>)
1000149a:	0044      	lsls	r4, r0, #1
1000149c:	469c      	mov	ip, r3
1000149e:	1824      	adds	r4, r4, r0
100014a0:	00a4      	lsls	r4, r4, #2
100014a2:	4464      	add	r4, ip
100014a4:	6863      	ldr	r3, [r4, #4]
100014a6:	4688      	mov	r8, r1
100014a8:	0016      	movs	r6, r2
100014aa:	2bff      	cmp	r3, #255	@ 0xff
100014ac:	d802      	bhi.n	100014b4 <clock_configure_undivided+0x28>
100014ae:	2380      	movs	r3, #128	@ 0x80
100014b0:	005b      	lsls	r3, r3, #1
100014b2:	6063      	str	r3, [r4, #4]
100014b4:	1f03      	subs	r3, r0, #4
100014b6:	b2db      	uxtb	r3, r3
100014b8:	469a      	mov	sl, r3
100014ba:	2b01      	cmp	r3, #1
100014bc:	d930      	bls.n	10001520 <clock_configure_undivided+0x94>
100014be:	23c0      	movs	r3, #192	@ 0xc0
100014c0:	2280      	movs	r2, #128	@ 0x80
100014c2:	019b      	lsls	r3, r3, #6
100014c4:	18e3      	adds	r3, r4, r3
100014c6:	0112      	lsls	r2, r2, #4
100014c8:	601a      	str	r2, [r3, #0]
100014ca:	4b29      	ldr	r3, [pc, #164]	@ (10001570 <clock_configure_undivided+0xe4>)
100014cc:	0085      	lsls	r5, r0, #2
100014ce:	5959      	ldr	r1, [r3, r5]
100014d0:	4699      	mov	r9, r3
100014d2:	2900      	cmp	r1, #0
100014d4:	d11b      	bne.n	1000150e <clock_configure_undivided+0x82>
100014d6:	0173      	lsls	r3, r6, #5
100014d8:	26e0      	movs	r6, #224	@ 0xe0
100014da:	6822      	ldr	r2, [r4, #0]
100014dc:	4053      	eors	r3, r2
100014de:	401e      	ands	r6, r3
100014e0:	2380      	movs	r3, #128	@ 0x80
100014e2:	4652      	mov	r2, sl
100014e4:	015b      	lsls	r3, r3, #5
100014e6:	18e3      	adds	r3, r4, r3
100014e8:	601e      	str	r6, [r3, #0]
100014ea:	2a01      	cmp	r2, #1
100014ec:	d930      	bls.n	10001550 <clock_configure_undivided+0xc4>
100014ee:	2380      	movs	r3, #128	@ 0x80
100014f0:	2280      	movs	r2, #128	@ 0x80
100014f2:	019b      	lsls	r3, r3, #6
100014f4:	18e3      	adds	r3, r4, r3
100014f6:	0112      	lsls	r2, r2, #4
100014f8:	601a      	str	r2, [r3, #0]
100014fa:	2380      	movs	r3, #128	@ 0x80
100014fc:	005b      	lsls	r3, r3, #1
100014fe:	6063      	str	r3, [r4, #4]
10001500:	464b      	mov	r3, r9
10001502:	515f      	str	r7, [r3, r5]
10001504:	bce0      	pop	{r5, r6, r7}
10001506:	46ba      	mov	sl, r7
10001508:	46b1      	mov	r9, r6
1000150a:	46a8      	mov	r8, r5
1000150c:	bdf0      	pop	{r4, r5, r6, r7, pc}
1000150e:	6958      	ldr	r0, [r3, #20]
10001510:	f000 fa62 	bl	100019d8 <__wrap___aeabi_uidiv>
10001514:	3001      	adds	r0, #1
10001516:	0043      	lsls	r3, r0, #1
10001518:	181b      	adds	r3, r3, r0
1000151a:	3b03      	subs	r3, #3
1000151c:	d2fd      	bcs.n	1000151a <clock_configure_undivided+0x8e>
1000151e:	e7da      	b.n	100014d6 <clock_configure_undivided+0x4a>
10001520:	4643      	mov	r3, r8
10001522:	2b01      	cmp	r3, #1
10001524:	d1cb      	bne.n	100014be <clock_configure_undivided+0x32>
10001526:	23c0      	movs	r3, #192	@ 0xc0
10001528:	2203      	movs	r2, #3
1000152a:	019b      	lsls	r3, r3, #6
1000152c:	18e3      	adds	r3, r4, r3
1000152e:	601a      	str	r2, [r3, #0]
10001530:	3a02      	subs	r2, #2
10001532:	68a3      	ldr	r3, [r4, #8]
10001534:	421a      	tst	r2, r3
10001536:	d0fc      	beq.n	10001532 <clock_configure_undivided+0xa6>
10001538:	0173      	lsls	r3, r6, #5
1000153a:	26e0      	movs	r6, #224	@ 0xe0
1000153c:	6822      	ldr	r2, [r4, #0]
1000153e:	0085      	lsls	r5, r0, #2
10001540:	4053      	eors	r3, r2
10001542:	401e      	ands	r6, r3
10001544:	2380      	movs	r3, #128	@ 0x80
10001546:	4a0a      	ldr	r2, [pc, #40]	@ (10001570 <clock_configure_undivided+0xe4>)
10001548:	015b      	lsls	r3, r3, #5
1000154a:	4691      	mov	r9, r2
1000154c:	18e3      	adds	r3, r4, r3
1000154e:	601e      	str	r6, [r3, #0]
10001550:	4642      	mov	r2, r8
10001552:	6821      	ldr	r1, [r4, #0]
10001554:	4051      	eors	r1, r2
10001556:	2203      	movs	r2, #3
10001558:	400a      	ands	r2, r1
1000155a:	601a      	str	r2, [r3, #0]
1000155c:	2301      	movs	r3, #1
1000155e:	4642      	mov	r2, r8
10001560:	4093      	lsls	r3, r2
10001562:	68a2      	ldr	r2, [r4, #8]
10001564:	4213      	tst	r3, r2
10001566:	d0fc      	beq.n	10001562 <clock_configure_undivided+0xd6>
10001568:	e7c1      	b.n	100014ee <clock_configure_undivided+0x62>
1000156a:	46c0      	nop			@ (mov r8, r8)
1000156c:	40008000 	.word	0x40008000
10001570:	200021b0 	.word	0x200021b0

10001574 <clock_get_hz>:
10001574:	4b01      	ldr	r3, [pc, #4]	@ (1000157c <clock_get_hz+0x8>)
10001576:	0080      	lsls	r0, r0, #2
10001578:	58c0      	ldr	r0, [r0, r3]
1000157a:	4770      	bx	lr
1000157c:	200021b0 	.word	0x200021b0

10001580 <pll_init>:
10001580:	b5f8      	push	{r3, r4, r5, r6, r7, lr}
10001582:	0004      	movs	r4, r0
10001584:	4821      	ldr	r0, [pc, #132]	@ (1000160c <pll_init+0x8c>)
10001586:	001e      	movs	r6, r3
10001588:	0017      	movs	r7, r2
1000158a:	000d      	movs	r5, r1
1000158c:	f000 fa24 	bl	100019d8 <__wrap___aeabi_uidiv>
10001590:	0001      	movs	r1, r0
10001592:	0038      	movs	r0, r7
10001594:	f000 fa20 	bl	100019d8 <__wrap___aeabi_uidiv>
10001598:	9b06      	ldr	r3, [sp, #24]
1000159a:	0436      	lsls	r6, r6, #16
1000159c:	031b      	lsls	r3, r3, #12
1000159e:	431e      	orrs	r6, r3
100015a0:	6823      	ldr	r3, [r4, #0]
100015a2:	2b00      	cmp	r3, #0
100015a4:	db20      	blt.n	100015e8 <pll_init+0x68>
100015a6:	4b1a      	ldr	r3, [pc, #104]	@ (10001610 <pll_init+0x90>)
100015a8:	491a      	ldr	r1, [pc, #104]	@ (10001614 <pll_init+0x94>)
100015aa:	18e3      	adds	r3, r4, r3
100015ac:	1e5a      	subs	r2, r3, #1
100015ae:	4193      	sbcs	r3, r2
100015b0:	2280      	movs	r2, #128	@ 0x80
100015b2:	0192      	lsls	r2, r2, #6
100015b4:	4694      	mov	ip, r2
100015b6:	425b      	negs	r3, r3
100015b8:	0b1b      	lsrs	r3, r3, #12
100015ba:	4a17      	ldr	r2, [pc, #92]	@ (10001618 <pll_init+0x98>)
100015bc:	031b      	lsls	r3, r3, #12
100015be:	4463      	add	r3, ip
100015c0:	6013      	str	r3, [r2, #0]
100015c2:	4a16      	ldr	r2, [pc, #88]	@ (1000161c <pll_init+0x9c>)
100015c4:	6013      	str	r3, [r2, #0]
100015c6:	001f      	movs	r7, r3
100015c8:	680a      	ldr	r2, [r1, #0]
100015ca:	4397      	bics	r7, r2
100015cc:	d1fb      	bne.n	100015c6 <pll_init+0x46>
100015ce:	4b14      	ldr	r3, [pc, #80]	@ (10001620 <pll_init+0xa0>)
100015d0:	6025      	str	r5, [r4, #0]
100015d2:	18e2      	adds	r2, r4, r3
100015d4:	2321      	movs	r3, #33	@ 0x21
100015d6:	60a0      	str	r0, [r4, #8]
100015d8:	6013      	str	r3, [r2, #0]
100015da:	6823      	ldr	r3, [r4, #0]
100015dc:	2b00      	cmp	r3, #0
100015de:	dafc      	bge.n	100015da <pll_init+0x5a>
100015e0:	2308      	movs	r3, #8
100015e2:	60e6      	str	r6, [r4, #12]
100015e4:	6013      	str	r3, [r2, #0]
100015e6:	bdf8      	pop	{r3, r4, r5, r6, r7, pc}
100015e8:	233f      	movs	r3, #63	@ 0x3f
100015ea:	6822      	ldr	r2, [r4, #0]
100015ec:	4013      	ands	r3, r2
100015ee:	42ab      	cmp	r3, r5
100015f0:	d1d9      	bne.n	100015a6 <pll_init+0x26>
100015f2:	68a3      	ldr	r3, [r4, #8]
100015f4:	051b      	lsls	r3, r3, #20
100015f6:	0d1b      	lsrs	r3, r3, #20
100015f8:	4283      	cmp	r3, r0
100015fa:	d1d4      	bne.n	100015a6 <pll_init+0x26>
100015fc:	22ee      	movs	r2, #238	@ 0xee
100015fe:	68e3      	ldr	r3, [r4, #12]
10001600:	02d2      	lsls	r2, r2, #11
10001602:	4013      	ands	r3, r2
10001604:	42b3      	cmp	r3, r6
10001606:	d1ce      	bne.n	100015a6 <pll_init+0x26>
10001608:	e7ed      	b.n	100015e6 <pll_init+0x66>
1000160a:	46c0      	nop			@ (mov r8, r8)
1000160c:	00b71b00 	.word	0x00b71b00
10001610:	bffd4000 	.word	0xbffd4000
10001614:	4000c008 	.word	0x4000c008
10001618:	4000e000 	.word	0x4000e000
1000161c:	4000f000 	.word	0x4000f000
10001620:	00003004 	.word	0x00003004

10001624 <watchdog_reboot>:
10001624:	b510      	push	{r4, lr}
10001626:	2480      	movs	r4, #128	@ 0x80
10001628:	4b1c      	ldr	r3, [pc, #112]	@ (1000169c <watchdog_reboot+0x78>)
1000162a:	05e4      	lsls	r4, r4, #23
1000162c:	601c      	str	r4, [r3, #0]
1000162e:	2800      	cmp	r0, #0
10001630:	d01a      	beq.n	10001668 <watchdog_reboot+0x44>
10001632:	2301      	movs	r3, #1
10001634:	4c1a      	ldr	r4, [pc, #104]	@ (100016a0 <watchdog_reboot+0x7c>)
10001636:	4318      	orrs	r0, r3
10001638:	4b1a      	ldr	r3, [pc, #104]	@ (100016a4 <watchdog_reboot+0x80>)
1000163a:	61dc      	str	r4, [r3, #28]
1000163c:	4c1a      	ldr	r4, [pc, #104]	@ (100016a8 <watchdog_reboot+0x84>)
1000163e:	4044      	eors	r4, r0
10001640:	621c      	str	r4, [r3, #32]
10001642:	6259      	str	r1, [r3, #36]	@ 0x24
10001644:	6298      	str	r0, [r3, #40]	@ 0x28
10001646:	2180      	movs	r1, #128	@ 0x80
10001648:	4b14      	ldr	r3, [pc, #80]	@ (1000169c <watchdog_reboot+0x78>)
1000164a:	05c9      	lsls	r1, r1, #23
1000164c:	6019      	str	r1, [r3, #0]
1000164e:	4817      	ldr	r0, [pc, #92]	@ (100016ac <watchdog_reboot+0x88>)
10001650:	4917      	ldr	r1, [pc, #92]	@ (100016b0 <watchdog_reboot+0x8c>)
10001652:	6008      	str	r0, [r1, #0]
10001654:	21e0      	movs	r1, #224	@ 0xe0
10001656:	04c9      	lsls	r1, r1, #19
10001658:	6019      	str	r1, [r3, #0]
1000165a:	2a00      	cmp	r2, #0
1000165c:	d107      	bne.n	1000166e <watchdog_reboot+0x4a>
1000165e:	2280      	movs	r2, #128	@ 0x80
10001660:	4b14      	ldr	r3, [pc, #80]	@ (100016b4 <watchdog_reboot+0x90>)
10001662:	0612      	lsls	r2, r2, #24
10001664:	601a      	str	r2, [r3, #0]
10001666:	bd10      	pop	{r4, pc}
10001668:	4b0e      	ldr	r3, [pc, #56]	@ (100016a4 <watchdog_reboot+0x80>)
1000166a:	61d8      	str	r0, [r3, #28]
1000166c:	e7eb      	b.n	10001646 <watchdog_reboot+0x22>
1000166e:	0153      	lsls	r3, r2, #5
10001670:	1a9b      	subs	r3, r3, r2
10001672:	009b      	lsls	r3, r3, #2
10001674:	189a      	adds	r2, r3, r2
10001676:	2380      	movs	r3, #128	@ 0x80
10001678:	0112      	lsls	r2, r2, #4
1000167a:	045b      	lsls	r3, r3, #17
1000167c:	429a      	cmp	r2, r3
1000167e:	d209      	bcs.n	10001694 <watchdog_reboot+0x70>
10001680:	0013      	movs	r3, r2
10001682:	490d      	ldr	r1, [pc, #52]	@ (100016b8 <watchdog_reboot+0x94>)
10001684:	600b      	str	r3, [r1, #0]
10001686:	4b07      	ldr	r3, [pc, #28]	@ (100016a4 <watchdog_reboot+0x80>)
10001688:	605a      	str	r2, [r3, #4]
1000168a:	2280      	movs	r2, #128	@ 0x80
1000168c:	4b09      	ldr	r3, [pc, #36]	@ (100016b4 <watchdog_reboot+0x90>)
1000168e:	05d2      	lsls	r2, r2, #23
10001690:	601a      	str	r2, [r3, #0]
10001692:	e7e8      	b.n	10001666 <watchdog_reboot+0x42>
10001694:	4b09      	ldr	r3, [pc, #36]	@ (100016bc <watchdog_reboot+0x98>)
10001696:	001a      	movs	r2, r3
10001698:	e7f3      	b.n	10001682 <watchdog_reboot+0x5e>
1000169a:	46c0      	nop			@ (mov r8, r8)
1000169c:	4005b000 	.word	0x4005b000
100016a0:	b007c0d3 	.word	0xb007c0d3
100016a4:	40058000 	.word	0x40058000
100016a8:	4ff83f2d 	.word	0x4ff83f2d
100016ac:	0001fffc 	.word	0x0001fffc
100016b0:	40012008 	.word	0x40012008
100016b4:	4005a000 	.word	0x4005a000
100016b8:	20002618 	.word	0x20002618
100016bc:	00ffffff 	.word	0x00ffffff

100016c0 <tick_start>:
100016c0:	2380      	movs	r3, #128	@ 0x80
100016c2:	4a02      	ldr	r2, [pc, #8]	@ (100016cc <tick_start+0xc>)
100016c4:	009b      	lsls	r3, r3, #2
100016c6:	430b      	orrs	r3, r1
100016c8:	62d3      	str	r3, [r2, #44]	@ 0x2c
100016ca:	4770      	bx	lr
100016cc:	40058000 	.word	0x40058000

100016d0 <rom_func_lookup>:
100016d0:	2300      	movs	r3, #0
100016d2:	b510      	push	{r4, lr}
100016d4:	0001      	movs	r1, r0
100016d6:	8a98      	ldrh	r0, [r3, #20]
100016d8:	8b1b      	ldrh	r3, [r3, #24]
100016da:	4798      	blx	r3
100016dc:	bd10      	pop	{r4, pc}
100016de:	46c0      	nop			@ (mov r8, r8)

100016e0 <rom_data_lookup>:
100016e0:	2316      	movs	r3, #22
100016e2:	b510      	push	{r4, lr}
100016e4:	0001      	movs	r1, r0
100016e6:	8818      	ldrh	r0, [r3, #0]
100016e8:	3302      	adds	r3, #2
100016ea:	881b      	ldrh	r3, [r3, #0]
100016ec:	4798      	blx	r3
100016ee:	bd10      	pop	{r4, pc}

100016f0 <rom_funcs_lookup>:
100016f0:	b5f8      	push	{r3, r4, r5, r6, r7, lr}
100016f2:	4647      	mov	r7, r8
100016f4:	46ce      	mov	lr, r9
100016f6:	b580      	push	{r7, lr}
100016f8:	1e0f      	subs	r7, r1, #0
100016fa:	d018      	beq.n	1000172e <rom_funcs_lookup+0x3e>
100016fc:	2314      	movs	r3, #20
100016fe:	4699      	mov	r9, r3
10001700:	3304      	adds	r3, #4
10001702:	0004      	movs	r4, r0
10001704:	2500      	movs	r5, #0
10001706:	2601      	movs	r6, #1
10001708:	4698      	mov	r8, r3
1000170a:	464b      	mov	r3, r9
1000170c:	8818      	ldrh	r0, [r3, #0]
1000170e:	4643      	mov	r3, r8
10001710:	6821      	ldr	r1, [r4, #0]
10001712:	881b      	ldrh	r3, [r3, #0]
10001714:	4798      	blx	r3
10001716:	c401      	stmia	r4!, {r0}
10001718:	1e43      	subs	r3, r0, #1
1000171a:	4198      	sbcs	r0, r3
1000171c:	3501      	adds	r5, #1
1000171e:	4006      	ands	r6, r0
10001720:	42af      	cmp	r7, r5
10001722:	d1f2      	bne.n	1000170a <rom_funcs_lookup+0x1a>
10001724:	0030      	movs	r0, r6
10001726:	bcc0      	pop	{r6, r7}
10001728:	46b9      	mov	r9, r7
1000172a:	46b0      	mov	r8, r6
1000172c:	bdf8      	pop	{r3, r4, r5, r6, r7, pc}
1000172e:	2601      	movs	r6, #1
10001730:	e7f8      	b.n	10001724 <rom_funcs_lookup+0x34>
10001732:	46c0      	nop			@ (mov r8, r8)

10001734 <rom_reset_usb_boot_extra>:
10001734:	2300      	movs	r3, #0
10001736:	b570      	push	{r4, r5, r6, lr}
10001738:	0004      	movs	r4, r0
1000173a:	000d      	movs	r5, r1
1000173c:	8a98      	ldrh	r0, [r3, #20]
1000173e:	4905      	ldr	r1, [pc, #20]	@ (10001754 <rom_reset_usb_boot_extra+0x20>)
10001740:	8b1b      	ldrh	r3, [r3, #24]
10001742:	4798      	blx	r3
10001744:	0003      	movs	r3, r0
10001746:	2000      	movs	r0, #0
10001748:	2c00      	cmp	r4, #0
1000174a:	db01      	blt.n	10001750 <rom_reset_usb_boot_extra+0x1c>
1000174c:	3001      	adds	r0, #1
1000174e:	40a0      	lsls	r0, r4
10001750:	0029      	movs	r1, r5
10001752:	4798      	blx	r3
10001754:	00004255 	.word	0x00004255

10001758 <xosc_init>:
10001758:	23aa      	movs	r3, #170	@ 0xaa
1000175a:	4a06      	ldr	r2, [pc, #24]	@ (10001774 <xosc_init+0x1c>)
1000175c:	011b      	lsls	r3, r3, #4
1000175e:	6013      	str	r3, [r2, #0]
10001760:	238d      	movs	r3, #141	@ 0x8d
10001762:	005b      	lsls	r3, r3, #1
10001764:	60d3      	str	r3, [r2, #12]
10001766:	4904      	ldr	r1, [pc, #16]	@ (10001778 <xosc_init+0x20>)
10001768:	4b04      	ldr	r3, [pc, #16]	@ (1000177c <xosc_init+0x24>)
1000176a:	6019      	str	r1, [r3, #0]
1000176c:	6853      	ldr	r3, [r2, #4]
1000176e:	2b00      	cmp	r3, #0
10001770:	dafc      	bge.n	1000176c <xosc_init+0x14>
10001772:	4770      	bx	lr
10001774:	40024000 	.word	0x40024000
10001778:	00fab000 	.word	0x00fab000
1000177c:	40026000 	.word	0x40026000

10001780 <first_per_core_initializer>:
10001780:	4770      	bx	lr
10001782:	46c0      	nop			@ (mov r8, r8)

10001784 <hard_assertion_failure>:
10001784:	b510      	push	{r4, lr}
10001786:	4801      	ldr	r0, [pc, #4]	@ (1000178c <hard_assertion_failure+0x8>)
10001788:	f7fe febe 	bl	10000508 <panic>
1000178c:	10005728 	.word	0x10005728

10001790 <runtime_run_initializers>:
10001790:	b570      	push	{r4, r5, r6, lr}
10001792:	4d07      	ldr	r5, [pc, #28]	@ (100017b0 <runtime_run_initializers+0x20>)
10001794:	4e07      	ldr	r6, [pc, #28]	@ (100017b4 <runtime_run_initializers+0x24>)
10001796:	42b5      	cmp	r5, r6
10001798:	d209      	bcs.n	100017ae <runtime_run_initializers+0x1e>
1000179a:	2400      	movs	r4, #0
1000179c:	3e01      	subs	r6, #1
1000179e:	1b76      	subs	r6, r6, r5
100017a0:	08b6      	lsrs	r6, r6, #2
100017a2:	cd08      	ldmia	r5!, {r3}
100017a4:	4798      	blx	r3
100017a6:	0023      	movs	r3, r4
100017a8:	3401      	adds	r4, #1
100017aa:	42b3      	cmp	r3, r6
100017ac:	d1f9      	bne.n	100017a2 <runtime_run_initializers+0x12>
100017ae:	bd70      	pop	{r4, r5, r6, pc}
100017b0:	10005670 	.word	0x10005670
100017b4:	100056ac 	.word	0x100056ac

100017b8 <runtime_init_early_resets>:
100017b8:	4b05      	ldr	r3, [pc, #20]	@ (100017d0 <runtime_init_early_resets+0x18>)
100017ba:	4a06      	ldr	r2, [pc, #24]	@ (100017d4 <runtime_init_early_resets+0x1c>)
100017bc:	4906      	ldr	r1, [pc, #24]	@ (100017d8 <runtime_init_early_resets+0x20>)
100017be:	601a      	str	r2, [r3, #0]
100017c0:	4a06      	ldr	r2, [pc, #24]	@ (100017dc <runtime_init_early_resets+0x24>)
100017c2:	4b07      	ldr	r3, [pc, #28]	@ (100017e0 <runtime_init_early_resets+0x28>)
100017c4:	601a      	str	r2, [r3, #0]
100017c6:	0010      	movs	r0, r2
100017c8:	680b      	ldr	r3, [r1, #0]
100017ca:	4398      	bics	r0, r3
100017cc:	d1fb      	bne.n	100017c6 <runtime_init_early_resets+0xe>
100017ce:	4770      	bx	lr
100017d0:	4000e000 	.word	0x4000e000
100017d4:	fefbcdbf 	.word	0xfefbcdbf
100017d8:	4000c008 	.word	0x4000c008
100017dc:	003c7ffe 	.word	0x003c7ffe
100017e0:	4000f000 	.word	0x4000f000

100017e4 <runtime_init_usb_power_down>:
100017e4:	4b04      	ldr	r3, [pc, #16]	@ (100017f8 <runtime_init_usb_power_down+0x14>)
100017e6:	6cdb      	ldr	r3, [r3, #76]	@ 0x4c
100017e8:	2b00      	cmp	r3, #0
100017ea:	d103      	bne.n	100017f4 <runtime_init_usb_power_down+0x10>
100017ec:	2280      	movs	r2, #128	@ 0x80
100017ee:	4b03      	ldr	r3, [pc, #12]	@ (100017fc <runtime_init_usb_power_down+0x18>)
100017f0:	02d2      	lsls	r2, r2, #11
100017f2:	601a      	str	r2, [r3, #0]
100017f4:	4770      	bx	lr
100017f6:	46c0      	nop			@ (mov r8, r8)
100017f8:	50110000 	.word	0x50110000
100017fc:	5011204c 	.word	0x5011204c

10001800 <runtime_init_post_clock_resets>:
10001800:	4a04      	ldr	r2, [pc, #16]	@ (10001814 <runtime_init_post_clock_resets+0x14>)
10001802:	4b05      	ldr	r3, [pc, #20]	@ (10001818 <runtime_init_post_clock_resets+0x18>)
10001804:	601a      	str	r2, [r3, #0]
10001806:	4a05      	ldr	r2, [pc, #20]	@ (1000181c <runtime_init_post_clock_resets+0x1c>)
10001808:	6813      	ldr	r3, [r2, #0]
1000180a:	01db      	lsls	r3, r3, #7
1000180c:	3380      	adds	r3, #128	@ 0x80
1000180e:	d1fb      	bne.n	10001808 <runtime_init_post_clock_resets+0x8>
10001810:	4770      	bx	lr
10001812:	46c0      	nop			@ (mov r8, r8)
10001814:	01ffffff 	.word	0x01ffffff
10001818:	4000f000 	.word	0x4000f000
1000181c:	4000c008 	.word	0x4000c008

10001820 <runtime_init_rp2040_gpio_ie_disable>:
10001820:	2240      	movs	r2, #64	@ 0x40
10001822:	4b03      	ldr	r3, [pc, #12]	@ (10001830 <runtime_init_rp2040_gpio_ie_disable+0x10>)
10001824:	679a      	str	r2, [r3, #120]	@ 0x78
10001826:	675a      	str	r2, [r3, #116]	@ 0x74
10001828:	671a      	str	r2, [r3, #112]	@ 0x70
1000182a:	66da      	str	r2, [r3, #108]	@ 0x6c
1000182c:	4770      	bx	lr
1000182e:	46c0      	nop			@ (mov r8, r8)
10001830:	4001f000 	.word	0x4001f000

10001834 <runtime_init_spin_locks_reset>:
10001834:	b510      	push	{r4, lr}
10001836:	f7fe ff03 	bl	10000640 <spin_locks_reset>
1000183a:	bd10      	pop	{r4, pc}

1000183c <runtime_init_install_ram_vector_table>:
1000183c:	b5f8      	push	{r3, r4, r5, r6, r7, lr}
1000183e:	4927      	ldr	r1, [pc, #156]	@ (100018dc <runtime_init_install_ram_vector_table+0xa0>)
10001840:	4c27      	ldr	r4, [pc, #156]	@ (100018e0 <runtime_init_install_ram_vector_table+0xa4>)
10001842:	4d28      	ldr	r5, [pc, #160]	@ (100018e4 <runtime_init_install_ram_vector_table+0xa8>)
10001844:	1a64      	subs	r4, r4, r1
10001846:	10a6      	asrs	r6, r4, #2
10001848:	0032      	movs	r2, r6
1000184a:	2e30      	cmp	r6, #48	@ 0x30
1000184c:	d900      	bls.n	10001850 <runtime_init_install_ram_vector_table+0x14>
1000184e:	2230      	movs	r2, #48	@ 0x30
10001850:	0028      	movs	r0, r5
10001852:	0092      	lsls	r2, r2, #2
10001854:	f000 fbd0 	bl	10001ff8 <__wrap___aeabi_memcpy>
10001858:	2cbc      	cmp	r4, #188	@ 0xbc
1000185a:	d83b      	bhi.n	100018d4 <runtime_init_install_ram_vector_table+0x98>
1000185c:	2030      	movs	r0, #48	@ 0x30
1000185e:	232f      	movs	r3, #47	@ 0x2f
10001860:	192c      	adds	r4, r5, r4
10001862:	0764      	lsls	r4, r4, #29
10001864:	4a20      	ldr	r2, [pc, #128]	@ (100018e8 <runtime_init_install_ram_vector_table+0xac>)
10001866:	1b80      	subs	r0, r0, r6
10001868:	0fe4      	lsrs	r4, r4, #31
1000186a:	1b9b      	subs	r3, r3, r6
1000186c:	2b05      	cmp	r3, #5
1000186e:	d916      	bls.n	1000189e <runtime_init_install_ram_vector_table+0x62>
10001870:	0037      	movs	r7, r6
10001872:	2c00      	cmp	r4, #0
10001874:	d002      	beq.n	1000187c <runtime_init_install_ram_vector_table+0x40>
10001876:	00b3      	lsls	r3, r6, #2
10001878:	1c77      	adds	r7, r6, #1
1000187a:	50ea      	str	r2, [r5, r3]
1000187c:	1b00      	subs	r0, r0, r4
1000187e:	1933      	adds	r3, r6, r4
10001880:	009b      	lsls	r3, r3, #2
10001882:	0841      	lsrs	r1, r0, #1
10001884:	18eb      	adds	r3, r5, r3
10001886:	00c9      	lsls	r1, r1, #3
10001888:	18c9      	adds	r1, r1, r3
1000188a:	601a      	str	r2, [r3, #0]
1000188c:	605a      	str	r2, [r3, #4]
1000188e:	3308      	adds	r3, #8
10001890:	4299      	cmp	r1, r3
10001892:	d1fa      	bne.n	1000188a <runtime_init_install_ram_vector_table+0x4e>
10001894:	2301      	movs	r3, #1
10001896:	4203      	tst	r3, r0
10001898:	d01c      	beq.n	100018d4 <runtime_init_install_ram_vector_table+0x98>
1000189a:	4398      	bics	r0, r3
1000189c:	19c6      	adds	r6, r0, r7
1000189e:	00b3      	lsls	r3, r6, #2
100018a0:	50ea      	str	r2, [r5, r3]
100018a2:	1c73      	adds	r3, r6, #1
100018a4:	2e2f      	cmp	r6, #47	@ 0x2f
100018a6:	d015      	beq.n	100018d4 <runtime_init_install_ram_vector_table+0x98>
100018a8:	009b      	lsls	r3, r3, #2
100018aa:	50ea      	str	r2, [r5, r3]
100018ac:	1cb3      	adds	r3, r6, #2
100018ae:	2e2e      	cmp	r6, #46	@ 0x2e
100018b0:	d010      	beq.n	100018d4 <runtime_init_install_ram_vector_table+0x98>
100018b2:	009b      	lsls	r3, r3, #2
100018b4:	50ea      	str	r2, [r5, r3]
100018b6:	1cf3      	adds	r3, r6, #3
100018b8:	2e2d      	cmp	r6, #45	@ 0x2d
100018ba:	d00b      	beq.n	100018d4 <runtime_init_install_ram_vector_table+0x98>
100018bc:	009b      	lsls	r3, r3, #2
100018be:	50ea      	str	r2, [r5, r3]
100018c0:	1d33      	adds	r3, r6, #4
100018c2:	2e2c      	cmp	r6, #44	@ 0x2c
100018c4:	d006      	beq.n	100018d4 <runtime_init_install_ram_vector_table+0x98>
100018c6:	009b      	lsls	r3, r3, #2
100018c8:	50ea      	str	r2, [r5, r3]
100018ca:	1d73      	adds	r3, r6, #5
100018cc:	2e2b      	cmp	r6, #43	@ 0x2b
100018ce:	d001      	beq.n	100018d4 <runtime_init_install_ram_vector_table+0x98>
100018d0:	009b      	lsls	r3, r3, #2
100018d2:	50ea      	str	r2, [r5, r3]
100018d4:	4b05      	ldr	r3, [pc, #20]	@ (100018ec <runtime_init_install_ram_vector_table+0xb0>)
100018d6:	609d      	str	r5, [r3, #8]
100018d8:	bdf8      	pop	{r3, r4, r5, r6, r7, pc}
100018da:	46c0      	nop			@ (mov r8, r8)
100018dc:	10000100 	.word	0x10000100
100018e0:	100001c0 	.word	0x100001c0
100018e4:	20000000 	.word	0x20000000
100018e8:	100001c1 	.word	0x100001c1
100018ec:	e000ed00 	.word	0xe000ed00

100018f0 <runtime_init_clocks>:
100018f0:	2300      	movs	r3, #0
100018f2:	b510      	push	{r4, lr}
100018f4:	4c29      	ldr	r4, [pc, #164]	@ (1000199c <runtime_init_clocks+0xac>)
100018f6:	b082      	sub	sp, #8
100018f8:	67a3      	str	r3, [r4, #120]	@ 0x78
100018fa:	f7ff ff2d 	bl	10001758 <xosc_init>
100018fe:	2201      	movs	r2, #1
10001900:	4b27      	ldr	r3, [pc, #156]	@ (100019a0 <runtime_init_clocks+0xb0>)
10001902:	601a      	str	r2, [r3, #0]
10001904:	6c63      	ldr	r3, [r4, #68]	@ 0x44
10001906:	2b01      	cmp	r3, #1
10001908:	d1fc      	bne.n	10001904 <runtime_init_clocks+0x14>
1000190a:	2203      	movs	r2, #3
1000190c:	4b25      	ldr	r3, [pc, #148]	@ (100019a4 <runtime_init_clocks+0xb4>)
1000190e:	601a      	str	r2, [r3, #0]
10001910:	4a22      	ldr	r2, [pc, #136]	@ (1000199c <runtime_init_clocks+0xac>)
10001912:	6b93      	ldr	r3, [r2, #56]	@ 0x38
10001914:	2b01      	cmp	r3, #1
10001916:	d1fc      	bne.n	10001912 <runtime_init_clocks+0x22>
10001918:	3301      	adds	r3, #1
1000191a:	9300      	str	r3, [sp, #0]
1000191c:	2101      	movs	r1, #1
1000191e:	4a22      	ldr	r2, [pc, #136]	@ (100019a8 <runtime_init_clocks+0xb8>)
10001920:	4822      	ldr	r0, [pc, #136]	@ (100019ac <runtime_init_clocks+0xbc>)
10001922:	3304      	adds	r3, #4
10001924:	f7ff fe2c 	bl	10001580 <pll_init>
10001928:	2305      	movs	r3, #5
1000192a:	2101      	movs	r1, #1
1000192c:	9300      	str	r3, [sp, #0]
1000192e:	4a20      	ldr	r2, [pc, #128]	@ (100019b0 <runtime_init_clocks+0xc0>)
10001930:	4820      	ldr	r0, [pc, #128]	@ (100019b4 <runtime_init_clocks+0xc4>)
10001932:	f7ff fe25 	bl	10001580 <pll_init>
10001936:	2200      	movs	r2, #0
10001938:	2102      	movs	r1, #2
1000193a:	2004      	movs	r0, #4
1000193c:	4b1e      	ldr	r3, [pc, #120]	@ (100019b8 <runtime_init_clocks+0xc8>)
1000193e:	f7ff fda5 	bl	1000148c <clock_configure_undivided>
10001942:	2200      	movs	r2, #0
10001944:	2101      	movs	r1, #1
10001946:	2005      	movs	r0, #5
10001948:	4b1c      	ldr	r3, [pc, #112]	@ (100019bc <runtime_init_clocks+0xcc>)
1000194a:	f7ff fd9f 	bl	1000148c <clock_configure_undivided>
1000194e:	2200      	movs	r2, #0
10001950:	2100      	movs	r1, #0
10001952:	2007      	movs	r0, #7
10001954:	4b1a      	ldr	r3, [pc, #104]	@ (100019c0 <runtime_init_clocks+0xd0>)
10001956:	f7ff fd99 	bl	1000148c <clock_configure_undivided>
1000195a:	2200      	movs	r2, #0
1000195c:	2100      	movs	r1, #0
1000195e:	2008      	movs	r0, #8
10001960:	4b17      	ldr	r3, [pc, #92]	@ (100019c0 <runtime_init_clocks+0xd0>)
10001962:	f7ff fd93 	bl	1000148c <clock_configure_undivided>
10001966:	2380      	movs	r3, #128	@ 0x80
10001968:	00db      	lsls	r3, r3, #3
1000196a:	9300      	str	r3, [sp, #0]
1000196c:	2200      	movs	r2, #0
1000196e:	2100      	movs	r1, #0
10001970:	2009      	movs	r0, #9
10001972:	4b13      	ldr	r3, [pc, #76]	@ (100019c0 <runtime_init_clocks+0xd0>)
10001974:	f7ff fd10 	bl	10001398 <clock_configure_int_divider>
10001978:	2200      	movs	r2, #0
1000197a:	4b10      	ldr	r3, [pc, #64]	@ (100019bc <runtime_init_clocks+0xcc>)
1000197c:	2100      	movs	r1, #0
1000197e:	2006      	movs	r0, #6
10001980:	f7ff fd84 	bl	1000148c <clock_configure_undivided>
10001984:	2004      	movs	r0, #4
10001986:	f7ff fdf5 	bl	10001574 <clock_get_hz>
1000198a:	490e      	ldr	r1, [pc, #56]	@ (100019c4 <runtime_init_clocks+0xd4>)
1000198c:	f000 f824 	bl	100019d8 <__wrap___aeabi_uidiv>
10001990:	0001      	movs	r1, r0
10001992:	2000      	movs	r0, #0
10001994:	f7ff fe94 	bl	100016c0 <tick_start>
10001998:	b002      	add	sp, #8
1000199a:	bd10      	pop	{r4, pc}
1000199c:	40008000 	.word	0x40008000
100019a0:	4000b03c 	.word	0x4000b03c
100019a4:	4000b030 	.word	0x4000b030
100019a8:	59682f00 	.word	0x59682f00
100019ac:	40028000 	.word	0x40028000
100019b0:	47868c00 	.word	0x47868c00
100019b4:	4002c000 	.word	0x4002c000
100019b8:	00b71b00 	.word	0x00b71b00
100019bc:	07735940 	.word	0x07735940
100019c0:	02dc6c00 	.word	0x02dc6c00
100019c4:	000f4240 	.word	0x000f4240

100019c8 <__aeabi_bits_init>:
100019c8:	4801      	ldr	r0, [pc, #4]	@ (100019d0 <__aeabi_bits_init+0x8>)
100019ca:	2104      	movs	r1, #4
100019cc:	4b01      	ldr	r3, [pc, #4]	@ (100019d4 <__aeabi_bits_init+0xc>)
100019ce:	4718      	bx	r3
100019d0:	20001050 	.word	0x20001050
100019d4:	100016f1 	.word	0x100016f1

100019d8 <__wrap___aeabi_uidiv>:
100019d8:	4a11      	ldr	r2, [pc, #68]	@ (10001a20 <divmod_u32u32_savestate+0x18>)
100019da:	6f93      	ldr	r3, [r2, #120]	@ 0x78
100019dc:	089b      	lsrs	r3, r3, #2
100019de:	d213      	bcs.n	10001a08 <divmod_u32u32_savestate>

100019e0 <divmod_u32u32_unsafe>:
100019e0:	6610      	str	r0, [r2, #96]	@ 0x60
100019e2:	6651      	str	r1, [r2, #100]	@ 0x64
100019e4:	2900      	cmp	r1, #0
100019e6:	d005      	beq.n	100019f4 <divmod_u32u32_unsafe+0x14>
100019e8:	e7ff      	b.n	100019ea <divmod_u32u32_unsafe+0xa>
100019ea:	e7ff      	b.n	100019ec <divmod_u32u32_unsafe+0xc>
100019ec:	e7ff      	b.n	100019ee <divmod_u32u32_unsafe+0xe>
100019ee:	6f51      	ldr	r1, [r2, #116]	@ 0x74
100019f0:	6f10      	ldr	r0, [r2, #112]	@ 0x70
100019f2:	4770      	bx	lr
100019f4:	b504      	push	{r2, lr}
100019f6:	2800      	cmp	r0, #0
100019f8:	d001      	beq.n	100019fe <divmod_u32u32_unsafe+0x1e>
100019fa:	2000      	movs	r0, #0
100019fc:	43c0      	mvns	r0, r0
100019fe:	f003 fdf7 	bl	100055f0 <____aeabi_idiv0_veneer>
10001a02:	2100      	movs	r1, #0
10001a04:	bd04      	pop	{r2, pc}
10001a06:	46c0      	nop			@ (mov r8, r8)

10001a08 <divmod_u32u32_savestate>:
10001a08:	b5f0      	push	{r4, r5, r6, r7, lr}
10001a0a:	6e14      	ldr	r4, [r2, #96]	@ 0x60
10001a0c:	6e55      	ldr	r5, [r2, #100]	@ 0x64
10001a0e:	6f57      	ldr	r7, [r2, #116]	@ 0x74
10001a10:	6f16      	ldr	r6, [r2, #112]	@ 0x70
10001a12:	f7ff ffe5 	bl	100019e0 <divmod_u32u32_unsafe>
10001a16:	6614      	str	r4, [r2, #96]	@ 0x60
10001a18:	6655      	str	r5, [r2, #100]	@ 0x64
10001a1a:	6757      	str	r7, [r2, #116]	@ 0x74
10001a1c:	6716      	str	r6, [r2, #112]	@ 0x70
10001a1e:	bdf0      	pop	{r4, r5, r6, r7, pc}
10001a20:	d0000000 	.word	0xd0000000

10001a24 <__wrap___aeabi_ldivmod>:
10001a24:	4694      	mov	ip, r2
10001a26:	4a4a      	ldr	r2, [pc, #296]	@ (10001b50 <udiv0+0x1a>)
10001a28:	6f92      	ldr	r2, [r2, #120]	@ 0x78
10001a2a:	0892      	lsrs	r2, r2, #2
10001a2c:	4662      	mov	r2, ip
10001a2e:	d201      	bcs.n	10001a34 <divmod_s64s64_savestate>
10001a30:	e028      	b.n	10001a84 <divmod_s64s64_unsafe>
10001a32:	46c0      	nop			@ (mov r8, r8)

10001a34 <divmod_s64s64_savestate>:
10001a34:	b5f0      	push	{r4, r5, r6, r7, lr}
10001a36:	4e46      	ldr	r6, [pc, #280]	@ (10001b50 <udiv0+0x1a>)
10001a38:	6e34      	ldr	r4, [r6, #96]	@ 0x60
10001a3a:	6e75      	ldr	r5, [r6, #100]	@ 0x64
10001a3c:	6f77      	ldr	r7, [r6, #116]	@ 0x74
10001a3e:	6f36      	ldr	r6, [r6, #112]	@ 0x70
10001a40:	f000 f820 	bl	10001a84 <divmod_s64s64_unsafe>
10001a44:	4694      	mov	ip, r2
10001a46:	4a42      	ldr	r2, [pc, #264]	@ (10001b50 <udiv0+0x1a>)
10001a48:	6614      	str	r4, [r2, #96]	@ 0x60
10001a4a:	6655      	str	r5, [r2, #100]	@ 0x64
10001a4c:	6757      	str	r7, [r2, #116]	@ 0x74
10001a4e:	6716      	str	r6, [r2, #112]	@ 0x70
10001a50:	4662      	mov	r2, ip
10001a52:	bdf0      	pop	{r4, r5, r6, r7, pc}

10001a54 <__wrap___aeabi_uldivmod>:
10001a54:	4694      	mov	ip, r2
10001a56:	4a3e      	ldr	r2, [pc, #248]	@ (10001b50 <udiv0+0x1a>)
10001a58:	6f92      	ldr	r2, [r2, #120]	@ 0x78
10001a5a:	0892      	lsrs	r2, r2, #2
10001a5c:	4662      	mov	r2, ip
10001a5e:	d201      	bcs.n	10001a64 <divmod_u64u64_savestate>
10001a60:	e054      	b.n	10001b0c <divmod_u64u64_unsafe>
10001a62:	46c0      	nop			@ (mov r8, r8)

10001a64 <divmod_u64u64_savestate>:
10001a64:	b5f0      	push	{r4, r5, r6, r7, lr}
10001a66:	4e3a      	ldr	r6, [pc, #232]	@ (10001b50 <udiv0+0x1a>)
10001a68:	6e34      	ldr	r4, [r6, #96]	@ 0x60
10001a6a:	6e75      	ldr	r5, [r6, #100]	@ 0x64
10001a6c:	6f77      	ldr	r7, [r6, #116]	@ 0x74
10001a6e:	6f36      	ldr	r6, [r6, #112]	@ 0x70
10001a70:	f000 f84c 	bl	10001b0c <divmod_u64u64_unsafe>
10001a74:	4694      	mov	ip, r2
10001a76:	4a36      	ldr	r2, [pc, #216]	@ (10001b50 <udiv0+0x1a>)
10001a78:	6614      	str	r4, [r2, #96]	@ 0x60
10001a7a:	6655      	str	r5, [r2, #100]	@ 0x64
10001a7c:	6757      	str	r7, [r2, #116]	@ 0x74
10001a7e:	6716      	str	r6, [r2, #112]	@ 0x70
10001a80:	4662      	mov	r2, ip
10001a82:	bdf0      	pop	{r4, r5, r6, r7, pc}

10001a84 <divmod_s64s64_unsafe>:
10001a84:	2b00      	cmp	r3, #0
10001a86:	db24      	blt.n	10001ad2 <l42_1+0x26>
10001a88:	d011      	beq.n	10001aae <l42_1+0x2>
10001a8a:	2900      	cmp	r1, #0
10001a8c:	da3e      	bge.n	10001b0c <divmod_u64u64_unsafe>
10001a8e:	b500      	push	{lr}
10001a90:	43c9      	mvns	r1, r1
10001a92:	4240      	negs	r0, r0
10001a94:	d100      	bne.n	10001a98 <l40_1>
10001a96:	3101      	adds	r1, #1

10001a98 <l40_1>:
10001a98:	f000 f838 	bl	10001b0c <divmod_u64u64_unsafe>
10001a9c:	43c9      	mvns	r1, r1
10001a9e:	4240      	negs	r0, r0
10001aa0:	d100      	bne.n	10001aa4 <l41_1>
10001aa2:	3101      	adds	r1, #1

10001aa4 <l41_1>:
10001aa4:	43db      	mvns	r3, r3
10001aa6:	4252      	negs	r2, r2
10001aa8:	d100      	bne.n	10001aac <l42_1>
10001aaa:	3301      	adds	r3, #1

10001aac <l42_1>:
10001aac:	bd00      	pop	{pc}
10001aae:	2a00      	cmp	r2, #0
10001ab0:	d1eb      	bne.n	10001a8a <divmod_s64s64_unsafe+0x6>
10001ab2:	2800      	cmp	r0, #0
10001ab4:	d101      	bne.n	10001aba <l42_1+0xe>
10001ab6:	2900      	cmp	r1, #0
10001ab8:	d005      	beq.n	10001ac6 <l42_1+0x1a>
10001aba:	2000      	movs	r0, #0
10001abc:	0fc9      	lsrs	r1, r1, #31
10001abe:	07c9      	lsls	r1, r1, #31
10001ac0:	d101      	bne.n	10001ac6 <l42_1+0x1a>
10001ac2:	43c0      	mvns	r0, r0
10001ac4:	0841      	lsrs	r1, r0, #1
10001ac6:	b500      	push	{lr}
10001ac8:	f003 fd82 	bl	100055d0 <____aeabi_ldiv0_veneer>
10001acc:	2200      	movs	r2, #0
10001ace:	2300      	movs	r3, #0
10001ad0:	bd00      	pop	{pc}
10001ad2:	b500      	push	{lr}
10001ad4:	2900      	cmp	r1, #0
10001ad6:	db0a      	blt.n	10001aee <l44_1+0x2>
10001ad8:	43db      	mvns	r3, r3
10001ada:	4252      	negs	r2, r2
10001adc:	d100      	bne.n	10001ae0 <l43_1>
10001ade:	3301      	adds	r3, #1

10001ae0 <l43_1>:
10001ae0:	f000 f814 	bl	10001b0c <divmod_u64u64_unsafe>
10001ae4:	43c9      	mvns	r1, r1
10001ae6:	4240      	negs	r0, r0
10001ae8:	d100      	bne.n	10001aec <l44_1>
10001aea:	3101      	adds	r1, #1

10001aec <l44_1>:
10001aec:	bd00      	pop	{pc}
10001aee:	43c9      	mvns	r1, r1
10001af0:	4240      	negs	r0, r0
10001af2:	d100      	bne.n	10001af6 <l45_1>
10001af4:	3101      	adds	r1, #1

10001af6 <l45_1>:
10001af6:	43db      	mvns	r3, r3
10001af8:	4252      	negs	r2, r2
10001afa:	d100      	bne.n	10001afe <l46_1>
10001afc:	3301      	adds	r3, #1

10001afe <l46_1>:
10001afe:	f000 f805 	bl	10001b0c <divmod_u64u64_unsafe>
10001b02:	43db      	mvns	r3, r3
10001b04:	4252      	negs	r2, r2
10001b06:	d100      	bne.n	10001b0a <l47_1>
10001b08:	3301      	adds	r3, #1

10001b0a <l47_1>:
10001b0a:	bd00      	pop	{pc}

10001b0c <divmod_u64u64_unsafe>:
10001b0c:	2900      	cmp	r1, #0
10001b0e:	d123      	bne.n	10001b58 <y64>
10001b10:	2b00      	cmp	r3, #0
10001b12:	d118      	bne.n	10001b46 <udiv0+0x10>
10001b14:	2a00      	cmp	r2, #0
10001b16:	d00c      	beq.n	10001b32 <divmod_u64u64_unsafe+0x26>
10001b18:	46bc      	mov	ip, r7
10001b1a:	4f0d      	ldr	r7, [pc, #52]	@ (10001b50 <udiv0+0x1a>)
10001b1c:	6638      	str	r0, [r7, #96]	@ 0x60
10001b1e:	667a      	str	r2, [r7, #100]	@ 0x64
10001b20:	2100      	movs	r1, #0
10001b22:	2300      	movs	r3, #0
10001b24:	e7ff      	b.n	10001b26 <divmod_u64u64_unsafe+0x1a>
10001b26:	e7ff      	b.n	10001b28 <divmod_u64u64_unsafe+0x1c>
10001b28:	e7ff      	b.n	10001b2a <divmod_u64u64_unsafe+0x1e>
10001b2a:	6f7a      	ldr	r2, [r7, #116]	@ 0x74
10001b2c:	6f38      	ldr	r0, [r7, #112]	@ 0x70
10001b2e:	4667      	mov	r7, ip
10001b30:	4770      	bx	lr
10001b32:	2800      	cmp	r0, #0
10001b34:	d001      	beq.n	10001b3a <udiv0+0x4>

10001b36 <udiv0>:
10001b36:	4807      	ldr	r0, [pc, #28]	@ (10001b54 <udiv0+0x1e>)
10001b38:	0001      	movs	r1, r0
10001b3a:	b500      	push	{lr}
10001b3c:	f003 fd48 	bl	100055d0 <____aeabi_ldiv0_veneer>
10001b40:	2200      	movs	r2, #0
10001b42:	2300      	movs	r3, #0
10001b44:	bd00      	pop	{pc}
10001b46:	0002      	movs	r2, r0
10001b48:	000b      	movs	r3, r1
10001b4a:	2000      	movs	r0, #0
10001b4c:	2100      	movs	r1, #0
10001b4e:	4770      	bx	lr
10001b50:	d0000000 	.word	0xd0000000
10001b54:	ffffffff 	.word	0xffffffff

10001b58 <y64>:
10001b58:	2b00      	cmp	r3, #0
10001b5a:	d000      	beq.n	10001b5e <y64+0x6>
10001b5c:	e0bf      	b.n	10001cde <y64_x48>
10001b5e:	0c13      	lsrs	r3, r2, #16
10001b60:	d128      	bne.n	10001bb4 <y64_x32>
10001b62:	2a00      	cmp	r2, #0
10001b64:	d0e7      	beq.n	10001b36 <udiv0>
10001b66:	b480      	push	{r7}
10001b68:	4f11      	ldr	r7, [pc, #68]	@ (10001bb0 <y64+0x58>)
10001b6a:	6639      	str	r1, [r7, #96]	@ 0x60
10001b6c:	667a      	str	r2, [r7, #100]	@ 0x64
10001b6e:	e7ff      	b.n	10001b70 <y64+0x18>
10001b70:	e7ff      	b.n	10001b72 <y64+0x1a>
10001b72:	b430      	push	{r4, r5}
10001b74:	0c04      	lsrs	r4, r0, #16
10001b76:	6f7b      	ldr	r3, [r7, #116]	@ 0x74
10001b78:	6f39      	ldr	r1, [r7, #112]	@ 0x70
10001b7a:	041b      	lsls	r3, r3, #16
10001b7c:	4323      	orrs	r3, r4
10001b7e:	663b      	str	r3, [r7, #96]	@ 0x60
10001b80:	667a      	str	r2, [r7, #100]	@ 0x64
10001b82:	e7ff      	b.n	10001b84 <y64+0x2c>
10001b84:	e7ff      	b.n	10001b86 <y64+0x2e>
10001b86:	e7ff      	b.n	10001b88 <y64+0x30>
10001b88:	46c0      	nop			@ (mov r8, r8)
10001b8a:	b284      	uxth	r4, r0
10001b8c:	6f7b      	ldr	r3, [r7, #116]	@ 0x74
10001b8e:	6f3d      	ldr	r5, [r7, #112]	@ 0x70
10001b90:	041b      	lsls	r3, r3, #16
10001b92:	4323      	orrs	r3, r4
10001b94:	663b      	str	r3, [r7, #96]	@ 0x60
10001b96:	667a      	str	r2, [r7, #100]	@ 0x64
10001b98:	e7ff      	b.n	10001b9a <y64+0x42>
10001b9a:	e7ff      	b.n	10001b9c <y64+0x44>
10001b9c:	46c0      	nop			@ (mov r8, r8)
10001b9e:	2300      	movs	r3, #0
10001ba0:	042c      	lsls	r4, r5, #16
10001ba2:	0c2d      	lsrs	r5, r5, #16
10001ba4:	6f7a      	ldr	r2, [r7, #116]	@ 0x74
10001ba6:	6f38      	ldr	r0, [r7, #112]	@ 0x70
10001ba8:	1900      	adds	r0, r0, r4
10001baa:	4169      	adcs	r1, r5
10001bac:	bcb0      	pop	{r4, r5, r7}
10001bae:	4770      	bx	lr
10001bb0:	d0000000 	.word	0xd0000000

10001bb4 <y64_x32>:
10001bb4:	b5f0      	push	{r4, r5, r6, r7, lr}
10001bb6:	4694      	mov	ip, r2
10001bb8:	2500      	movs	r5, #0
10001bba:	0e14      	lsrs	r4, r2, #24
10001bbc:	d101      	bne.n	10001bc2 <y64_x32+0xe>
10001bbe:	0212      	lsls	r2, r2, #8
10001bc0:	3508      	adds	r5, #8
10001bc2:	0f14      	lsrs	r4, r2, #28
10001bc4:	d101      	bne.n	10001bca <y64_x32+0x16>
10001bc6:	0112      	lsls	r2, r2, #4
10001bc8:	3504      	adds	r5, #4
10001bca:	0f94      	lsrs	r4, r2, #30
10001bcc:	d101      	bne.n	10001bd2 <y64_x32+0x1e>
10001bce:	0092      	lsls	r2, r2, #2
10001bd0:	3502      	adds	r5, #2
10001bd2:	0fd4      	lsrs	r4, r2, #31
10001bd4:	d101      	bne.n	10001bda <y64_x32+0x26>
10001bd6:	0052      	lsls	r2, r2, #1
10001bd8:	3501      	adds	r5, #1
10001bda:	0bd4      	lsrs	r4, r2, #15
10001bdc:	3401      	adds	r4, #1
10001bde:	4f25      	ldr	r7, [pc, #148]	@ (10001c74 <y64_x32+0xc0>)
10001be0:	667c      	str	r4, [r7, #100]	@ 0x64
10001be2:	4c25      	ldr	r4, [pc, #148]	@ (10001c78 <y64_x32+0xc4>)
10001be4:	663c      	str	r4, [r7, #96]	@ 0x60
10001be6:	0c0e      	lsrs	r6, r1, #16
10001be8:	b293      	uxth	r3, r2
10001bea:	e7ff      	b.n	10001bec <y64_x32+0x38>
10001bec:	e7ff      	b.n	10001bee <y64_x32+0x3a>
10001bee:	e7ff      	b.n	10001bf0 <y64_x32+0x3c>
10001bf0:	6f3c      	ldr	r4, [r7, #112]	@ 0x70
10001bf2:	4366      	muls	r6, r4
10001bf4:	0c36      	lsrs	r6, r6, #16
10001bf6:	0377      	lsls	r7, r6, #13
10001bf8:	46be      	mov	lr, r7
10001bfa:	4373      	muls	r3, r6
10001bfc:	0bdf      	lsrs	r7, r3, #15
10001bfe:	045b      	lsls	r3, r3, #17
10001c00:	1ac0      	subs	r0, r0, r3
10001c02:	41b9      	sbcs	r1, r7
10001c04:	0c13      	lsrs	r3, r2, #16
10001c06:	4373      	muls	r3, r6
10001c08:	18db      	adds	r3, r3, r3
10001c0a:	1ac9      	subs	r1, r1, r3
10001c0c:	08ce      	lsrs	r6, r1, #3
10001c0e:	4366      	muls	r6, r4
10001c10:	0c36      	lsrs	r6, r6, #16
10001c12:	44b6      	add	lr, r6
10001c14:	b293      	uxth	r3, r2
10001c16:	4373      	muls	r3, r6
10001c18:	0f1f      	lsrs	r7, r3, #28
10001c1a:	011b      	lsls	r3, r3, #4
10001c1c:	1ac0      	subs	r0, r0, r3
10001c1e:	41b9      	sbcs	r1, r7
10001c20:	0c13      	lsrs	r3, r2, #16
10001c22:	4373      	muls	r3, r6
10001c24:	0b1f      	lsrs	r7, r3, #12
10001c26:	051b      	lsls	r3, r3, #20
10001c28:	1ac0      	subs	r0, r0, r3
10001c2a:	41b9      	sbcs	r1, r7
10001c2c:	0d86      	lsrs	r6, r0, #22
10001c2e:	028f      	lsls	r7, r1, #10
10001c30:	433e      	orrs	r6, r7
10001c32:	4366      	muls	r6, r4
10001c34:	0c36      	lsrs	r6, r6, #16
10001c36:	2d09      	cmp	r5, #9
10001c38:	db24      	blt.n	10001c84 <last0>
10001c3a:	0a52      	lsrs	r2, r2, #9
10001c3c:	4372      	muls	r2, r6
10001c3e:	1a80      	subs	r0, r0, r2
10001c40:	0377      	lsls	r7, r6, #13
10001c42:	0a46      	lsrs	r6, r0, #9
10001c44:	4366      	muls	r6, r4
10001c46:	0c36      	lsrs	r6, r6, #16
10001c48:	2316      	movs	r3, #22
10001c4a:	1b5b      	subs	r3, r3, r5
10001c4c:	40de      	lsrs	r6, r3
10001c4e:	40df      	lsrs	r7, r3
10001c50:	19bf      	adds	r7, r7, r6
10001c52:	4664      	mov	r4, ip
10001c54:	4366      	muls	r6, r4
10001c56:	1b82      	subs	r2, r0, r6
10001c58:	4670      	mov	r0, lr
10001c5a:	3504      	adds	r5, #4
10001c5c:	3306      	adds	r3, #6
10001c5e:	0001      	movs	r1, r0
10001c60:	40d9      	lsrs	r1, r3
10001c62:	40a8      	lsls	r0, r5
10001c64:	19c0      	adds	r0, r0, r7
10001c66:	d300      	bcc.n	10001c6a <y64_x32+0xb6>
10001c68:	3101      	adds	r1, #1
10001c6a:	42a2      	cmp	r2, r4
10001c6c:	d206      	bcs.n	10001c7c <y64_x32+0xc8>
10001c6e:	2300      	movs	r3, #0
10001c70:	bdf0      	pop	{r4, r5, r6, r7, pc}
10001c72:	0000      	.short	0x0000
10001c74:	d0000000 	.word	0xd0000000
10001c78:	ffffffff 	.word	0xffffffff
10001c7c:	1b12      	subs	r2, r2, r4
10001c7e:	3001      	adds	r0, #1
10001c80:	d3f3      	bcc.n	10001c6a <y64_x32+0xb6>
10001c82:	e7f1      	b.n	10001c68 <y64_x32+0xb4>

10001c84 <last0>:
10001c84:	2709      	movs	r7, #9
10001c86:	1b7f      	subs	r7, r7, r5
10001c88:	40fe      	lsrs	r6, r7
10001c8a:	4664      	mov	r4, ip
10001c8c:	b2a2      	uxth	r2, r4
10001c8e:	4372      	muls	r2, r6
10001c90:	1a80      	subs	r0, r0, r2
10001c92:	d200      	bcs.n	10001c96 <last0+0x12>
10001c94:	3901      	subs	r1, #1
10001c96:	0c22      	lsrs	r2, r4, #16
10001c98:	4372      	muls	r2, r6
10001c9a:	0c13      	lsrs	r3, r2, #16
10001c9c:	0412      	lsls	r2, r2, #16
10001c9e:	1a82      	subs	r2, r0, r2
10001ca0:	4199      	sbcs	r1, r3
10001ca2:	000b      	movs	r3, r1
10001ca4:	4670      	mov	r0, lr
10001ca6:	3504      	adds	r5, #4
10001ca8:	3713      	adds	r7, #19
10001caa:	0001      	movs	r1, r0
10001cac:	40f9      	lsrs	r1, r7
10001cae:	40a8      	lsls	r0, r5
10001cb0:	1980      	adds	r0, r0, r6
10001cb2:	d300      	bcc.n	10001cb6 <last0+0x32>
10001cb4:	3101      	adds	r1, #1
10001cb6:	2b00      	cmp	r3, #0
10001cb8:	d102      	bne.n	10001cc0 <last0+0x3c>
10001cba:	42a2      	cmp	r2, r4
10001cbc:	d20a      	bcs.n	10001cd4 <last0+0x50>
10001cbe:	bdf0      	pop	{r4, r5, r6, r7, pc}
10001cc0:	3001      	adds	r0, #1
10001cc2:	d300      	bcc.n	10001cc6 <last0+0x42>
10001cc4:	3101      	adds	r1, #1
10001cc6:	1b12      	subs	r2, r2, r4
10001cc8:	d2fa      	bcs.n	10001cc0 <last0+0x3c>
10001cca:	3b01      	subs	r3, #1
10001ccc:	d1f8      	bne.n	10001cc0 <last0+0x3c>
10001cce:	42a2      	cmp	r2, r4
10001cd0:	d200      	bcs.n	10001cd4 <last0+0x50>
10001cd2:	bdf0      	pop	{r4, r5, r6, r7, pc}
10001cd4:	3001      	adds	r0, #1
10001cd6:	d300      	bcc.n	10001cda <last0+0x56>
10001cd8:	3101      	adds	r1, #1
10001cda:	1b12      	subs	r2, r2, r4
10001cdc:	e7f7      	b.n	10001cce <last0+0x4a>

10001cde <y64_x48>:
10001cde:	b5f0      	push	{r4, r5, r6, r7, lr}
10001ce0:	0c1c      	lsrs	r4, r3, #16
10001ce2:	d000      	beq.n	10001ce6 <y64_x48+0x8>
10001ce4:	e080      	b.n	10001de8 <y64_x64>
10001ce6:	b40c      	push	{r2, r3}
10001ce8:	2500      	movs	r5, #0
10001cea:	0a1c      	lsrs	r4, r3, #8
10001cec:	d104      	bne.n	10001cf8 <y64_x48+0x1a>
10001cee:	021b      	lsls	r3, r3, #8
10001cf0:	0e16      	lsrs	r6, r2, #24
10001cf2:	4333      	orrs	r3, r6
10001cf4:	0212      	lsls	r2, r2, #8
10001cf6:	3508      	adds	r5, #8
10001cf8:	0b1c      	lsrs	r4, r3, #12
10001cfa:	d104      	bne.n	10001d06 <y64_x48+0x28>
10001cfc:	011b      	lsls	r3, r3, #4
10001cfe:	0f16      	lsrs	r6, r2, #28
10001d00:	4333      	orrs	r3, r6
10001d02:	0112      	lsls	r2, r2, #4
10001d04:	3504      	adds	r5, #4
10001d06:	0b9c      	lsrs	r4, r3, #14
10001d08:	d104      	bne.n	10001d14 <y64_x48+0x36>
10001d0a:	009b      	lsls	r3, r3, #2
10001d0c:	0f96      	lsrs	r6, r2, #30
10001d0e:	4333      	orrs	r3, r6
10001d10:	0092      	lsls	r2, r2, #2
10001d12:	3502      	adds	r5, #2
10001d14:	0bdc      	lsrs	r4, r3, #15
10001d16:	d102      	bne.n	10001d1e <y64_x48+0x40>
10001d18:	1892      	adds	r2, r2, r2
10001d1a:	415b      	adcs	r3, r3
10001d1c:	3501      	adds	r5, #1
10001d1e:	001c      	movs	r4, r3
10001d20:	1897      	adds	r7, r2, r2
10001d22:	4164      	adcs	r4, r4
10001d24:	3401      	adds	r4, #1
10001d26:	4f46      	ldr	r7, [pc, #280]	@ (10001e40 <y64_x64+0x58>)
10001d28:	667c      	str	r4, [r7, #100]	@ 0x64
10001d2a:	4c46      	ldr	r4, [pc, #280]	@ (10001e44 <y64_x64+0x5c>)
10001d2c:	663c      	str	r4, [r7, #96]	@ 0x60
10001d2e:	0c0e      	lsrs	r6, r1, #16
10001d30:	e7ff      	b.n	10001d32 <y64_x48+0x54>
10001d32:	e7ff      	b.n	10001d34 <y64_x48+0x56>
10001d34:	e7ff      	b.n	10001d36 <y64_x48+0x58>
10001d36:	46c0      	nop			@ (mov r8, r8)
10001d38:	6f3c      	ldr	r4, [r7, #112]	@ 0x70
10001d3a:	4366      	muls	r6, r4
10001d3c:	0c36      	lsrs	r6, r6, #16
10001d3e:	0377      	lsls	r7, r6, #13
10001d40:	46be      	mov	lr, r7
10001d42:	b297      	uxth	r7, r2
10001d44:	4377      	muls	r7, r6
10001d46:	1bc0      	subs	r0, r0, r7
10001d48:	d200      	bcs.n	10001d4c <y64_x48+0x6e>
10001d4a:	3901      	subs	r1, #1
10001d4c:	1bc0      	subs	r0, r0, r7
10001d4e:	d200      	bcs.n	10001d52 <y64_x48+0x74>
10001d50:	3901      	subs	r1, #1
10001d52:	b29f      	uxth	r7, r3
10001d54:	4377      	muls	r7, r6
10001d56:	1bc9      	subs	r1, r1, r7
10001d58:	1bc9      	subs	r1, r1, r7
10001d5a:	0c17      	lsrs	r7, r2, #16
10001d5c:	4377      	muls	r7, r6
10001d5e:	047e      	lsls	r6, r7, #17
10001d60:	0bff      	lsrs	r7, r7, #15
10001d62:	1b80      	subs	r0, r0, r6
10001d64:	41b9      	sbcs	r1, r7
10001d66:	08ce      	lsrs	r6, r1, #3
10001d68:	4366      	muls	r6, r4
10001d6a:	0c36      	lsrs	r6, r6, #16
10001d6c:	2d0c      	cmp	r5, #12
10001d6e:	db33      	blt.n	10001dd8 <last1>
10001d70:	44b6      	add	lr, r6
10001d72:	0b12      	lsrs	r2, r2, #12
10001d74:	051f      	lsls	r7, r3, #20
10001d76:	433a      	orrs	r2, r7
10001d78:	0b1b      	lsrs	r3, r3, #12
10001d7a:	b297      	uxth	r7, r2
10001d7c:	4377      	muls	r7, r6
10001d7e:	1bc0      	subs	r0, r0, r7
10001d80:	d200      	bcs.n	10001d84 <y64_x48+0xa6>
10001d82:	3901      	subs	r1, #1
10001d84:	b29f      	uxth	r7, r3
10001d86:	4377      	muls	r7, r6
10001d88:	1bc9      	subs	r1, r1, r7
10001d8a:	0c17      	lsrs	r7, r2, #16
10001d8c:	4377      	muls	r7, r6
10001d8e:	043e      	lsls	r6, r7, #16
10001d90:	0c3f      	lsrs	r7, r7, #16
10001d92:	1b80      	subs	r0, r0, r6
10001d94:	41b9      	sbcs	r1, r7
10001d96:	0d86      	lsrs	r6, r0, #22
10001d98:	028f      	lsls	r7, r1, #10
10001d9a:	433e      	orrs	r6, r7
10001d9c:	4366      	muls	r6, r4
10001d9e:	2729      	movs	r7, #41	@ 0x29
10001da0:	1b7f      	subs	r7, r7, r5
10001da2:	40fe      	lsrs	r6, r7
10001da4:	3d0c      	subs	r5, #12
10001da6:	4677      	mov	r7, lr
10001da8:	40af      	lsls	r7, r5
10001daa:	19bf      	adds	r7, r7, r6
10001dac:	bc30      	pop	{r4, r5}
10001dae:	b2a2      	uxth	r2, r4
10001db0:	b2ab      	uxth	r3, r5
10001db2:	4372      	muls	r2, r6
10001db4:	4373      	muls	r3, r6
10001db6:	1a80      	subs	r0, r0, r2
10001db8:	4199      	sbcs	r1, r3
10001dba:	0c22      	lsrs	r2, r4, #16
10001dbc:	4372      	muls	r2, r6
10001dbe:	0c13      	lsrs	r3, r2, #16
10001dc0:	0412      	lsls	r2, r2, #16
10001dc2:	1a80      	subs	r0, r0, r2
10001dc4:	4199      	sbcs	r1, r3
10001dc6:	0002      	movs	r2, r0
10001dc8:	000b      	movs	r3, r1
10001dca:	3701      	adds	r7, #1
10001dcc:	1b00      	subs	r0, r0, r4
10001dce:	41a9      	sbcs	r1, r5
10001dd0:	d2f9      	bcs.n	10001dc6 <y64_x48+0xe8>
10001dd2:	1e78      	subs	r0, r7, #1
10001dd4:	2100      	movs	r1, #0
10001dd6:	bdf0      	pop	{r4, r5, r6, r7, pc}

10001dd8 <last1>:
10001dd8:	270c      	movs	r7, #12
10001dda:	1b7f      	subs	r7, r7, r5
10001ddc:	40fe      	lsrs	r6, r7
10001dde:	4677      	mov	r7, lr
10001de0:	0b7f      	lsrs	r7, r7, #13
10001de2:	40af      	lsls	r7, r5
10001de4:	19ff      	adds	r7, r7, r7
10001de6:	e7e0      	b.n	10001daa <y64_x48+0xcc>

10001de8 <y64_x64>:
10001de8:	2400      	movs	r4, #0
10001dea:	1c5d      	adds	r5, r3, #1
10001dec:	d007      	beq.n	10001dfe <y64_x64+0x16>
10001dee:	4f14      	ldr	r7, [pc, #80]	@ (10001e40 <y64_x64+0x58>)
10001df0:	667d      	str	r5, [r7, #100]	@ 0x64
10001df2:	6639      	str	r1, [r7, #96]	@ 0x60
10001df4:	e7ff      	b.n	10001df6 <y64_x64+0xe>
10001df6:	e7ff      	b.n	10001df8 <y64_x64+0x10>
10001df8:	e7ff      	b.n	10001dfa <y64_x64+0x12>
10001dfa:	e7ff      	b.n	10001dfc <y64_x64+0x14>
10001dfc:	6f3c      	ldr	r4, [r7, #112]	@ 0x70
10001dfe:	b295      	uxth	r5, r2
10001e00:	b29e      	uxth	r6, r3
10001e02:	4365      	muls	r5, r4
10001e04:	4366      	muls	r6, r4
10001e06:	1b40      	subs	r0, r0, r5
10001e08:	41b1      	sbcs	r1, r6
10001e0a:	0c15      	lsrs	r5, r2, #16
10001e0c:	0c1e      	lsrs	r6, r3, #16
10001e0e:	4365      	muls	r5, r4
10001e10:	4366      	muls	r6, r4
10001e12:	0436      	lsls	r6, r6, #16
10001e14:	0c2f      	lsrs	r7, r5, #16
10001e16:	433e      	orrs	r6, r7
10001e18:	042d      	lsls	r5, r5, #16
10001e1a:	1b40      	subs	r0, r0, r5
10001e1c:	41b1      	sbcs	r1, r6
10001e1e:	4299      	cmp	r1, r3
10001e20:	d204      	bcs.n	10001e2c <y64_x64+0x44>
10001e22:	0002      	movs	r2, r0
10001e24:	000b      	movs	r3, r1
10001e26:	0020      	movs	r0, r4
10001e28:	2100      	movs	r1, #0
10001e2a:	bdf0      	pop	{r4, r5, r6, r7, pc}
10001e2c:	d101      	bne.n	10001e32 <y64_x64+0x4a>
10001e2e:	4290      	cmp	r0, r2
10001e30:	d3f7      	bcc.n	10001e22 <y64_x64+0x3a>
10001e32:	1a80      	subs	r0, r0, r2
10001e34:	4199      	sbcs	r1, r3
10001e36:	3401      	adds	r4, #1
10001e38:	4299      	cmp	r1, r3
10001e3a:	d3f2      	bcc.n	10001e22 <y64_x64+0x3a>
10001e3c:	e7f6      	b.n	10001e2c <y64_x64+0x44>
10001e3e:	0000      	.short	0x0000
10001e40:	d0000000 	.word	0xd0000000
10001e44:	ffffffff 	.word	0xffffffff

10001e48 <__aeabi_double_init>:
10001e48:	2313      	movs	r3, #19
10001e4a:	b570      	push	{r4, r5, r6, lr}
10001e4c:	781d      	ldrb	r5, [r3, #0]
10001e4e:	2d01      	cmp	r5, #1
10001e50:	d019      	beq.n	10001e86 <__aeabi_double_init+0x3e>
10001e52:	dd14      	ble.n	10001e7e <__aeabi_double_init+0x36>
10001e54:	481f      	ldr	r0, [pc, #124]	@ (10001ed4 <__aeabi_double_init+0x8c>)
10001e56:	f7ff fc43 	bl	100016e0 <rom_data_lookup>
10001e5a:	0006      	movs	r6, r0
10001e5c:	481e      	ldr	r0, [pc, #120]	@ (10001ed8 <__aeabi_double_init+0x90>)
10001e5e:	f7ff fc3f 	bl	100016e0 <rom_data_lookup>
10001e62:	4c1e      	ldr	r4, [pc, #120]	@ (10001edc <__aeabi_double_init+0x94>)
10001e64:	2280      	movs	r2, #128	@ 0x80
10001e66:	0031      	movs	r1, r6
10001e68:	0020      	movs	r0, r4
10001e6a:	f000 f8c5 	bl	10001ff8 <__wrap___aeabi_memcpy>
10001e6e:	2d02      	cmp	r5, #2
10001e70:	d02d      	beq.n	10001ece <__aeabi_double_init+0x86>
10001e72:	481b      	ldr	r0, [pc, #108]	@ (10001ee0 <__aeabi_double_init+0x98>)
10001e74:	f7ff fc2c 	bl	100016d0 <rom_func_lookup>
10001e78:	4b1a      	ldr	r3, [pc, #104]	@ (10001ee4 <__aeabi_double_init+0x9c>)
10001e7a:	6018      	str	r0, [r3, #0]
10001e7c:	bd70      	pop	{r4, r5, r6, pc}
10001e7e:	4b1a      	ldr	r3, [pc, #104]	@ (10001ee8 <__aeabi_double_init+0xa0>)
10001e80:	4c16      	ldr	r4, [pc, #88]	@ (10001edc <__aeabi_double_init+0x94>)
10001e82:	64a3      	str	r3, [r4, #72]	@ 0x48
10001e84:	e7f5      	b.n	10001e72 <__aeabi_double_init+0x2a>
10001e86:	4b18      	ldr	r3, [pc, #96]	@ (10001ee8 <__aeabi_double_init+0xa0>)
10001e88:	4c14      	ldr	r4, [pc, #80]	@ (10001edc <__aeabi_double_init+0x94>)
10001e8a:	6023      	str	r3, [r4, #0]
10001e8c:	6063      	str	r3, [r4, #4]
10001e8e:	60a3      	str	r3, [r4, #8]
10001e90:	60e3      	str	r3, [r4, #12]
10001e92:	6123      	str	r3, [r4, #16]
10001e94:	6163      	str	r3, [r4, #20]
10001e96:	61a3      	str	r3, [r4, #24]
10001e98:	61e3      	str	r3, [r4, #28]
10001e9a:	6223      	str	r3, [r4, #32]
10001e9c:	6263      	str	r3, [r4, #36]	@ 0x24
10001e9e:	62a3      	str	r3, [r4, #40]	@ 0x28
10001ea0:	62e3      	str	r3, [r4, #44]	@ 0x2c
10001ea2:	6323      	str	r3, [r4, #48]	@ 0x30
10001ea4:	6363      	str	r3, [r4, #52]	@ 0x34
10001ea6:	63a3      	str	r3, [r4, #56]	@ 0x38
10001ea8:	63e3      	str	r3, [r4, #60]	@ 0x3c
10001eaa:	6423      	str	r3, [r4, #64]	@ 0x40
10001eac:	6463      	str	r3, [r4, #68]	@ 0x44
10001eae:	64a3      	str	r3, [r4, #72]	@ 0x48
10001eb0:	64e3      	str	r3, [r4, #76]	@ 0x4c
10001eb2:	6523      	str	r3, [r4, #80]	@ 0x50
10001eb4:	6563      	str	r3, [r4, #84]	@ 0x54
10001eb6:	65a3      	str	r3, [r4, #88]	@ 0x58
10001eb8:	65e3      	str	r3, [r4, #92]	@ 0x5c
10001eba:	6623      	str	r3, [r4, #96]	@ 0x60
10001ebc:	6663      	str	r3, [r4, #100]	@ 0x64
10001ebe:	66a3      	str	r3, [r4, #104]	@ 0x68
10001ec0:	66e3      	str	r3, [r4, #108]	@ 0x6c
10001ec2:	6723      	str	r3, [r4, #112]	@ 0x70
10001ec4:	6763      	str	r3, [r4, #116]	@ 0x74
10001ec6:	67a3      	str	r3, [r4, #120]	@ 0x78
10001ec8:	67e3      	str	r3, [r4, #124]	@ 0x7c
10001eca:	64a3      	str	r3, [r4, #72]	@ 0x48
10001ecc:	e7d1      	b.n	10001e72 <__aeabi_double_init+0x2a>
10001ece:	4b06      	ldr	r3, [pc, #24]	@ (10001ee8 <__aeabi_double_init+0xa0>)
10001ed0:	64a3      	str	r3, [r4, #72]	@ 0x48
10001ed2:	e7ce      	b.n	10001e72 <__aeabi_double_init+0x2a>
10001ed4:	00004453 	.word	0x00004453
10001ed8:	00004653 	.word	0x00004653
10001edc:	20001798 	.word	0x20001798
10001ee0:	0000334c 	.word	0x0000334c
10001ee4:	20002658 	.word	0x20002658
10001ee8:	10001eed 	.word	0x10001eed

10001eec <double_table_shim_on_use_helper>:
10001eec:	b507      	push	{r0, r1, r2, lr}
10001eee:	4660      	mov	r0, ip
10001ef0:	8801      	ldrh	r1, [r0, #0]
10001ef2:	0a0a      	lsrs	r2, r1, #8
10001ef4:	3002      	adds	r0, #2
10001ef6:	2adf      	cmp	r2, #223	@ 0xdf
10001ef8:	d1fa      	bne.n	10001ef0 <double_table_shim_on_use_helper+0x4>
10001efa:	b2c9      	uxtb	r1, r1
10001efc:	0882      	lsrs	r2, r0, #2
10001efe:	d304      	bcc.n	10001f0a <double_table_shim_on_use_helper+0x1e>
10001f00:	8802      	ldrh	r2, [r0, #0]
10001f02:	8840      	ldrh	r0, [r0, #2]
10001f04:	0400      	lsls	r0, r0, #16
10001f06:	4310      	orrs	r0, r2
10001f08:	e000      	b.n	10001f0c <double_table_shim_on_use_helper+0x20>
10001f0a:	6800      	ldr	r0, [r0, #0]
10001f0c:	4a01      	ldr	r2, [pc, #4]	@ (10001f14 <double_table_shim_on_use_helper+0x28>)
10001f0e:	5050      	str	r0, [r2, r1]
10001f10:	9003      	str	r0, [sp, #12]
10001f12:	bd07      	pop	{r0, r1, r2, pc}
10001f14:	20001798 	.word	0x20001798

10001f18 <__wrap___aeabi_lmul>:
10001f18:	4351      	muls	r1, r2
10001f1a:	4343      	muls	r3, r0
10001f1c:	18c9      	adds	r1, r1, r3
10001f1e:	468c      	mov	ip, r1
10001f20:	0c11      	lsrs	r1, r2, #16
10001f22:	b283      	uxth	r3, r0
10001f24:	434b      	muls	r3, r1
10001f26:	b410      	push	{r4}
10001f28:	0c04      	lsrs	r4, r0, #16
10001f2a:	4361      	muls	r1, r4
10001f2c:	b292      	uxth	r2, r2
10001f2e:	b280      	uxth	r0, r0
10001f30:	4350      	muls	r0, r2
10001f32:	4362      	muls	r2, r4
10001f34:	041c      	lsls	r4, r3, #16
10001f36:	0c1b      	lsrs	r3, r3, #16
10001f38:	1900      	adds	r0, r0, r4
10001f3a:	bc10      	pop	{r4}
10001f3c:	4159      	adcs	r1, r3
10001f3e:	0413      	lsls	r3, r2, #16
10001f40:	0c12      	lsrs	r2, r2, #16
10001f42:	18c0      	adds	r0, r0, r3
10001f44:	4151      	adcs	r1, r2
10001f46:	4461      	add	r1, ip
10001f48:	4770      	bx	lr
	...

10001f4c <__aeabi_float_init>:
10001f4c:	2313      	movs	r3, #19
10001f4e:	b510      	push	{r4, lr}
10001f50:	4812      	ldr	r0, [pc, #72]	@ (10001f9c <__aeabi_float_init+0x50>)
10001f52:	781c      	ldrb	r4, [r3, #0]
10001f54:	f7ff fbc4 	bl	100016e0 <rom_data_lookup>
10001f58:	0001      	movs	r1, r0
10001f5a:	2c01      	cmp	r4, #1
10001f5c:	d00a      	beq.n	10001f74 <__aeabi_float_init+0x28>
10001f5e:	dd03      	ble.n	10001f68 <__aeabi_float_init+0x1c>
10001f60:	2280      	movs	r2, #128	@ 0x80
10001f62:	480f      	ldr	r0, [pc, #60]	@ (10001fa0 <__aeabi_float_init+0x54>)
10001f64:	f000 f848 	bl	10001ff8 <__wrap___aeabi_memcpy>
10001f68:	480e      	ldr	r0, [pc, #56]	@ (10001fa4 <__aeabi_float_init+0x58>)
10001f6a:	f7ff fbb1 	bl	100016d0 <rom_func_lookup>
10001f6e:	4b0e      	ldr	r3, [pc, #56]	@ (10001fa8 <__aeabi_float_init+0x5c>)
10001f70:	6018      	str	r0, [r3, #0]
10001f72:	bd10      	pop	{r4, pc}
10001f74:	4c0a      	ldr	r4, [pc, #40]	@ (10001fa0 <__aeabi_float_init+0x54>)
10001f76:	2254      	movs	r2, #84	@ 0x54
10001f78:	0020      	movs	r0, r4
10001f7a:	f000 f83d 	bl	10001ff8 <__wrap___aeabi_memcpy>
10001f7e:	4b0b      	ldr	r3, [pc, #44]	@ (10001fac <__aeabi_float_init+0x60>)
10001f80:	6563      	str	r3, [r4, #84]	@ 0x54
10001f82:	65a3      	str	r3, [r4, #88]	@ 0x58
10001f84:	65e3      	str	r3, [r4, #92]	@ 0x5c
10001f86:	6623      	str	r3, [r4, #96]	@ 0x60
10001f88:	6663      	str	r3, [r4, #100]	@ 0x64
10001f8a:	66a3      	str	r3, [r4, #104]	@ 0x68
10001f8c:	66e3      	str	r3, [r4, #108]	@ 0x6c
10001f8e:	6723      	str	r3, [r4, #112]	@ 0x70
10001f90:	6763      	str	r3, [r4, #116]	@ 0x74
10001f92:	67a3      	str	r3, [r4, #120]	@ 0x78
10001f94:	67e3      	str	r3, [r4, #124]	@ 0x7c
10001f96:	6223      	str	r3, [r4, #32]
10001f98:	61e3      	str	r3, [r4, #28]
10001f9a:	e7e5      	b.n	10001f68 <__aeabi_float_init+0x1c>
10001f9c:	00004653 	.word	0x00004653
10001fa0:	20001898 	.word	0x20001898
10001fa4:	0000334c 	.word	0x0000334c
10001fa8:	20002658 	.word	0x20002658
10001fac:	10001fb1 	.word	0x10001fb1

10001fb0 <float_table_shim_on_use_helper>:
10001fb0:	b507      	push	{r0, r1, r2, lr}
10001fb2:	4660      	mov	r0, ip
10001fb4:	8801      	ldrh	r1, [r0, #0]
10001fb6:	0a0a      	lsrs	r2, r1, #8
10001fb8:	3002      	adds	r0, #2
10001fba:	2adf      	cmp	r2, #223	@ 0xdf
10001fbc:	d1fa      	bne.n	10001fb4 <float_table_shim_on_use_helper+0x4>
10001fbe:	b2c9      	uxtb	r1, r1
10001fc0:	0882      	lsrs	r2, r0, #2
10001fc2:	d304      	bcc.n	10001fce <float_table_shim_on_use_helper+0x1e>
10001fc4:	8802      	ldrh	r2, [r0, #0]
10001fc6:	8840      	ldrh	r0, [r0, #2]
10001fc8:	0400      	lsls	r0, r0, #16
10001fca:	4310      	orrs	r0, r2
10001fcc:	e000      	b.n	10001fd0 <float_table_shim_on_use_helper+0x20>
10001fce:	6800      	ldr	r0, [r0, #0]
10001fd0:	4a01      	ldr	r2, [pc, #4]	@ (10001fd8 <float_table_shim_on_use_helper+0x28>)
10001fd2:	5050      	str	r0, [r2, r1]
10001fd4:	9003      	str	r0, [sp, #12]
10001fd6:	bd07      	pop	{r0, r1, r2, pc}
10001fd8:	20001898 	.word	0x20001898

10001fdc <__aeabi_mem_init>:
10001fdc:	4801      	ldr	r0, [pc, #4]	@ (10001fe4 <__aeabi_mem_init+0x8>)
10001fde:	2104      	movs	r1, #4
10001fe0:	4b01      	ldr	r3, [pc, #4]	@ (10001fe8 <__aeabi_mem_init+0xc>)
10001fe2:	4718      	bx	r3
10001fe4:	20001060 	.word	0x20001060
10001fe8:	100016f1 	.word	0x100016f1

10001fec <__wrap_memset>:
10001fec:	4b01      	ldr	r3, [pc, #4]	@ (10001ff4 <__wrap_memset+0x8>)
10001fee:	681b      	ldr	r3, [r3, #0]
10001ff0:	4718      	bx	r3
10001ff2:	0000      	.short	0x0000
10001ff4:	20001060 	.word	0x20001060

10001ff8 <__wrap___aeabi_memcpy>:
10001ff8:	4b01      	ldr	r3, [pc, #4]	@ (10002000 <__wrap___aeabi_memcpy+0x8>)
10001ffa:	685b      	ldr	r3, [r3, #4]
10001ffc:	4718      	bx	r3
10001ffe:	0000      	.short	0x0000
10002000:	20001060 	.word	0x20001060

10002004 <_out_char>:
10002004:	b510      	push	{r4, lr}
10002006:	2800      	cmp	r0, #0
10002008:	d100      	bne.n	1000200c <_out_char+0x8>
1000200a:	bd10      	pop	{r4, pc}
1000200c:	f000 f9b8 	bl	10002380 <__wrap_putchar>
10002010:	e7fb      	b.n	1000200a <_out_char+0x6>
10002012:	46c0      	nop			@ (mov r8, r8)

10002014 <weak_raw_vprintf>:
10002014:	b510      	push	{r4, lr}
10002016:	4a09      	ldr	r2, [pc, #36]	@ (1000203c <weak_raw_vprintf+0x28>)
10002018:	0003      	movs	r3, r0
1000201a:	6814      	ldr	r4, [r2, #0]
1000201c:	b084      	sub	sp, #16
1000201e:	2c00      	cmp	r4, #0
10002020:	d008      	beq.n	10002034 <weak_raw_vprintf+0x20>
10002022:	2201      	movs	r2, #1
10002024:	9100      	str	r1, [sp, #0]
10002026:	4806      	ldr	r0, [pc, #24]	@ (10002040 <weak_raw_vprintf+0x2c>)
10002028:	4252      	negs	r2, r2
1000202a:	a903      	add	r1, sp, #12
1000202c:	47a0      	blx	r4
1000202e:	2001      	movs	r0, #1
10002030:	b004      	add	sp, #16
10002032:	bd10      	pop	{r4, pc}
10002034:	f000 f9ee 	bl	10002414 <__wrap_puts>
10002038:	2000      	movs	r0, #0
1000203a:	e7f9      	b.n	10002030 <weak_raw_vprintf+0x1c>
1000203c:	20002614 	.word	0x20002614
10002040:	10002005 	.word	0x10002005

10002044 <_exit>:
10002044:	be00      	bkpt	0x0000
10002046:	e7fd      	b.n	10002044 <_exit>

10002048 <_sbrk>:
10002048:	4a09      	ldr	r2, [pc, #36]	@ (10002070 <_sbrk+0x28>)
1000204a:	0003      	movs	r3, r0
1000204c:	6810      	ldr	r0, [r2, #0]
1000204e:	2800      	cmp	r0, #0
10002050:	d005      	beq.n	1000205e <_sbrk+0x16>
10002052:	4908      	ldr	r1, [pc, #32]	@ (10002074 <_sbrk+0x2c>)
10002054:	18c3      	adds	r3, r0, r3
10002056:	428b      	cmp	r3, r1
10002058:	d807      	bhi.n	1000206a <_sbrk+0x22>
1000205a:	6013      	str	r3, [r2, #0]
1000205c:	4770      	bx	lr
1000205e:	4806      	ldr	r0, [pc, #24]	@ (10002078 <_sbrk+0x30>)
10002060:	4904      	ldr	r1, [pc, #16]	@ (10002074 <_sbrk+0x2c>)
10002062:	18c3      	adds	r3, r0, r3
10002064:	6010      	str	r0, [r2, #0]
10002066:	428b      	cmp	r3, r1
10002068:	d9f7      	bls.n	1000205a <_sbrk+0x12>
1000206a:	2001      	movs	r0, #1
1000206c:	4240      	negs	r0, r0
1000206e:	e7f5      	b.n	1000205c <_sbrk+0x14>
10002070:	20002210 	.word	0x20002210
10002074:	20040000 	.word	0x20040000
10002078:	20002684 	.word	0x20002684

1000207c <_read>:
1000207c:	0003      	movs	r3, r0
1000207e:	b510      	push	{r4, lr}
10002080:	0008      	movs	r0, r1
10002082:	0011      	movs	r1, r2
10002084:	2b00      	cmp	r3, #0
10002086:	d105      	bne.n	10002094 <_read+0x18>
10002088:	4b04      	ldr	r3, [pc, #16]	@ (1000209c <_read+0x20>)
1000208a:	681a      	ldr	r2, [r3, #0]
1000208c:	685b      	ldr	r3, [r3, #4]
1000208e:	f000 f919 	bl	100022c4 <stdio_get_until>
10002092:	bd10      	pop	{r4, pc}
10002094:	2001      	movs	r0, #1
10002096:	4240      	negs	r0, r0
10002098:	e7fb      	b.n	10002092 <_read+0x16>
1000209a:	46c0      	nop			@ (mov r8, r8)
1000209c:	10005810 	.word	0x10005810

100020a0 <_write>:
100020a0:	0003      	movs	r3, r0
100020a2:	3b01      	subs	r3, #1
100020a4:	b510      	push	{r4, lr}
100020a6:	0008      	movs	r0, r1
100020a8:	0014      	movs	r4, r2
100020aa:	2b01      	cmp	r3, #1
100020ac:	d806      	bhi.n	100020bc <_write+0x1c>
100020ae:	2301      	movs	r3, #1
100020b0:	2200      	movs	r2, #0
100020b2:	0021      	movs	r1, r4
100020b4:	f000 f888 	bl	100021c8 <stdio_put_string>
100020b8:	0020      	movs	r0, r4
100020ba:	bd10      	pop	{r4, pc}
100020bc:	2001      	movs	r0, #1
100020be:	4240      	negs	r0, r0
100020c0:	e7fb      	b.n	100020ba <_write+0x1a>
100020c2:	46c0      	nop			@ (mov r8, r8)

100020c4 <_close>:
100020c4:	2001      	movs	r0, #1
100020c6:	4240      	negs	r0, r0
100020c8:	4770      	bx	lr
100020ca:	46c0      	nop			@ (mov r8, r8)

100020cc <_lseek>:
100020cc:	2001      	movs	r0, #1
100020ce:	4240      	negs	r0, r0
100020d0:	4770      	bx	lr
100020d2:	46c0      	nop			@ (mov r8, r8)

100020d4 <exit>:
100020d4:	b510      	push	{r4, lr}
100020d6:	f7ff ffb5 	bl	10002044 <_exit>
100020da:	46c0      	nop			@ (mov r8, r8)

100020dc <runtime_init>:
100020dc:	b570      	push	{r4, r5, r6, lr}
100020de:	f7ff fb57 	bl	10001790 <runtime_run_initializers>
100020e2:	4d07      	ldr	r5, [pc, #28]	@ (10002100 <runtime_init+0x24>)
100020e4:	4e07      	ldr	r6, [pc, #28]	@ (10002104 <runtime_init+0x28>)
100020e6:	42b5      	cmp	r5, r6
100020e8:	d209      	bcs.n	100020fe <runtime_init+0x22>
100020ea:	2400      	movs	r4, #0
100020ec:	3e01      	subs	r6, #1
100020ee:	1b76      	subs	r6, r6, r5
100020f0:	08b6      	lsrs	r6, r6, #2
100020f2:	cd08      	ldmia	r5!, {r3}
100020f4:	4798      	blx	r3
100020f6:	0023      	movs	r3, r4
100020f8:	3401      	adds	r4, #1
100020fa:	42b3      	cmp	r3, r6
100020fc:	d1f9      	bne.n	100020f2 <runtime_init+0x16>
100020fe:	bd70      	pop	{r4, r5, r6, pc}
10002100:	100056ac 	.word	0x100056ac
10002104:	100056b4 	.word	0x100056b4

10002108 <stdio_out_chars_no_crlf>:
10002108:	0003      	movs	r3, r0
1000210a:	b510      	push	{r4, lr}
1000210c:	0008      	movs	r0, r1
1000210e:	0011      	movs	r1, r2
10002110:	681b      	ldr	r3, [r3, #0]
10002112:	4798      	blx	r3
10002114:	bd10      	pop	{r4, pc}
10002116:	46c0      	nop			@ (mov r8, r8)

10002118 <stdio_out_chars_crlf>:
10002118:	b5f0      	push	{r4, r5, r6, r7, lr}
1000211a:	46c6      	mov	lr, r8
1000211c:	b500      	push	{lr}
1000211e:	7d43      	ldrb	r3, [r0, #21]
10002120:	0007      	movs	r7, r0
10002122:	000c      	movs	r4, r1
10002124:	0016      	movs	r6, r2
10002126:	2b00      	cmp	r3, #0
10002128:	d046      	beq.n	100021b8 <stdio_out_chars_crlf+0xa0>
1000212a:	2a00      	cmp	r2, #0
1000212c:	dd17      	ble.n	1000215e <stdio_out_chars_crlf+0x46>
1000212e:	780b      	ldrb	r3, [r1, #0]
10002130:	2b0a      	cmp	r3, #10
10002132:	d024      	beq.n	1000217e <stdio_out_chars_crlf+0x66>
10002134:	2300      	movs	r3, #0
10002136:	4698      	mov	r8, r3
10002138:	2e01      	cmp	r6, #1
1000213a:	d013      	beq.n	10002164 <stdio_out_chars_crlf+0x4c>
1000213c:	2501      	movs	r5, #1
1000213e:	0029      	movs	r1, r5
10002140:	5c63      	ldrb	r3, [r4, r1]
10002142:	3501      	adds	r5, #1
10002144:	2b0a      	cmp	r3, #10
10002146:	d026      	beq.n	10002196 <stdio_out_chars_crlf+0x7e>
10002148:	42b5      	cmp	r5, r6
1000214a:	d1f8      	bne.n	1000213e <stdio_out_chars_crlf+0x26>
1000214c:	4546      	cmp	r6, r8
1000214e:	dc09      	bgt.n	10002164 <stdio_out_chars_crlf+0x4c>
10002150:	19a4      	adds	r4, r4, r6
10002152:	3c01      	subs	r4, #1
10002154:	7823      	ldrb	r3, [r4, #0]
10002156:	3b0d      	subs	r3, #13
10002158:	425a      	negs	r2, r3
1000215a:	4153      	adcs	r3, r2
1000215c:	753b      	strb	r3, [r7, #20]
1000215e:	bc80      	pop	{r7}
10002160:	46b8      	mov	r8, r7
10002162:	bdf0      	pop	{r4, r5, r6, r7, pc}
10002164:	4643      	mov	r3, r8
10002166:	18e0      	adds	r0, r4, r3
10002168:	19a4      	adds	r4, r4, r6
1000216a:	1af1      	subs	r1, r6, r3
1000216c:	3c01      	subs	r4, #1
1000216e:	683b      	ldr	r3, [r7, #0]
10002170:	4798      	blx	r3
10002172:	7823      	ldrb	r3, [r4, #0]
10002174:	3b0d      	subs	r3, #13
10002176:	425a      	negs	r2, r3
10002178:	4153      	adcs	r3, r2
1000217a:	753b      	strb	r3, [r7, #20]
1000217c:	e7ef      	b.n	1000215e <stdio_out_chars_crlf+0x46>
1000217e:	7d03      	ldrb	r3, [r0, #20]
10002180:	2b00      	cmp	r3, #0
10002182:	d1d7      	bne.n	10002134 <stdio_out_chars_crlf+0x1c>
10002184:	2102      	movs	r1, #2
10002186:	480f      	ldr	r0, [pc, #60]	@ (100021c4 <stdio_out_chars_crlf+0xac>)
10002188:	683b      	ldr	r3, [r7, #0]
1000218a:	4798      	blx	r3
1000218c:	2e01      	cmp	r6, #1
1000218e:	d0df      	beq.n	10002150 <stdio_out_chars_crlf+0x38>
10002190:	2301      	movs	r3, #1
10002192:	4698      	mov	r8, r3
10002194:	e7d2      	b.n	1000213c <stdio_out_chars_crlf+0x24>
10002196:	1e63      	subs	r3, r4, #1
10002198:	5c5b      	ldrb	r3, [r3, r1]
1000219a:	2b0d      	cmp	r3, #13
1000219c:	d0d4      	beq.n	10002148 <stdio_out_chars_crlf+0x30>
1000219e:	4588      	cmp	r8, r1
100021a0:	da04      	bge.n	100021ac <stdio_out_chars_crlf+0x94>
100021a2:	4643      	mov	r3, r8
100021a4:	1ac9      	subs	r1, r1, r3
100021a6:	18e0      	adds	r0, r4, r3
100021a8:	683b      	ldr	r3, [r7, #0]
100021aa:	4798      	blx	r3
100021ac:	2102      	movs	r1, #2
100021ae:	4805      	ldr	r0, [pc, #20]	@ (100021c4 <stdio_out_chars_crlf+0xac>)
100021b0:	683b      	ldr	r3, [r7, #0]
100021b2:	46a8      	mov	r8, r5
100021b4:	4798      	blx	r3
100021b6:	e7c7      	b.n	10002148 <stdio_out_chars_crlf+0x30>
100021b8:	6803      	ldr	r3, [r0, #0]
100021ba:	0011      	movs	r1, r2
100021bc:	0020      	movs	r0, r4
100021be:	4798      	blx	r3
100021c0:	e7cd      	b.n	1000215e <stdio_out_chars_crlf+0x46>
100021c2:	46c0      	nop			@ (mov r8, r8)
100021c4:	1000586c 	.word	0x1000586c

100021c8 <stdio_put_string>:
100021c8:	b5f0      	push	{r4, r5, r6, r7, lr}
100021ca:	4645      	mov	r5, r8
100021cc:	46de      	mov	lr, fp
100021ce:	464e      	mov	r6, r9
100021d0:	4657      	mov	r7, sl
100021d2:	b5e0      	push	{r5, r6, r7, lr}
100021d4:	b083      	sub	sp, #12
100021d6:	4691      	mov	r9, r2
100021d8:	001c      	movs	r4, r3
100021da:	4680      	mov	r8, r0
100021dc:	000d      	movs	r5, r1
100021de:	f7ff f88d 	bl	100012fc <time_us_64>
100021e2:	2300      	movs	r3, #0
100021e4:	4a30      	ldr	r2, [pc, #192]	@ (100022a8 <stdio_put_string+0xe0>)
100021e6:	1812      	adds	r2, r2, r0
100021e8:	414b      	adcs	r3, r1
100021ea:	2b00      	cmp	r3, #0
100021ec:	da02      	bge.n	100021f4 <stdio_put_string+0x2c>
100021ee:	2201      	movs	r2, #1
100021f0:	4b2e      	ldr	r3, [pc, #184]	@ (100022ac <stdio_put_string+0xe4>)
100021f2:	4252      	negs	r2, r2
100021f4:	492e      	ldr	r1, [pc, #184]	@ (100022b0 <stdio_put_string+0xe8>)
100021f6:	0008      	movs	r0, r1
100021f8:	468a      	mov	sl, r1
100021fa:	f003 fa19 	bl	10005630 <__mutex_try_enter_block_until_veneer>
100021fe:	0007      	movs	r7, r0
10002200:	1c6b      	adds	r3, r5, #1
10002202:	d103      	bne.n	1000220c <stdio_put_string+0x44>
10002204:	4640      	mov	r0, r8
10002206:	f002 ffe9 	bl	100051dc <strlen>
1000220a:	0005      	movs	r5, r0
1000220c:	2c00      	cmp	r4, #0
1000220e:	d027      	beq.n	10002260 <stdio_put_string+0x98>
10002210:	4e28      	ldr	r6, [pc, #160]	@ (100022b4 <stdio_put_string+0xec>)
10002212:	4b29      	ldr	r3, [pc, #164]	@ (100022b8 <stdio_put_string+0xf0>)
10002214:	681c      	ldr	r4, [r3, #0]
10002216:	2c00      	cmp	r4, #0
10002218:	d018      	beq.n	1000224c <stdio_put_string+0x84>
1000221a:	464b      	mov	r3, r9
1000221c:	2b00      	cmp	r3, #0
1000221e:	d121      	bne.n	10002264 <stdio_put_string+0x9c>
10002220:	4b26      	ldr	r3, [pc, #152]	@ (100022bc <stdio_put_string+0xf4>)
10002222:	4699      	mov	r9, r3
10002224:	e002      	b.n	1000222c <stdio_put_string+0x64>
10002226:	6924      	ldr	r4, [r4, #16]
10002228:	2c00      	cmp	r4, #0
1000222a:	d00f      	beq.n	1000224c <stdio_put_string+0x84>
1000222c:	6823      	ldr	r3, [r4, #0]
1000222e:	2b00      	cmp	r3, #0
10002230:	d0f9      	beq.n	10002226 <stdio_put_string+0x5e>
10002232:	464b      	mov	r3, r9
10002234:	681b      	ldr	r3, [r3, #0]
10002236:	2b00      	cmp	r3, #0
10002238:	d001      	beq.n	1000223e <stdio_put_string+0x76>
1000223a:	429c      	cmp	r4, r3
1000223c:	d1f3      	bne.n	10002226 <stdio_put_string+0x5e>
1000223e:	0020      	movs	r0, r4
10002240:	002a      	movs	r2, r5
10002242:	4641      	mov	r1, r8
10002244:	47b0      	blx	r6
10002246:	6924      	ldr	r4, [r4, #16]
10002248:	2c00      	cmp	r4, #0
1000224a:	d1ef      	bne.n	1000222c <stdio_put_string+0x64>
1000224c:	2f00      	cmp	r7, #0
1000224e:	d126      	bne.n	1000229e <stdio_put_string+0xd6>
10002250:	0028      	movs	r0, r5
10002252:	b003      	add	sp, #12
10002254:	bcf0      	pop	{r4, r5, r6, r7}
10002256:	46bb      	mov	fp, r7
10002258:	46b2      	mov	sl, r6
1000225a:	46a9      	mov	r9, r5
1000225c:	46a0      	mov	r8, r4
1000225e:	bdf0      	pop	{r4, r5, r6, r7, pc}
10002260:	4e17      	ldr	r6, [pc, #92]	@ (100022c0 <stdio_put_string+0xf8>)
10002262:	e7d6      	b.n	10002212 <stdio_put_string+0x4a>
10002264:	4b15      	ldr	r3, [pc, #84]	@ (100022bc <stdio_put_string+0xf4>)
10002266:	4699      	mov	r9, r3
10002268:	230a      	movs	r3, #10
1000226a:	469b      	mov	fp, r3
1000226c:	e002      	b.n	10002274 <stdio_put_string+0xac>
1000226e:	6924      	ldr	r4, [r4, #16]
10002270:	2c00      	cmp	r4, #0
10002272:	d0eb      	beq.n	1000224c <stdio_put_string+0x84>
10002274:	6823      	ldr	r3, [r4, #0]
10002276:	2b00      	cmp	r3, #0
10002278:	d0f9      	beq.n	1000226e <stdio_put_string+0xa6>
1000227a:	464b      	mov	r3, r9
1000227c:	681b      	ldr	r3, [r3, #0]
1000227e:	2b00      	cmp	r3, #0
10002280:	d001      	beq.n	10002286 <stdio_put_string+0xbe>
10002282:	42a3      	cmp	r3, r4
10002284:	d1f3      	bne.n	1000226e <stdio_put_string+0xa6>
10002286:	002a      	movs	r2, r5
10002288:	4641      	mov	r1, r8
1000228a:	0020      	movs	r0, r4
1000228c:	47b0      	blx	r6
1000228e:	466b      	mov	r3, sp
10002290:	465a      	mov	r2, fp
10002292:	0020      	movs	r0, r4
10002294:	71da      	strb	r2, [r3, #7]
10002296:	1dd9      	adds	r1, r3, #7
10002298:	2201      	movs	r2, #1
1000229a:	47b0      	blx	r6
1000229c:	e7e7      	b.n	1000226e <stdio_put_string+0xa6>
1000229e:	4650      	mov	r0, sl
100022a0:	f003 f98e 	bl	100055c0 <__mutex_exit_veneer>
100022a4:	e7d4      	b.n	10002250 <stdio_put_string+0x88>
100022a6:	46c0      	nop			@ (mov r8, r8)
100022a8:	000f4240 	.word	0x000f4240
100022ac:	7fffffff 	.word	0x7fffffff
100022b0:	20001608 	.word	0x20001608
100022b4:	10002119 	.word	0x10002119
100022b8:	20002200 	.word	0x20002200
100022bc:	2000220c 	.word	0x2000220c
100022c0:	10002109 	.word	0x10002109

100022c4 <stdio_get_until>:
100022c4:	b5f8      	push	{r3, r4, r5, r6, r7, lr}
100022c6:	4657      	mov	r7, sl
100022c8:	464e      	mov	r6, r9
100022ca:	4645      	mov	r5, r8
100022cc:	46de      	mov	lr, fp
100022ce:	4698      	mov	r8, r3
100022d0:	4b1a      	ldr	r3, [pc, #104]	@ (1000233c <stdio_get_until+0x78>)
100022d2:	b5e0      	push	{r5, r6, r7, lr}
100022d4:	469b      	mov	fp, r3
100022d6:	4b1a      	ldr	r3, [pc, #104]	@ (10002340 <stdio_get_until+0x7c>)
100022d8:	0007      	movs	r7, r0
100022da:	000e      	movs	r6, r1
100022dc:	4691      	mov	r9, r2
100022de:	469a      	mov	sl, r3
100022e0:	4d18      	ldr	r5, [pc, #96]	@ (10002344 <stdio_get_until+0x80>)
100022e2:	465b      	mov	r3, fp
100022e4:	681c      	ldr	r4, [r3, #0]
100022e6:	2c00      	cmp	r4, #0
100022e8:	d103      	bne.n	100022f2 <stdio_get_until+0x2e>
100022ea:	e015      	b.n	10002318 <stdio_get_until+0x54>
100022ec:	6924      	ldr	r4, [r4, #16]
100022ee:	2c00      	cmp	r4, #0
100022f0:	d012      	beq.n	10002318 <stdio_get_until+0x54>
100022f2:	682b      	ldr	r3, [r5, #0]
100022f4:	2b00      	cmp	r3, #0
100022f6:	d001      	beq.n	100022fc <stdio_get_until+0x38>
100022f8:	42a3      	cmp	r3, r4
100022fa:	d1f7      	bne.n	100022ec <stdio_get_until+0x28>
100022fc:	68a3      	ldr	r3, [r4, #8]
100022fe:	2b00      	cmp	r3, #0
10002300:	d0f4      	beq.n	100022ec <stdio_get_until+0x28>
10002302:	0031      	movs	r1, r6
10002304:	0038      	movs	r0, r7
10002306:	4798      	blx	r3
10002308:	2800      	cmp	r0, #0
1000230a:	ddef      	ble.n	100022ec <stdio_get_until+0x28>
1000230c:	bcf0      	pop	{r4, r5, r6, r7}
1000230e:	46bb      	mov	fp, r7
10002310:	46b2      	mov	sl, r6
10002312:	46a9      	mov	r9, r5
10002314:	46a0      	mov	r8, r4
10002316:	bdf8      	pop	{r3, r4, r5, r6, r7, pc}
10002318:	4653      	mov	r3, sl
1000231a:	6a5b      	ldr	r3, [r3, #36]	@ 0x24
1000231c:	4598      	cmp	r8, r3
1000231e:	d808      	bhi.n	10002332 <stdio_get_until+0x6e>
10002320:	4652      	mov	r2, sl
10002322:	6a92      	ldr	r2, [r2, #40]	@ 0x28
10002324:	454a      	cmp	r2, r9
10002326:	d302      	bcc.n	1000232e <stdio_get_until+0x6a>
10002328:	2002      	movs	r0, #2
1000232a:	4240      	negs	r0, r0
1000232c:	e7ee      	b.n	1000230c <stdio_get_until+0x48>
1000232e:	4598      	cmp	r8, r3
10002330:	d1fa      	bne.n	10002328 <stdio_get_until+0x64>
10002332:	2001      	movs	r0, #1
10002334:	2100      	movs	r1, #0
10002336:	f7fe ffeb 	bl	10001310 <busy_wait_us>
1000233a:	e7d2      	b.n	100022e2 <stdio_get_until+0x1e>
1000233c:	20002200 	.word	0x20002200
10002340:	40054000 	.word	0x40054000
10002344:	2000220c 	.word	0x2000220c

10002348 <stdio_set_driver_enabled>:
10002348:	4a0a      	ldr	r2, [pc, #40]	@ (10002374 <stdio_set_driver_enabled+0x2c>)
1000234a:	6813      	ldr	r3, [r2, #0]
1000234c:	2b00      	cmp	r3, #0
1000234e:	d105      	bne.n	1000235c <stdio_set_driver_enabled+0x14>
10002350:	e00c      	b.n	1000236c <stdio_set_driver_enabled+0x24>
10002352:	001a      	movs	r2, r3
10002354:	691b      	ldr	r3, [r3, #16]
10002356:	3210      	adds	r2, #16
10002358:	2b00      	cmp	r3, #0
1000235a:	d007      	beq.n	1000236c <stdio_set_driver_enabled+0x24>
1000235c:	4283      	cmp	r3, r0
1000235e:	d1f8      	bne.n	10002352 <stdio_set_driver_enabled+0xa>
10002360:	2900      	cmp	r1, #0
10002362:	d102      	bne.n	1000236a <stdio_set_driver_enabled+0x22>
10002364:	6918      	ldr	r0, [r3, #16]
10002366:	6010      	str	r0, [r2, #0]
10002368:	6119      	str	r1, [r3, #16]
1000236a:	4770      	bx	lr
1000236c:	2900      	cmp	r1, #0
1000236e:	d0fc      	beq.n	1000236a <stdio_set_driver_enabled+0x22>
10002370:	6010      	str	r0, [r2, #0]
10002372:	e7fa      	b.n	1000236a <stdio_set_driver_enabled+0x22>
10002374:	20002200 	.word	0x20002200

10002378 <stdio_init_all>:
10002378:	b510      	push	{r4, lr}
1000237a:	f000 fa7f 	bl	1000287c <stdio_usb_init>
1000237e:	bd10      	pop	{r4, pc}

10002380 <__wrap_putchar>:
10002380:	b5f0      	push	{r4, r5, r6, r7, lr}
10002382:	46ce      	mov	lr, r9
10002384:	4647      	mov	r7, r8
10002386:	b580      	push	{r7, lr}
10002388:	b083      	sub	sp, #12
1000238a:	466b      	mov	r3, sp
1000238c:	0006      	movs	r6, r0
1000238e:	1ddd      	adds	r5, r3, #7
10002390:	7028      	strb	r0, [r5, #0]
10002392:	f7fe ffb3 	bl	100012fc <time_us_64>
10002396:	2300      	movs	r3, #0
10002398:	4a19      	ldr	r2, [pc, #100]	@ (10002400 <__wrap_putchar+0x80>)
1000239a:	1812      	adds	r2, r2, r0
1000239c:	414b      	adcs	r3, r1
1000239e:	2b00      	cmp	r3, #0
100023a0:	da02      	bge.n	100023a8 <__wrap_putchar+0x28>
100023a2:	2201      	movs	r2, #1
100023a4:	4b17      	ldr	r3, [pc, #92]	@ (10002404 <__wrap_putchar+0x84>)
100023a6:	4252      	negs	r2, r2
100023a8:	4917      	ldr	r1, [pc, #92]	@ (10002408 <__wrap_putchar+0x88>)
100023aa:	0008      	movs	r0, r1
100023ac:	4688      	mov	r8, r1
100023ae:	f003 f93f 	bl	10005630 <__mutex_try_enter_block_until_veneer>
100023b2:	4b16      	ldr	r3, [pc, #88]	@ (1000240c <__wrap_putchar+0x8c>)
100023b4:	4681      	mov	r9, r0
100023b6:	681c      	ldr	r4, [r3, #0]
100023b8:	2c00      	cmp	r4, #0
100023ba:	d014      	beq.n	100023e6 <__wrap_putchar+0x66>
100023bc:	4f14      	ldr	r7, [pc, #80]	@ (10002410 <__wrap_putchar+0x90>)
100023be:	e002      	b.n	100023c6 <__wrap_putchar+0x46>
100023c0:	6924      	ldr	r4, [r4, #16]
100023c2:	2c00      	cmp	r4, #0
100023c4:	d00f      	beq.n	100023e6 <__wrap_putchar+0x66>
100023c6:	6823      	ldr	r3, [r4, #0]
100023c8:	2b00      	cmp	r3, #0
100023ca:	d0f9      	beq.n	100023c0 <__wrap_putchar+0x40>
100023cc:	683b      	ldr	r3, [r7, #0]
100023ce:	2b00      	cmp	r3, #0
100023d0:	d001      	beq.n	100023d6 <__wrap_putchar+0x56>
100023d2:	429c      	cmp	r4, r3
100023d4:	d1f4      	bne.n	100023c0 <__wrap_putchar+0x40>
100023d6:	0020      	movs	r0, r4
100023d8:	2201      	movs	r2, #1
100023da:	0029      	movs	r1, r5
100023dc:	f7ff fe9c 	bl	10002118 <stdio_out_chars_crlf>
100023e0:	6924      	ldr	r4, [r4, #16]
100023e2:	2c00      	cmp	r4, #0
100023e4:	d1ef      	bne.n	100023c6 <__wrap_putchar+0x46>
100023e6:	464b      	mov	r3, r9
100023e8:	2b00      	cmp	r3, #0
100023ea:	d105      	bne.n	100023f8 <__wrap_putchar+0x78>
100023ec:	0030      	movs	r0, r6
100023ee:	b003      	add	sp, #12
100023f0:	bcc0      	pop	{r6, r7}
100023f2:	46b9      	mov	r9, r7
100023f4:	46b0      	mov	r8, r6
100023f6:	bdf0      	pop	{r4, r5, r6, r7, pc}
100023f8:	4640      	mov	r0, r8
100023fa:	f003 f8e1 	bl	100055c0 <__mutex_exit_veneer>
100023fe:	e7f5      	b.n	100023ec <__wrap_putchar+0x6c>
10002400:	000f4240 	.word	0x000f4240
10002404:	7fffffff 	.word	0x7fffffff
10002408:	20001608 	.word	0x20001608
1000240c:	20002200 	.word	0x20002200
10002410:	2000220c 	.word	0x2000220c

10002414 <__wrap_puts>:
10002414:	b570      	push	{r4, r5, r6, lr}
10002416:	0004      	movs	r4, r0
10002418:	f002 fee0 	bl	100051dc <strlen>
1000241c:	2301      	movs	r3, #1
1000241e:	0001      	movs	r1, r0
10002420:	0005      	movs	r5, r0
10002422:	2201      	movs	r2, #1
10002424:	0020      	movs	r0, r4
10002426:	f7ff fecf 	bl	100021c8 <stdio_put_string>
1000242a:	4b08      	ldr	r3, [pc, #32]	@ (1000244c <__wrap_puts+0x38>)
1000242c:	681c      	ldr	r4, [r3, #0]
1000242e:	2c00      	cmp	r4, #0
10002430:	d006      	beq.n	10002440 <__wrap_puts+0x2c>
10002432:	6863      	ldr	r3, [r4, #4]
10002434:	2b00      	cmp	r3, #0
10002436:	d005      	beq.n	10002444 <__wrap_puts+0x30>
10002438:	4798      	blx	r3
1000243a:	6924      	ldr	r4, [r4, #16]
1000243c:	2c00      	cmp	r4, #0
1000243e:	d1f8      	bne.n	10002432 <__wrap_puts+0x1e>
10002440:	0028      	movs	r0, r5
10002442:	bd70      	pop	{r4, r5, r6, pc}
10002444:	6924      	ldr	r4, [r4, #16]
10002446:	2c00      	cmp	r4, #0
10002448:	d1f3      	bne.n	10002432 <__wrap_puts+0x1e>
1000244a:	e7f9      	b.n	10002440 <__wrap_puts+0x2c>
1000244c:	20002200 	.word	0x20002200

10002450 <resetd_init>:
10002450:	4770      	bx	lr
10002452:	46c0      	nop			@ (mov r8, r8)

10002454 <resetd_reset>:
10002454:	2200      	movs	r2, #0
10002456:	4b01      	ldr	r3, [pc, #4]	@ (1000245c <resetd_reset+0x8>)
10002458:	701a      	strb	r2, [r3, #0]
1000245a:	4770      	bx	lr
1000245c:	2000267e 	.word	0x2000267e

10002460 <resetd_open>:
10002460:	794b      	ldrb	r3, [r1, #5]
10002462:	2000      	movs	r0, #0
10002464:	2bff      	cmp	r3, #255	@ 0xff
10002466:	d10b      	bne.n	10002480 <resetd_open+0x20>
10002468:	798b      	ldrb	r3, [r1, #6]
1000246a:	2b00      	cmp	r3, #0
1000246c:	d108      	bne.n	10002480 <resetd_open+0x20>
1000246e:	79cb      	ldrb	r3, [r1, #7]
10002470:	2b01      	cmp	r3, #1
10002472:	d105      	bne.n	10002480 <resetd_open+0x20>
10002474:	2a08      	cmp	r2, #8
10002476:	d903      	bls.n	10002480 <resetd_open+0x20>
10002478:	4b02      	ldr	r3, [pc, #8]	@ (10002484 <resetd_open+0x24>)
1000247a:	788a      	ldrb	r2, [r1, #2]
1000247c:	3009      	adds	r0, #9
1000247e:	701a      	strb	r2, [r3, #0]
10002480:	4770      	bx	lr
10002482:	46c0      	nop			@ (mov r8, r8)
10002484:	2000267e 	.word	0x2000267e

10002488 <resetd_xfer_cb>:
10002488:	2001      	movs	r0, #1
1000248a:	4770      	bx	lr

1000248c <resetd_control_xfer_cb>:
1000248c:	b510      	push	{r4, lr}
1000248e:	2901      	cmp	r1, #1
10002490:	d113      	bne.n	100024ba <resetd_control_xfer_cb+0x2e>
10002492:	4912      	ldr	r1, [pc, #72]	@ (100024dc <resetd_control_xfer_cb+0x50>)
10002494:	7953      	ldrb	r3, [r2, #5]
10002496:	7910      	ldrb	r0, [r2, #4]
10002498:	7809      	ldrb	r1, [r1, #0]
1000249a:	021b      	lsls	r3, r3, #8
1000249c:	4303      	orrs	r3, r0
1000249e:	2000      	movs	r0, #0
100024a0:	4299      	cmp	r1, r3
100024a2:	d000      	beq.n	100024a6 <resetd_control_xfer_cb+0x1a>
100024a4:	bd10      	pop	{r4, pc}
100024a6:	7853      	ldrb	r3, [r2, #1]
100024a8:	2b01      	cmp	r3, #1
100024aa:	d008      	beq.n	100024be <resetd_control_xfer_cb+0x32>
100024ac:	2b02      	cmp	r3, #2
100024ae:	d1f9      	bne.n	100024a4 <resetd_control_xfer_cb+0x18>
100024b0:	2264      	movs	r2, #100	@ 0x64
100024b2:	2100      	movs	r1, #0
100024b4:	2000      	movs	r0, #0
100024b6:	f7ff f8b5 	bl	10001624 <watchdog_reboot>
100024ba:	2001      	movs	r0, #1
100024bc:	e7f2      	b.n	100024a4 <resetd_control_xfer_cb+0x18>
100024be:	78d3      	ldrb	r3, [r2, #3]
100024c0:	7891      	ldrb	r1, [r2, #2]
100024c2:	021b      	lsls	r3, r3, #8
100024c4:	4319      	orrs	r1, r3
100024c6:	0a48      	lsrs	r0, r1, #9
100024c8:	05db      	lsls	r3, r3, #23
100024ca:	d401      	bmi.n	100024d0 <resetd_control_xfer_cb+0x44>
100024cc:	2001      	movs	r0, #1
100024ce:	4240      	negs	r0, r0
100024d0:	237f      	movs	r3, #127	@ 0x7f
100024d2:	058a      	lsls	r2, r1, #22
100024d4:	0fd2      	lsrs	r2, r2, #31
100024d6:	4019      	ands	r1, r3
100024d8:	f7ff f92c 	bl	10001734 <rom_reset_usb_boot_extra>
100024dc:	2000267e 	.word	0x2000267e

100024e0 <tud_descriptor_bos_cb>:
100024e0:	4800      	ldr	r0, [pc, #0]	@ (100024e4 <tud_descriptor_bos_cb+0x4>)
100024e2:	4770      	bx	lr
100024e4:	10005938 	.word	0x10005938

100024e8 <tud_vendor_control_xfer_cb>:
100024e8:	b570      	push	{r4, r5, r6, lr}
100024ea:	0005      	movs	r5, r0
100024ec:	0014      	movs	r4, r2
100024ee:	2001      	movs	r0, #1
100024f0:	2901      	cmp	r1, #1
100024f2:	d109      	bne.n	10002508 <tud_vendor_control_xfer_cb+0x20>
100024f4:	7853      	ldrb	r3, [r2, #1]
100024f6:	2000      	movs	r0, #0
100024f8:	2b01      	cmp	r3, #1
100024fa:	d105      	bne.n	10002508 <tud_vendor_control_xfer_cb+0x20>
100024fc:	7963      	ldrb	r3, [r4, #5]
100024fe:	7912      	ldrb	r2, [r2, #4]
10002500:	021b      	lsls	r3, r3, #8
10002502:	4313      	orrs	r3, r2
10002504:	2b07      	cmp	r3, #7
10002506:	d000      	beq.n	1000250a <tud_vendor_control_xfer_cb+0x22>
10002508:	bd70      	pop	{r4, r5, r6, pc}
1000250a:	0021      	movs	r1, r4
1000250c:	0028      	movs	r0, r5
1000250e:	4a02      	ldr	r2, [pc, #8]	@ (10002518 <tud_vendor_control_xfer_cb+0x30>)
10002510:	339f      	adds	r3, #159	@ 0x9f
10002512:	f001 fa55 	bl	100039c0 <tud_control_xfer>
10002516:	e7f7      	b.n	10002508 <tud_vendor_control_xfer_cb+0x20>
10002518:	10005890 	.word	0x10005890

1000251c <usbd_app_driver_get_cb>:
1000251c:	2301      	movs	r3, #1
1000251e:	7003      	strb	r3, [r0, #0]
10002520:	4800      	ldr	r0, [pc, #0]	@ (10002524 <usbd_app_driver_get_cb+0x8>)
10002522:	4770      	bx	lr
10002524:	10005870 	.word	0x10005870

10002528 <tud_cdc_line_coding_cb>:
10002528:	784b      	ldrb	r3, [r1, #1]
1000252a:	780a      	ldrb	r2, [r1, #0]
1000252c:	021b      	lsls	r3, r3, #8
1000252e:	4313      	orrs	r3, r2
10002530:	788a      	ldrb	r2, [r1, #2]
10002532:	b510      	push	{r4, lr}
10002534:	0412      	lsls	r2, r2, #16
10002536:	431a      	orrs	r2, r3
10002538:	78cb      	ldrb	r3, [r1, #3]
1000253a:	061b      	lsls	r3, r3, #24
1000253c:	4313      	orrs	r3, r2
1000253e:	2296      	movs	r2, #150	@ 0x96
10002540:	00d2      	lsls	r2, r2, #3
10002542:	4293      	cmp	r3, r2
10002544:	d000      	beq.n	10002548 <tud_cdc_line_coding_cb+0x20>
10002546:	bd10      	pop	{r4, pc}
10002548:	2200      	movs	r2, #0
1000254a:	2001      	movs	r0, #1
1000254c:	0011      	movs	r1, r2
1000254e:	4240      	negs	r0, r0
10002550:	f7ff f8f0 	bl	10001734 <rom_reset_usb_boot_extra>

10002554 <stdio_usb_set_chars_available_callback>:
10002554:	4b02      	ldr	r3, [pc, #8]	@ (10002560 <stdio_usb_set_chars_available_callback+0xc>)
10002556:	6018      	str	r0, [r3, #0]
10002558:	4b02      	ldr	r3, [pc, #8]	@ (10002564 <stdio_usb_set_chars_available_callback+0x10>)
1000255a:	6019      	str	r1, [r3, #0]
1000255c:	4770      	bx	lr
1000255e:	46c0      	nop			@ (mov r8, r8)
10002560:	200021a0 	.word	0x200021a0
10002564:	200021a4 	.word	0x200021a4

10002568 <usb_irq>:
10002568:	b510      	push	{r4, lr}
1000256a:	4b02      	ldr	r3, [pc, #8]	@ (10002574 <usb_irq+0xc>)
1000256c:	7818      	ldrb	r0, [r3, #0]
1000256e:	f7fe f8a5 	bl	100006bc <irq_set_pending>
10002572:	bd10      	pop	{r4, pc}
10002574:	2000267f 	.word	0x2000267f

10002578 <timer_task>:
10002578:	4b15      	ldr	r3, [pc, #84]	@ (100025d0 <timer_task+0x58>)
1000257a:	b570      	push	{r4, r5, r6, lr}
1000257c:	681a      	ldr	r2, [r3, #0]
1000257e:	2a00      	cmp	r2, #0
10002580:	d022      	beq.n	100025c8 <timer_task+0x50>
10002582:	f3ef 8110 	mrs	r1, PRIMASK
10002586:	b672      	cpsid	i
10002588:	6810      	ldr	r0, [r2, #0]
1000258a:	2800      	cmp	r0, #0
1000258c:	d0fc      	beq.n	10002588 <timer_task+0x10>
1000258e:	f3bf 8f5f 	dmb	sy
10002592:	2000      	movs	r0, #0
10002594:	4a0f      	ldr	r2, [pc, #60]	@ (100025d4 <timer_task+0x5c>)
10002596:	6059      	str	r1, [r3, #4]
10002598:	7010      	strb	r0, [r2, #0]
1000259a:	681b      	ldr	r3, [r3, #0]
1000259c:	f3bf 8f5f 	dmb	sy
100025a0:	6018      	str	r0, [r3, #0]
100025a2:	f381 8810 	msr	PRIMASK, r1
100025a6:	2400      	movs	r4, #0
100025a8:	2500      	movs	r5, #0
100025aa:	4e0b      	ldr	r6, [pc, #44]	@ (100025d8 <timer_task+0x60>)
100025ac:	7830      	ldrb	r0, [r6, #0]
100025ae:	f7fe f879 	bl	100006a4 <irq_is_enabled>
100025b2:	2800      	cmp	r0, #0
100025b4:	d104      	bne.n	100025c0 <timer_task+0x48>
100025b6:	2400      	movs	r4, #0
100025b8:	2500      	movs	r5, #0
100025ba:	0029      	movs	r1, r5
100025bc:	0020      	movs	r0, r4
100025be:	bd70      	pop	{r4, r5, r6, pc}
100025c0:	7830      	ldrb	r0, [r6, #0]
100025c2:	f7fe f87b 	bl	100006bc <irq_set_pending>
100025c6:	e7f8      	b.n	100025ba <timer_task+0x42>
100025c8:	24fa      	movs	r4, #250	@ 0xfa
100025ca:	2500      	movs	r5, #0
100025cc:	00a4      	lsls	r4, r4, #2
100025ce:	e7ec      	b.n	100025aa <timer_task+0x32>
100025d0:	20002638 	.word	0x20002638
100025d4:	20002680 	.word	0x20002680
100025d8:	2000267f 	.word	0x2000267f

100025dc <stdio_usb_in_chars>:
100025dc:	b570      	push	{r4, r5, r6, lr}
100025de:	0004      	movs	r4, r0
100025e0:	2000      	movs	r0, #0
100025e2:	000e      	movs	r6, r1
100025e4:	f001 fb0a 	bl	10003bfc <tud_cdc_n_connected>
100025e8:	2800      	cmp	r0, #0
100025ea:	d034      	beq.n	10002656 <stdio_usb_in_chars+0x7a>
100025ec:	2000      	movs	r0, #0
100025ee:	f001 fb1b 	bl	10003c28 <tud_cdc_n_available>
100025f2:	2800      	cmp	r0, #0
100025f4:	d02f      	beq.n	10002656 <stdio_usb_in_chars+0x7a>
100025f6:	f7fe fe81 	bl	100012fc <time_us_64>
100025fa:	2300      	movs	r3, #0
100025fc:	4a17      	ldr	r2, [pc, #92]	@ (1000265c <stdio_usb_in_chars+0x80>)
100025fe:	1812      	adds	r2, r2, r0
10002600:	414b      	adcs	r3, r1
10002602:	2b00      	cmp	r3, #0
10002604:	db16      	blt.n	10002634 <stdio_usb_in_chars+0x58>
10002606:	4d16      	ldr	r5, [pc, #88]	@ (10002660 <stdio_usb_in_chars+0x84>)
10002608:	0028      	movs	r0, r5
1000260a:	f003 f811 	bl	10005630 <__mutex_try_enter_block_until_veneer>
1000260e:	2800      	cmp	r0, #0
10002610:	d021      	beq.n	10002656 <stdio_usb_in_chars+0x7a>
10002612:	2000      	movs	r0, #0
10002614:	f001 faf2 	bl	10003bfc <tud_cdc_n_connected>
10002618:	2800      	cmp	r0, #0
1000261a:	d10f      	bne.n	1000263c <stdio_usb_in_chars+0x60>
1000261c:	2001      	movs	r0, #1
1000261e:	2100      	movs	r1, #0
10002620:	4240      	negs	r0, r0
10002622:	f000 fd01 	bl	10003028 <tud_task_ext>
10002626:	2403      	movs	r4, #3
10002628:	4264      	negs	r4, r4
1000262a:	0028      	movs	r0, r5
1000262c:	f002 ffc8 	bl	100055c0 <__mutex_exit_veneer>
10002630:	0020      	movs	r0, r4
10002632:	bd70      	pop	{r4, r5, r6, pc}
10002634:	2201      	movs	r2, #1
10002636:	4b0b      	ldr	r3, [pc, #44]	@ (10002664 <stdio_usb_in_chars+0x88>)
10002638:	4252      	negs	r2, r2
1000263a:	e7e4      	b.n	10002606 <stdio_usb_in_chars+0x2a>
1000263c:	2000      	movs	r0, #0
1000263e:	f001 faf3 	bl	10003c28 <tud_cdc_n_available>
10002642:	2800      	cmp	r0, #0
10002644:	d0ea      	beq.n	1000261c <stdio_usb_in_chars+0x40>
10002646:	0021      	movs	r1, r4
10002648:	0032      	movs	r2, r6
1000264a:	2000      	movs	r0, #0
1000264c:	f001 faf6 	bl	10003c3c <tud_cdc_n_read>
10002650:	1e04      	subs	r4, r0, #0
10002652:	d1ea      	bne.n	1000262a <stdio_usb_in_chars+0x4e>
10002654:	e7e7      	b.n	10002626 <stdio_usb_in_chars+0x4a>
10002656:	2403      	movs	r4, #3
10002658:	4264      	negs	r4, r4
1000265a:	e7e9      	b.n	10002630 <stdio_usb_in_chars+0x54>
1000265c:	000f4240 	.word	0x000f4240
10002660:	20002660 	.word	0x20002660
10002664:	7fffffff 	.word	0x7fffffff

10002668 <stdio_usb_out_flush>:
10002668:	b510      	push	{r4, lr}
1000266a:	f7fe fe47 	bl	100012fc <time_us_64>
1000266e:	2300      	movs	r3, #0
10002670:	4a0d      	ldr	r2, [pc, #52]	@ (100026a8 <stdio_usb_out_flush+0x40>)
10002672:	1812      	adds	r2, r2, r0
10002674:	414b      	adcs	r3, r1
10002676:	2b00      	cmp	r3, #0
10002678:	da02      	bge.n	10002680 <stdio_usb_out_flush+0x18>
1000267a:	2201      	movs	r2, #1
1000267c:	4b0b      	ldr	r3, [pc, #44]	@ (100026ac <stdio_usb_out_flush+0x44>)
1000267e:	4252      	negs	r2, r2
10002680:	4c0b      	ldr	r4, [pc, #44]	@ (100026b0 <stdio_usb_out_flush+0x48>)
10002682:	0020      	movs	r0, r4
10002684:	f002 ffd4 	bl	10005630 <__mutex_try_enter_block_until_veneer>
10002688:	2800      	cmp	r0, #0
1000268a:	d00c      	beq.n	100026a6 <stdio_usb_out_flush+0x3e>
1000268c:	2001      	movs	r0, #1
1000268e:	2100      	movs	r1, #0
10002690:	4240      	negs	r0, r0
10002692:	f000 fcc9 	bl	10003028 <tud_task_ext>
10002696:	2000      	movs	r0, #0
10002698:	f001 fb14 	bl	10003cc4 <tud_cdc_n_write_flush>
1000269c:	2800      	cmp	r0, #0
1000269e:	d1f5      	bne.n	1000268c <stdio_usb_out_flush+0x24>
100026a0:	0020      	movs	r0, r4
100026a2:	f002 ff8d 	bl	100055c0 <__mutex_exit_veneer>
100026a6:	bd10      	pop	{r4, pc}
100026a8:	000f4240 	.word	0x000f4240
100026ac:	7fffffff 	.word	0x7fffffff
100026b0:	20002660 	.word	0x20002660

100026b4 <stdio_usb_out_chars>:
100026b4:	b5f8      	push	{r3, r4, r5, r6, r7, lr}
100026b6:	46de      	mov	lr, fp
100026b8:	4657      	mov	r7, sl
100026ba:	b580      	push	{r7, lr}
100026bc:	0005      	movs	r5, r0
100026be:	000c      	movs	r4, r1
100026c0:	f7fe fe1c 	bl	100012fc <time_us_64>
100026c4:	2300      	movs	r3, #0
100026c6:	4a36      	ldr	r2, [pc, #216]	@ (100027a0 <stdio_usb_out_chars+0xec>)
100026c8:	1812      	adds	r2, r2, r0
100026ca:	414b      	adcs	r3, r1
100026cc:	2b00      	cmp	r3, #0
100026ce:	da02      	bge.n	100026d6 <stdio_usb_out_chars+0x22>
100026d0:	2201      	movs	r2, #1
100026d2:	4b34      	ldr	r3, [pc, #208]	@ (100027a4 <stdio_usb_out_chars+0xf0>)
100026d4:	4252      	negs	r2, r2
100026d6:	4934      	ldr	r1, [pc, #208]	@ (100027a8 <stdio_usb_out_chars+0xf4>)
100026d8:	0008      	movs	r0, r1
100026da:	468a      	mov	sl, r1
100026dc:	f002 ffa8 	bl	10005630 <__mutex_try_enter_block_until_veneer>
100026e0:	2800      	cmp	r0, #0
100026e2:	d103      	bne.n	100026ec <stdio_usb_out_chars+0x38>
100026e4:	bcc0      	pop	{r6, r7}
100026e6:	46bb      	mov	fp, r7
100026e8:	46b2      	mov	sl, r6
100026ea:	bdf8      	pop	{r3, r4, r5, r6, r7, pc}
100026ec:	2000      	movs	r0, #0
100026ee:	f001 fa85 	bl	10003bfc <tud_cdc_n_connected>
100026f2:	2800      	cmp	r0, #0
100026f4:	d04a      	beq.n	1000278c <stdio_usb_out_chars+0xd8>
100026f6:	2600      	movs	r6, #0
100026f8:	2c00      	cmp	r4, #0
100026fa:	dd43      	ble.n	10002784 <stdio_usb_out_chars+0xd0>
100026fc:	4b2b      	ldr	r3, [pc, #172]	@ (100027ac <stdio_usb_out_chars+0xf8>)
100026fe:	469b      	mov	fp, r3
10002700:	e014      	b.n	1000272c <stdio_usb_out_chars+0x78>
10002702:	19a9      	adds	r1, r5, r6
10002704:	2000      	movs	r0, #0
10002706:	f001 fb17 	bl	10003d38 <tud_cdc_n_write>
1000270a:	0007      	movs	r7, r0
1000270c:	2001      	movs	r0, #1
1000270e:	2100      	movs	r1, #0
10002710:	4240      	negs	r0, r0
10002712:	f000 fc89 	bl	10003028 <tud_task_ext>
10002716:	2000      	movs	r0, #0
10002718:	f001 fad4 	bl	10003cc4 <tud_cdc_n_write_flush>
1000271c:	f7fe fdee 	bl	100012fc <time_us_64>
10002720:	4b22      	ldr	r3, [pc, #136]	@ (100027ac <stdio_usb_out_chars+0xf8>)
10002722:	19f6      	adds	r6, r6, r7
10002724:	6018      	str	r0, [r3, #0]
10002726:	6059      	str	r1, [r3, #4]
10002728:	42b4      	cmp	r4, r6
1000272a:	dd2b      	ble.n	10002784 <stdio_usb_out_chars+0xd0>
1000272c:	2000      	movs	r0, #0
1000272e:	f001 fb23 	bl	10003d78 <tud_cdc_n_write_available>
10002732:	1ba7      	subs	r7, r4, r6
10002734:	0002      	movs	r2, r0
10002736:	42b8      	cmp	r0, r7
10002738:	dd00      	ble.n	1000273c <stdio_usb_out_chars+0x88>
1000273a:	003a      	movs	r2, r7
1000273c:	2a00      	cmp	r2, #0
1000273e:	d1e0      	bne.n	10002702 <stdio_usb_out_chars+0x4e>
10002740:	2001      	movs	r0, #1
10002742:	2100      	movs	r1, #0
10002744:	4240      	negs	r0, r0
10002746:	f000 fc6f 	bl	10003028 <tud_task_ext>
1000274a:	2000      	movs	r0, #0
1000274c:	f001 faba 	bl	10003cc4 <tud_cdc_n_write_flush>
10002750:	2000      	movs	r0, #0
10002752:	f001 fa53 	bl	10003bfc <tud_cdc_n_connected>
10002756:	2800      	cmp	r0, #0
10002758:	d014      	beq.n	10002784 <stdio_usb_out_chars+0xd0>
1000275a:	2000      	movs	r0, #0
1000275c:	f001 fb0c 	bl	10003d78 <tud_cdc_n_write_available>
10002760:	2800      	cmp	r0, #0
10002762:	d1e1      	bne.n	10002728 <stdio_usb_out_chars+0x74>
10002764:	f7fe fdca 	bl	100012fc <time_us_64>
10002768:	465b      	mov	r3, fp
1000276a:	000f      	movs	r7, r1
1000276c:	681a      	ldr	r2, [r3, #0]
1000276e:	685b      	ldr	r3, [r3, #4]
10002770:	2100      	movs	r1, #0
10002772:	4684      	mov	ip, r0
10002774:	480e      	ldr	r0, [pc, #56]	@ (100027b0 <stdio_usb_out_chars+0xfc>)
10002776:	1812      	adds	r2, r2, r0
10002778:	414b      	adcs	r3, r1
1000277a:	429f      	cmp	r7, r3
1000277c:	d802      	bhi.n	10002784 <stdio_usb_out_chars+0xd0>
1000277e:	d1d3      	bne.n	10002728 <stdio_usb_out_chars+0x74>
10002780:	4594      	cmp	ip, r2
10002782:	d9d1      	bls.n	10002728 <stdio_usb_out_chars+0x74>
10002784:	4650      	mov	r0, sl
10002786:	f002 ff1b 	bl	100055c0 <__mutex_exit_veneer>
1000278a:	e7ab      	b.n	100026e4 <stdio_usb_out_chars+0x30>
1000278c:	2000      	movs	r0, #0
1000278e:	2100      	movs	r1, #0
10002790:	4b06      	ldr	r3, [pc, #24]	@ (100027ac <stdio_usb_out_chars+0xf8>)
10002792:	6018      	str	r0, [r3, #0]
10002794:	6059      	str	r1, [r3, #4]
10002796:	4650      	mov	r0, sl
10002798:	f002 ff12 	bl	100055c0 <__mutex_exit_veneer>
1000279c:	e7a2      	b.n	100026e4 <stdio_usb_out_chars+0x30>
1000279e:	46c0      	nop			@ (mov r8, r8)
100027a0:	000f4240 	.word	0x000f4240
100027a4:	7fffffff 	.word	0x7fffffff
100027a8:	20002660 	.word	0x20002660
100027ac:	20001790 	.word	0x20001790
100027b0:	0007a120 	.word	0x0007a120

100027b4 <low_priority_worker_irq>:
100027b4:	b530      	push	{r4, r5, lr}
100027b6:	4c2a      	ldr	r4, [pc, #168]	@ (10002860 <low_priority_worker_irq+0xac>)
100027b8:	b085      	sub	sp, #20
100027ba:	2100      	movs	r1, #0
100027bc:	0020      	movs	r0, r4
100027be:	f002 ff1f 	bl	10005600 <__mutex_try_enter_veneer>
100027c2:	2800      	cmp	r0, #0
100027c4:	d11c      	bne.n	10002800 <low_priority_worker_irq+0x4c>
100027c6:	4b27      	ldr	r3, [pc, #156]	@ (10002864 <low_priority_worker_irq+0xb0>)
100027c8:	681a      	ldr	r2, [r3, #0]
100027ca:	2a00      	cmp	r2, #0
100027cc:	d016      	beq.n	100027fc <low_priority_worker_irq+0x48>
100027ce:	f3ef 8110 	mrs	r1, PRIMASK
100027d2:	b672      	cpsid	i
100027d4:	6810      	ldr	r0, [r2, #0]
100027d6:	2800      	cmp	r0, #0
100027d8:	d0fc      	beq.n	100027d4 <low_priority_worker_irq+0x20>
100027da:	f3bf 8f5f 	dmb	sy
100027de:	2401      	movs	r4, #1
100027e0:	4821      	ldr	r0, [pc, #132]	@ (10002868 <low_priority_worker_irq+0xb4>)
100027e2:	6059      	str	r1, [r3, #4]
100027e4:	7802      	ldrb	r2, [r0, #0]
100027e6:	681b      	ldr	r3, [r3, #0]
100027e8:	b2d2      	uxtb	r2, r2
100027ea:	7004      	strb	r4, [r0, #0]
100027ec:	f3bf 8f5f 	dmb	sy
100027f0:	2000      	movs	r0, #0
100027f2:	6018      	str	r0, [r3, #0]
100027f4:	f381 8810 	msr	PRIMASK, r1
100027f8:	2a00      	cmp	r2, #0
100027fa:	d017      	beq.n	1000282c <low_priority_worker_irq+0x78>
100027fc:	b005      	add	sp, #20
100027fe:	bd30      	pop	{r4, r5, pc}
10002800:	2001      	movs	r0, #1
10002802:	2100      	movs	r1, #0
10002804:	4240      	negs	r0, r0
10002806:	f000 fc0f 	bl	10003028 <tud_task_ext>
1000280a:	2000      	movs	r0, #0
1000280c:	f001 fa0c 	bl	10003c28 <tud_cdc_n_available>
10002810:	0005      	movs	r5, r0
10002812:	0020      	movs	r0, r4
10002814:	f002 fed4 	bl	100055c0 <__mutex_exit_veneer>
10002818:	2d00      	cmp	r5, #0
1000281a:	d0ef      	beq.n	100027fc <low_priority_worker_irq+0x48>
1000281c:	4b13      	ldr	r3, [pc, #76]	@ (1000286c <low_priority_worker_irq+0xb8>)
1000281e:	681b      	ldr	r3, [r3, #0]
10002820:	2b00      	cmp	r3, #0
10002822:	d0eb      	beq.n	100027fc <low_priority_worker_irq+0x48>
10002824:	4a12      	ldr	r2, [pc, #72]	@ (10002870 <low_priority_worker_irq+0xbc>)
10002826:	6810      	ldr	r0, [r2, #0]
10002828:	4798      	blx	r3
1000282a:	e7e7      	b.n	100027fc <low_priority_worker_irq+0x48>
1000282c:	f7fe fb50 	bl	10000ed0 <alarm_pool_get_default>
10002830:	0004      	movs	r4, r0
10002832:	f7fe fd63 	bl	100012fc <time_us_64>
10002836:	22fa      	movs	r2, #250	@ 0xfa
10002838:	2300      	movs	r3, #0
1000283a:	0092      	lsls	r2, r2, #2
1000283c:	1812      	adds	r2, r2, r0
1000283e:	414b      	adcs	r3, r1
10002840:	2b00      	cmp	r3, #0
10002842:	da02      	bge.n	1000284a <low_priority_worker_irq+0x96>
10002844:	2201      	movs	r2, #1
10002846:	4b0b      	ldr	r3, [pc, #44]	@ (10002874 <low_priority_worker_irq+0xc0>)
10002848:	4252      	negs	r2, r2
1000284a:	2101      	movs	r1, #1
1000284c:	9102      	str	r1, [sp, #8]
1000284e:	2100      	movs	r1, #0
10002850:	9101      	str	r1, [sp, #4]
10002852:	4909      	ldr	r1, [pc, #36]	@ (10002878 <low_priority_worker_irq+0xc4>)
10002854:	0020      	movs	r0, r4
10002856:	9100      	str	r1, [sp, #0]
10002858:	f7fe fb3e 	bl	10000ed8 <alarm_pool_add_alarm_at>
1000285c:	e7ce      	b.n	100027fc <low_priority_worker_irq+0x48>
1000285e:	46c0      	nop			@ (mov r8, r8)
10002860:	20002660 	.word	0x20002660
10002864:	20002638 	.word	0x20002638
10002868:	20002680 	.word	0x20002680
1000286c:	200021a0 	.word	0x200021a0
10002870:	200021a4 	.word	0x200021a4
10002874:	7fffffff 	.word	0x7fffffff
10002878:	10002579 	.word	0x10002579

1000287c <stdio_usb_init>:
1000287c:	23d0      	movs	r3, #208	@ 0xd0
1000287e:	b510      	push	{r4, lr}
10002880:	061b      	lsls	r3, r3, #24
10002882:	b084      	sub	sp, #16
10002884:	681c      	ldr	r4, [r3, #0]
10002886:	f7fe fb23 	bl	10000ed0 <alarm_pool_get_default>
1000288a:	f7fe fc1f 	bl	100010cc <alarm_pool_core_num>
1000288e:	42a0      	cmp	r0, r4
10002890:	d002      	beq.n	10002898 <stdio_usb_init+0x1c>
10002892:	2000      	movs	r0, #0
10002894:	b004      	add	sp, #16
10002896:	bd10      	pop	{r4, pc}
10002898:	4b29      	ldr	r3, [pc, #164]	@ (10002940 <stdio_usb_init+0xc4>)
1000289a:	2100      	movs	r1, #0
1000289c:	2000      	movs	r0, #0
1000289e:	781b      	ldrb	r3, [r3, #0]
100028a0:	f001 fd5e 	bl	10004360 <tusb_rhport_init>
100028a4:	4827      	ldr	r0, [pc, #156]	@ (10002944 <stdio_usb_init+0xc8>)
100028a6:	6803      	ldr	r3, [r0, #0]
100028a8:	2b00      	cmp	r3, #0
100028aa:	d045      	beq.n	10002938 <stdio_usb_init+0xbc>
100028ac:	2001      	movs	r0, #1
100028ae:	f7fe f89d 	bl	100009ec <user_irq_claim_unused>
100028b2:	23ff      	movs	r3, #255	@ 0xff
100028b4:	4c24      	ldr	r4, [pc, #144]	@ (10002948 <stdio_usb_init+0xcc>)
100028b6:	4925      	ldr	r1, [pc, #148]	@ (1000294c <stdio_usb_init+0xd0>)
100028b8:	7020      	strb	r0, [r4, #0]
100028ba:	4018      	ands	r0, r3
100028bc:	f7fd ff18 	bl	100006f0 <irq_set_exclusive_handler>
100028c0:	7820      	ldrb	r0, [r4, #0]
100028c2:	2101      	movs	r1, #1
100028c4:	f7fd fedc 	bl	10000680 <irq_set_enabled>
100028c8:	2005      	movs	r0, #5
100028ca:	f7fd feff 	bl	100006cc <irq_has_shared_handler>
100028ce:	2800      	cmp	r0, #0
100028d0:	d124      	bne.n	1000291c <stdio_usb_init+0xa0>
100028d2:	2208      	movs	r2, #8
100028d4:	2100      	movs	r1, #0
100028d6:	481e      	ldr	r0, [pc, #120]	@ (10002950 <stdio_usb_init+0xd4>)
100028d8:	f7ff fb88 	bl	10001fec <__wrap_memset>
100028dc:	f7fe faf8 	bl	10000ed0 <alarm_pool_get_default>
100028e0:	0004      	movs	r4, r0
100028e2:	f7fe fd0b 	bl	100012fc <time_us_64>
100028e6:	22fa      	movs	r2, #250	@ 0xfa
100028e8:	2300      	movs	r3, #0
100028ea:	0092      	lsls	r2, r2, #2
100028ec:	1812      	adds	r2, r2, r0
100028ee:	414b      	adcs	r3, r1
100028f0:	2b00      	cmp	r3, #0
100028f2:	da02      	bge.n	100028fa <stdio_usb_init+0x7e>
100028f4:	2201      	movs	r2, #1
100028f6:	4b17      	ldr	r3, [pc, #92]	@ (10002954 <stdio_usb_init+0xd8>)
100028f8:	4252      	negs	r2, r2
100028fa:	2101      	movs	r1, #1
100028fc:	9102      	str	r1, [sp, #8]
100028fe:	2100      	movs	r1, #0
10002900:	9101      	str	r1, [sp, #4]
10002902:	4915      	ldr	r1, [pc, #84]	@ (10002958 <stdio_usb_init+0xdc>)
10002904:	0020      	movs	r0, r4
10002906:	9100      	str	r1, [sp, #0]
10002908:	f7fe fae6 	bl	10000ed8 <alarm_pool_add_alarm_at>
1000290c:	2800      	cmp	r0, #0
1000290e:	dbc0      	blt.n	10002892 <stdio_usb_init+0x16>
10002910:	4812      	ldr	r0, [pc, #72]	@ (1000295c <stdio_usb_init+0xe0>)
10002912:	2101      	movs	r1, #1
10002914:	f7ff fd18 	bl	10002348 <stdio_set_driver_enabled>
10002918:	2001      	movs	r0, #1
1000291a:	e7bb      	b.n	10002894 <stdio_usb_init+0x18>
1000291c:	2001      	movs	r0, #1
1000291e:	f7fd fe7d 	bl	1000061c <spin_lock_claim_unused>
10002922:	4b0b      	ldr	r3, [pc, #44]	@ (10002950 <stdio_usb_init+0xd4>)
10002924:	0001      	movs	r1, r0
10002926:	0018      	movs	r0, r3
10002928:	f7fe f8c2 	bl	10000ab0 <critical_section_init_with_lock_num>
1000292c:	2200      	movs	r2, #0
1000292e:	2005      	movs	r0, #5
10002930:	490b      	ldr	r1, [pc, #44]	@ (10002960 <stdio_usb_init+0xe4>)
10002932:	f7fd ff07 	bl	10000744 <irq_add_shared_handler>
10002936:	e7eb      	b.n	10002910 <stdio_usb_init+0x94>
10002938:	f7fe f89e 	bl	10000a78 <mutex_init>
1000293c:	e7b6      	b.n	100028ac <stdio_usb_init+0x30>
1000293e:	46c0      	nop			@ (mov r8, r8)
10002940:	10005aec 	.word	0x10005aec
10002944:	20002660 	.word	0x20002660
10002948:	2000267f 	.word	0x2000267f
1000294c:	100027b5 	.word	0x100027b5
10002950:	20002638 	.word	0x20002638
10002954:	7fffffff 	.word	0x7fffffff
10002958:	10002579 	.word	0x10002579
1000295c:	20001070 	.word	0x20001070
10002960:	10002569 	.word	0x10002569

10002964 <tud_descriptor_device_cb>:
10002964:	4800      	ldr	r0, [pc, #0]	@ (10002968 <tud_descriptor_device_cb+0x4>)
10002966:	4770      	bx	lr
10002968:	100059d4 	.word	0x100059d4

1000296c <tud_descriptor_configuration_cb>:
1000296c:	4800      	ldr	r0, [pc, #0]	@ (10002970 <tud_descriptor_configuration_cb+0x4>)
1000296e:	4770      	bx	lr
10002970:	10005980 	.word	0x10005980

10002974 <tud_descriptor_string_cb>:
10002974:	b510      	push	{r4, lr}
10002976:	0004      	movs	r4, r0
10002978:	4817      	ldr	r0, [pc, #92]	@ (100029d8 <tud_descriptor_string_cb+0x64>)
1000297a:	7803      	ldrb	r3, [r0, #0]
1000297c:	2b00      	cmp	r3, #0
1000297e:	d020      	beq.n	100029c2 <tud_descriptor_string_cb+0x4e>
10002980:	2c00      	cmp	r4, #0
10002982:	d106      	bne.n	10002992 <tud_descriptor_string_cb+0x1e>
10002984:	4b15      	ldr	r3, [pc, #84]	@ (100029dc <tud_descriptor_string_cb+0x68>)
10002986:	4816      	ldr	r0, [pc, #88]	@ (100029e0 <tud_descriptor_string_cb+0x6c>)
10002988:	8043      	strh	r3, [r0, #2]
1000298a:	3b06      	subs	r3, #6
1000298c:	3bff      	subs	r3, #255	@ 0xff
1000298e:	8003      	strh	r3, [r0, #0]
10002990:	bd10      	pop	{r4, pc}
10002992:	2c05      	cmp	r4, #5
10002994:	d81d      	bhi.n	100029d2 <tud_descriptor_string_cb+0x5e>
10002996:	4b13      	ldr	r3, [pc, #76]	@ (100029e4 <tud_descriptor_string_cb+0x70>)
10002998:	00a4      	lsls	r4, r4, #2
1000299a:	58e0      	ldr	r0, [r4, r3]
1000299c:	4912      	ldr	r1, [pc, #72]	@ (100029e8 <tud_descriptor_string_cb+0x74>)
1000299e:	2301      	movs	r3, #1
100029a0:	3801      	subs	r0, #1
100029a2:	e004      	b.n	100029ae <tud_descriptor_string_cb+0x3a>
100029a4:	3301      	adds	r3, #1
100029a6:	800a      	strh	r2, [r1, #0]
100029a8:	3102      	adds	r1, #2
100029aa:	2b14      	cmp	r3, #20
100029ac:	d00d      	beq.n	100029ca <tud_descriptor_string_cb+0x56>
100029ae:	5cc2      	ldrb	r2, [r0, r3]
100029b0:	2a00      	cmp	r2, #0
100029b2:	d1f7      	bne.n	100029a4 <tud_descriptor_string_cb+0x30>
100029b4:	22c0      	movs	r2, #192	@ 0xc0
100029b6:	b2db      	uxtb	r3, r3
100029b8:	005b      	lsls	r3, r3, #1
100029ba:	0092      	lsls	r2, r2, #2
100029bc:	4808      	ldr	r0, [pc, #32]	@ (100029e0 <tud_descriptor_string_cb+0x6c>)
100029be:	4313      	orrs	r3, r2
100029c0:	e7e5      	b.n	1000298e <tud_descriptor_string_cb+0x1a>
100029c2:	2111      	movs	r1, #17
100029c4:	f000 f81a 	bl	100029fc <pico_get_unique_board_id_string>
100029c8:	e7da      	b.n	10002980 <tud_descriptor_string_cb+0xc>
100029ca:	23ca      	movs	r3, #202	@ 0xca
100029cc:	4804      	ldr	r0, [pc, #16]	@ (100029e0 <tud_descriptor_string_cb+0x6c>)
100029ce:	009b      	lsls	r3, r3, #2
100029d0:	e7dd      	b.n	1000298e <tud_descriptor_string_cb+0x1a>
100029d2:	2000      	movs	r0, #0
100029d4:	e7dc      	b.n	10002990 <tud_descriptor_string_cb+0x1c>
100029d6:	46c0      	nop			@ (mov r8, r8)
100029d8:	20002668 	.word	0x20002668
100029dc:	00000409 	.word	0x00000409
100029e0:	200021d8 	.word	0x200021d8
100029e4:	10005968 	.word	0x10005968
100029e8:	200021da 	.word	0x200021da

100029ec <_retrieve_unique_id_on_boot>:
100029ec:	b510      	push	{r4, lr}
100029ee:	4802      	ldr	r0, [pc, #8]	@ (100029f8 <_retrieve_unique_id_on_boot+0xc>)
100029f0:	f000 f8d8 	bl	10002ba4 <flash_get_unique_id>
100029f4:	bd10      	pop	{r4, pc}
100029f6:	46c0      	nop			@ (mov r8, r8)
100029f8:	20002650 	.word	0x20002650

100029fc <pico_get_unique_board_id_string>:
100029fc:	b530      	push	{r4, r5, lr}
100029fe:	1e4b      	subs	r3, r1, #1
10002a00:	2901      	cmp	r1, #1
10002a02:	d100      	bne.n	10002a06 <pico_get_unique_board_id_string+0xa>
10002a04:	e0a7      	b.n	10002b56 <pico_get_unique_board_id_string+0x15a>
10002a06:	4a66      	ldr	r2, [pc, #408]	@ (10002ba0 <pico_get_unique_board_id_string+0x1a4>)
10002a08:	7811      	ldrb	r1, [r2, #0]
10002a0a:	090d      	lsrs	r5, r1, #4
10002a0c:	002c      	movs	r4, r5
10002a0e:	3430      	adds	r4, #48	@ 0x30
10002a10:	299f      	cmp	r1, #159	@ 0x9f
10002a12:	d900      	bls.n	10002a16 <pico_get_unique_board_id_string+0x1a>
10002a14:	e0a2      	b.n	10002b5c <pico_get_unique_board_id_string+0x160>
10002a16:	7004      	strb	r4, [r0, #0]
10002a18:	2b01      	cmp	r3, #1
10002a1a:	d100      	bne.n	10002a1e <pico_get_unique_board_id_string+0x22>
10002a1c:	e0be      	b.n	10002b9c <pico_get_unique_board_id_string+0x1a0>
10002a1e:	210f      	movs	r1, #15
10002a20:	7814      	ldrb	r4, [r2, #0]
10002a22:	4021      	ands	r1, r4
10002a24:	000c      	movs	r4, r1
10002a26:	3430      	adds	r4, #48	@ 0x30
10002a28:	2909      	cmp	r1, #9
10002a2a:	d900      	bls.n	10002a2e <pico_get_unique_board_id_string+0x32>
10002a2c:	e098      	b.n	10002b60 <pico_get_unique_board_id_string+0x164>
10002a2e:	7044      	strb	r4, [r0, #1]
10002a30:	2b02      	cmp	r3, #2
10002a32:	d100      	bne.n	10002a36 <pico_get_unique_board_id_string+0x3a>
10002a34:	e0b2      	b.n	10002b9c <pico_get_unique_board_id_string+0x1a0>
10002a36:	7854      	ldrb	r4, [r2, #1]
10002a38:	0925      	lsrs	r5, r4, #4
10002a3a:	0029      	movs	r1, r5
10002a3c:	3130      	adds	r1, #48	@ 0x30
10002a3e:	2c9f      	cmp	r4, #159	@ 0x9f
10002a40:	d900      	bls.n	10002a44 <pico_get_unique_board_id_string+0x48>
10002a42:	e090      	b.n	10002b66 <pico_get_unique_board_id_string+0x16a>
10002a44:	7081      	strb	r1, [r0, #2]
10002a46:	2b03      	cmp	r3, #3
10002a48:	d100      	bne.n	10002a4c <pico_get_unique_board_id_string+0x50>
10002a4a:	e0a7      	b.n	10002b9c <pico_get_unique_board_id_string+0x1a0>
10002a4c:	210f      	movs	r1, #15
10002a4e:	4021      	ands	r1, r4
10002a50:	000c      	movs	r4, r1
10002a52:	3430      	adds	r4, #48	@ 0x30
10002a54:	2909      	cmp	r1, #9
10002a56:	d900      	bls.n	10002a5a <pico_get_unique_board_id_string+0x5e>
10002a58:	e087      	b.n	10002b6a <pico_get_unique_board_id_string+0x16e>
10002a5a:	70c4      	strb	r4, [r0, #3]
10002a5c:	2b04      	cmp	r3, #4
10002a5e:	d100      	bne.n	10002a62 <pico_get_unique_board_id_string+0x66>
10002a60:	e09c      	b.n	10002b9c <pico_get_unique_board_id_string+0x1a0>
10002a62:	7894      	ldrb	r4, [r2, #2]
10002a64:	0925      	lsrs	r5, r4, #4
10002a66:	0029      	movs	r1, r5
10002a68:	3130      	adds	r1, #48	@ 0x30
10002a6a:	2c9f      	cmp	r4, #159	@ 0x9f
10002a6c:	d900      	bls.n	10002a70 <pico_get_unique_board_id_string+0x74>
10002a6e:	e07f      	b.n	10002b70 <pico_get_unique_board_id_string+0x174>
10002a70:	7101      	strb	r1, [r0, #4]
10002a72:	2b05      	cmp	r3, #5
10002a74:	d100      	bne.n	10002a78 <pico_get_unique_board_id_string+0x7c>
10002a76:	e091      	b.n	10002b9c <pico_get_unique_board_id_string+0x1a0>
10002a78:	210f      	movs	r1, #15
10002a7a:	4021      	ands	r1, r4
10002a7c:	000c      	movs	r4, r1
10002a7e:	3430      	adds	r4, #48	@ 0x30
10002a80:	2909      	cmp	r1, #9
10002a82:	d900      	bls.n	10002a86 <pico_get_unique_board_id_string+0x8a>
10002a84:	e076      	b.n	10002b74 <pico_get_unique_board_id_string+0x178>
10002a86:	7144      	strb	r4, [r0, #5]
10002a88:	2b06      	cmp	r3, #6
10002a8a:	d100      	bne.n	10002a8e <pico_get_unique_board_id_string+0x92>
10002a8c:	e086      	b.n	10002b9c <pico_get_unique_board_id_string+0x1a0>
10002a8e:	78d4      	ldrb	r4, [r2, #3]
10002a90:	0925      	lsrs	r5, r4, #4
10002a92:	0029      	movs	r1, r5
10002a94:	3130      	adds	r1, #48	@ 0x30
10002a96:	2c9f      	cmp	r4, #159	@ 0x9f
10002a98:	d900      	bls.n	10002a9c <pico_get_unique_board_id_string+0xa0>
10002a9a:	e06e      	b.n	10002b7a <pico_get_unique_board_id_string+0x17e>
10002a9c:	7181      	strb	r1, [r0, #6]
10002a9e:	2b07      	cmp	r3, #7
10002aa0:	d100      	bne.n	10002aa4 <pico_get_unique_board_id_string+0xa8>
10002aa2:	e07b      	b.n	10002b9c <pico_get_unique_board_id_string+0x1a0>
10002aa4:	210f      	movs	r1, #15
10002aa6:	4021      	ands	r1, r4
10002aa8:	000c      	movs	r4, r1
10002aaa:	3430      	adds	r4, #48	@ 0x30
10002aac:	2909      	cmp	r1, #9
10002aae:	d866      	bhi.n	10002b7e <pico_get_unique_board_id_string+0x182>
10002ab0:	71c4      	strb	r4, [r0, #7]
10002ab2:	2b08      	cmp	r3, #8
10002ab4:	d100      	bne.n	10002ab8 <pico_get_unique_board_id_string+0xbc>
10002ab6:	e071      	b.n	10002b9c <pico_get_unique_board_id_string+0x1a0>
10002ab8:	7914      	ldrb	r4, [r2, #4]
10002aba:	0925      	lsrs	r5, r4, #4
10002abc:	0029      	movs	r1, r5
10002abe:	3130      	adds	r1, #48	@ 0x30
10002ac0:	2c9f      	cmp	r4, #159	@ 0x9f
10002ac2:	d85f      	bhi.n	10002b84 <pico_get_unique_board_id_string+0x188>
10002ac4:	7201      	strb	r1, [r0, #8]
10002ac6:	2b09      	cmp	r3, #9
10002ac8:	d068      	beq.n	10002b9c <pico_get_unique_board_id_string+0x1a0>
10002aca:	210f      	movs	r1, #15
10002acc:	4021      	ands	r1, r4
10002ace:	000c      	movs	r4, r1
10002ad0:	3430      	adds	r4, #48	@ 0x30
10002ad2:	2909      	cmp	r1, #9
10002ad4:	d858      	bhi.n	10002b88 <pico_get_unique_board_id_string+0x18c>
10002ad6:	7244      	strb	r4, [r0, #9]
10002ad8:	2b0a      	cmp	r3, #10
10002ada:	d05f      	beq.n	10002b9c <pico_get_unique_board_id_string+0x1a0>
10002adc:	7954      	ldrb	r4, [r2, #5]
10002ade:	0925      	lsrs	r5, r4, #4
10002ae0:	0029      	movs	r1, r5
10002ae2:	3130      	adds	r1, #48	@ 0x30
10002ae4:	2c9f      	cmp	r4, #159	@ 0x9f
10002ae6:	d852      	bhi.n	10002b8e <pico_get_unique_board_id_string+0x192>
10002ae8:	7281      	strb	r1, [r0, #10]
10002aea:	2b0b      	cmp	r3, #11
10002aec:	d056      	beq.n	10002b9c <pico_get_unique_board_id_string+0x1a0>
10002aee:	210f      	movs	r1, #15
10002af0:	4021      	ands	r1, r4
10002af2:	000c      	movs	r4, r1
10002af4:	3430      	adds	r4, #48	@ 0x30
10002af6:	2909      	cmp	r1, #9
10002af8:	d84b      	bhi.n	10002b92 <pico_get_unique_board_id_string+0x196>
10002afa:	72c4      	strb	r4, [r0, #11]
10002afc:	2b0c      	cmp	r3, #12
10002afe:	d04d      	beq.n	10002b9c <pico_get_unique_board_id_string+0x1a0>
10002b00:	7994      	ldrb	r4, [r2, #6]
10002b02:	0925      	lsrs	r5, r4, #4
10002b04:	0029      	movs	r1, r5
10002b06:	3130      	adds	r1, #48	@ 0x30
10002b08:	2c9f      	cmp	r4, #159	@ 0x9f
10002b0a:	d900      	bls.n	10002b0e <pico_get_unique_board_id_string+0x112>
10002b0c:	3107      	adds	r1, #7
10002b0e:	7301      	strb	r1, [r0, #12]
10002b10:	2b0d      	cmp	r3, #13
10002b12:	d043      	beq.n	10002b9c <pico_get_unique_board_id_string+0x1a0>
10002b14:	210f      	movs	r1, #15
10002b16:	4021      	ands	r1, r4
10002b18:	000c      	movs	r4, r1
10002b1a:	3430      	adds	r4, #48	@ 0x30
10002b1c:	2909      	cmp	r1, #9
10002b1e:	d901      	bls.n	10002b24 <pico_get_unique_board_id_string+0x128>
10002b20:	3137      	adds	r1, #55	@ 0x37
10002b22:	000c      	movs	r4, r1
10002b24:	7344      	strb	r4, [r0, #13]
10002b26:	2b0e      	cmp	r3, #14
10002b28:	d038      	beq.n	10002b9c <pico_get_unique_board_id_string+0x1a0>
10002b2a:	79d1      	ldrb	r1, [r2, #7]
10002b2c:	090c      	lsrs	r4, r1, #4
10002b2e:	0022      	movs	r2, r4
10002b30:	3230      	adds	r2, #48	@ 0x30
10002b32:	299f      	cmp	r1, #159	@ 0x9f
10002b34:	d900      	bls.n	10002b38 <pico_get_unique_board_id_string+0x13c>
10002b36:	3207      	adds	r2, #7
10002b38:	7382      	strb	r2, [r0, #14]
10002b3a:	2b0f      	cmp	r3, #15
10002b3c:	d02e      	beq.n	10002b9c <pico_get_unique_board_id_string+0x1a0>
10002b3e:	220f      	movs	r2, #15
10002b40:	400a      	ands	r2, r1
10002b42:	0011      	movs	r1, r2
10002b44:	3137      	adds	r1, #55	@ 0x37
10002b46:	2a09      	cmp	r2, #9
10002b48:	d801      	bhi.n	10002b4e <pico_get_unique_board_id_string+0x152>
10002b4a:	3230      	adds	r2, #48	@ 0x30
10002b4c:	0011      	movs	r1, r2
10002b4e:	73c1      	strb	r1, [r0, #15]
10002b50:	2b10      	cmp	r3, #16
10002b52:	d023      	beq.n	10002b9c <pico_get_unique_board_id_string+0x1a0>
10002b54:	3010      	adds	r0, #16
10002b56:	2300      	movs	r3, #0
10002b58:	7003      	strb	r3, [r0, #0]
10002b5a:	bd30      	pop	{r4, r5, pc}
10002b5c:	3407      	adds	r4, #7
10002b5e:	e75a      	b.n	10002a16 <pico_get_unique_board_id_string+0x1a>
10002b60:	3137      	adds	r1, #55	@ 0x37
10002b62:	000c      	movs	r4, r1
10002b64:	e763      	b.n	10002a2e <pico_get_unique_board_id_string+0x32>
10002b66:	3107      	adds	r1, #7
10002b68:	e76c      	b.n	10002a44 <pico_get_unique_board_id_string+0x48>
10002b6a:	3137      	adds	r1, #55	@ 0x37
10002b6c:	000c      	movs	r4, r1
10002b6e:	e774      	b.n	10002a5a <pico_get_unique_board_id_string+0x5e>
10002b70:	3107      	adds	r1, #7
10002b72:	e77d      	b.n	10002a70 <pico_get_unique_board_id_string+0x74>
10002b74:	3137      	adds	r1, #55	@ 0x37
10002b76:	000c      	movs	r4, r1
10002b78:	e785      	b.n	10002a86 <pico_get_unique_board_id_string+0x8a>
10002b7a:	3107      	adds	r1, #7
10002b7c:	e78e      	b.n	10002a9c <pico_get_unique_board_id_string+0xa0>
10002b7e:	3137      	adds	r1, #55	@ 0x37
10002b80:	000c      	movs	r4, r1
10002b82:	e795      	b.n	10002ab0 <pico_get_unique_board_id_string+0xb4>
10002b84:	3107      	adds	r1, #7
10002b86:	e79d      	b.n	10002ac4 <pico_get_unique_board_id_string+0xc8>
10002b88:	3137      	adds	r1, #55	@ 0x37
10002b8a:	000c      	movs	r4, r1
10002b8c:	e7a3      	b.n	10002ad6 <pico_get_unique_board_id_string+0xda>
10002b8e:	3107      	adds	r1, #7
10002b90:	e7aa      	b.n	10002ae8 <pico_get_unique_board_id_string+0xec>
10002b92:	3137      	adds	r1, #55	@ 0x37
10002b94:	000c      	movs	r4, r1
10002b96:	72c4      	strb	r4, [r0, #11]
10002b98:	2b0c      	cmp	r3, #12
10002b9a:	d1b1      	bne.n	10002b00 <pico_get_unique_board_id_string+0x104>
10002b9c:	18c0      	adds	r0, r0, r3
10002b9e:	e7da      	b.n	10002b56 <pico_get_unique_board_id_string+0x15a>
10002ba0:	20002650 	.word	0x20002650

10002ba4 <flash_get_unique_id>:
10002ba4:	b510      	push	{r4, lr}
10002ba6:	b088      	sub	sp, #32
10002ba8:	0004      	movs	r4, r0
10002baa:	220d      	movs	r2, #13
10002bac:	2100      	movs	r1, #0
10002bae:	4668      	mov	r0, sp
10002bb0:	f7ff fa1c 	bl	10001fec <__wrap_memset>
10002bb4:	220d      	movs	r2, #13
10002bb6:	2100      	movs	r1, #0
10002bb8:	a804      	add	r0, sp, #16
10002bba:	f7ff fa17 	bl	10001fec <__wrap_memset>
10002bbe:	234b      	movs	r3, #75	@ 0x4b
10002bc0:	466a      	mov	r2, sp
10002bc2:	4668      	mov	r0, sp
10002bc4:	7013      	strb	r3, [r2, #0]
10002bc6:	a904      	add	r1, sp, #16
10002bc8:	220d      	movs	r2, #13
10002bca:	f002 fcf1 	bl	100055b0 <__flash_do_cmd_veneer>
10002bce:	2115      	movs	r1, #21
10002bd0:	2208      	movs	r2, #8
10002bd2:	0020      	movs	r0, r4
10002bd4:	4469      	add	r1, sp
10002bd6:	f7ff fa0f 	bl	10001ff8 <__wrap___aeabi_memcpy>
10002bda:	b008      	add	sp, #32
10002bdc:	bd10      	pop	{r4, pc}
10002bde:	46c0      	nop			@ (mov r8, r8)

10002be0 <dcd_init>:
10002be0:	b5f8      	push	{r3, r4, r5, r6, r7, lr}
10002be2:	f000 f947 	bl	10002e74 <rp2040_usb_init>
10002be6:	230c      	movs	r3, #12
10002be8:	4d19      	ldr	r5, [pc, #100]	@ (10002c50 <dcd_init+0x70>)
10002bea:	22ff      	movs	r2, #255	@ 0xff
10002bec:	67ab      	str	r3, [r5, #120]	@ 0x78
10002bee:	2005      	movs	r0, #5
10002bf0:	4918      	ldr	r1, [pc, #96]	@ (10002c54 <dcd_init+0x74>)
10002bf2:	f7fd fda7 	bl	10000744 <irq_add_shared_handler>
10002bf6:	4c18      	ldr	r4, [pc, #96]	@ (10002c58 <dcd_init+0x78>)
10002bf8:	2240      	movs	r2, #64	@ 0x40
10002bfa:	2100      	movs	r1, #0
10002bfc:	0020      	movs	r0, r4
10002bfe:	f7ff f9f5 	bl	10001fec <__wrap_memset>
10002c02:	2740      	movs	r7, #64	@ 0x40
10002c04:	2300      	movs	r3, #0
10002c06:	2601      	movs	r6, #1
10002c08:	2121      	movs	r1, #33	@ 0x21
10002c0a:	4a14      	ldr	r2, [pc, #80]	@ (10002c5c <dcd_init+0x7c>)
10002c0c:	7066      	strb	r6, [r4, #1]
10002c0e:	8327      	strh	r7, [r4, #24]
10002c10:	60a2      	str	r2, [r4, #8]
10002c12:	6013      	str	r3, [r2, #0]
10002c14:	5463      	strb	r3, [r4, r1]
10002c16:	315f      	adds	r1, #95	@ 0x5f
10002c18:	8461      	strh	r1, [r4, #34]	@ 0x22
10002c1a:	3945      	subs	r1, #69	@ 0x45
10002c1c:	5463      	strb	r3, [r4, r1]
10002c1e:	4a10      	ldr	r2, [pc, #64]	@ (10002c60 <dcd_init+0x80>)
10002c20:	4910      	ldr	r1, [pc, #64]	@ (10002c64 <dcd_init+0x84>)
10002c22:	6063      	str	r3, [r4, #4]
10002c24:	60e2      	str	r2, [r4, #12]
10002c26:	8727      	strh	r7, [r4, #56]	@ 0x38
10002c28:	62a1      	str	r1, [r4, #40]	@ 0x28
10002c2a:	600b      	str	r3, [r1, #0]
10002c2c:	6263      	str	r3, [r4, #36]	@ 0x24
10002c2e:	62e2      	str	r2, [r4, #44]	@ 0x2c
10002c30:	f002 fd0e 	bl	10005650 <__reset_non_control_endpoints_veneer>
10002c34:	2380      	movs	r3, #128	@ 0x80
10002c36:	059b      	lsls	r3, r3, #22
10002c38:	642e      	str	r6, [r5, #64]	@ 0x40
10002c3a:	64eb      	str	r3, [r5, #76]	@ 0x4c
10002c3c:	2390      	movs	r3, #144	@ 0x90
10002c3e:	4a0a      	ldr	r2, [pc, #40]	@ (10002c68 <dcd_init+0x88>)
10002c40:	2001      	movs	r0, #1
10002c42:	50ea      	str	r2, [r5, r3]
10002c44:	2280      	movs	r2, #128	@ 0x80
10002c46:	4b09      	ldr	r3, [pc, #36]	@ (10002c6c <dcd_init+0x8c>)
10002c48:	0252      	lsls	r2, r2, #9
10002c4a:	64da      	str	r2, [r3, #76]	@ 0x4c
10002c4c:	bdf8      	pop	{r3, r4, r5, r6, r7, pc}
10002c4e:	46c0      	nop			@ (mov r8, r8)
10002c50:	50110000 	.word	0x50110000
10002c54:	20000545 	.word	0x20000545
10002c58:	20002214 	.word	0x20002214
10002c5c:	50100084 	.word	0x50100084
10002c60:	50100100 	.word	0x50100100
10002c64:	50100080 	.word	0x50100080
10002c68:	0001d010 	.word	0x0001d010
10002c6c:	50112000 	.word	0x50112000

10002c70 <dcd_int_enable>:
10002c70:	b510      	push	{r4, lr}
10002c72:	2101      	movs	r1, #1
10002c74:	2005      	movs	r0, #5
10002c76:	f7fd fd03 	bl	10000680 <irq_set_enabled>
10002c7a:	bd10      	pop	{r4, pc}

10002c7c <dcd_set_address>:
10002c7c:	b510      	push	{r4, lr}
10002c7e:	2200      	movs	r2, #0
10002c80:	2100      	movs	r1, #0
10002c82:	4802      	ldr	r0, [pc, #8]	@ (10002c8c <dcd_set_address+0x10>)
10002c84:	f000 f916 	bl	10002eb4 <hw_endpoint_xfer_start>
10002c88:	bd10      	pop	{r4, pc}
10002c8a:	46c0      	nop			@ (mov r8, r8)
10002c8c:	20002234 	.word	0x20002234

10002c90 <dcd_sof_enable>:
10002c90:	4b04      	ldr	r3, [pc, #16]	@ (10002ca4 <dcd_sof_enable+0x14>)
10002c92:	7019      	strb	r1, [r3, #0]
10002c94:	2900      	cmp	r1, #0
10002c96:	d004      	beq.n	10002ca2 <dcd_sof_enable+0x12>
10002c98:	2180      	movs	r1, #128	@ 0x80
10002c9a:	2390      	movs	r3, #144	@ 0x90
10002c9c:	4a02      	ldr	r2, [pc, #8]	@ (10002ca8 <dcd_sof_enable+0x18>)
10002c9e:	0289      	lsls	r1, r1, #10
10002ca0:	50d1      	str	r1, [r2, r3]
10002ca2:	4770      	bx	lr
10002ca4:	2000267a 	.word	0x2000267a
10002ca8:	50112000 	.word	0x50112000

10002cac <dcd_edpt0_status_complete>:
10002cac:	780b      	ldrb	r3, [r1, #0]
10002cae:	065b      	lsls	r3, r3, #25
10002cb0:	d102      	bne.n	10002cb8 <dcd_edpt0_status_complete+0xc>
10002cb2:	784b      	ldrb	r3, [r1, #1]
10002cb4:	2b05      	cmp	r3, #5
10002cb6:	d000      	beq.n	10002cba <dcd_edpt0_status_complete+0xe>
10002cb8:	4770      	bx	lr
10002cba:	788a      	ldrb	r2, [r1, #2]
10002cbc:	4b01      	ldr	r3, [pc, #4]	@ (10002cc4 <dcd_edpt0_status_complete+0x18>)
10002cbe:	601a      	str	r2, [r3, #0]
10002cc0:	e7fa      	b.n	10002cb8 <dcd_edpt0_status_complete+0xc>
10002cc2:	46c0      	nop			@ (mov r8, r8)
10002cc4:	50110000 	.word	0x50110000

10002cc8 <dcd_edpt_open>:
10002cc8:	b5f0      	push	{r4, r5, r6, r7, lr}
10002cca:	46c6      	mov	lr, r8
10002ccc:	78c8      	ldrb	r0, [r1, #3]
10002cce:	b500      	push	{lr}
10002cd0:	0780      	lsls	r0, r0, #30
10002cd2:	0f83      	lsrs	r3, r0, #30
10002cd4:	0018      	movs	r0, r3
10002cd6:	2b01      	cmp	r3, #1
10002cd8:	d060      	beq.n	10002d9c <dcd_edpt_open+0xd4>
10002cda:	788f      	ldrb	r7, [r1, #2]
10002cdc:	790a      	ldrb	r2, [r1, #4]
10002cde:	794b      	ldrb	r3, [r1, #5]
10002ce0:	217f      	movs	r1, #127	@ 0x7f
10002ce2:	4039      	ands	r1, r7
10002ce4:	09fc      	lsrs	r4, r7, #7
10002ce6:	021b      	lsls	r3, r3, #8
10002ce8:	004e      	lsls	r6, r1, #1
10002cea:	4313      	orrs	r3, r2
10002cec:	4d33      	ldr	r5, [pc, #204]	@ (10002dbc <dcd_edpt_open+0xf4>)
10002cee:	1932      	adds	r2, r6, r4
10002cf0:	0152      	lsls	r2, r2, #5
10002cf2:	18aa      	adds	r2, r5, r2
10002cf4:	7097      	strb	r7, [r2, #2]
10002cf6:	2701      	movs	r7, #1
10002cf8:	4067      	eors	r7, r4
10002cfa:	7057      	strb	r7, [r2, #1]
10002cfc:	2700      	movs	r7, #0
10002cfe:	055b      	lsls	r3, r3, #21
10002d00:	0d5b      	lsrs	r3, r3, #21
10002d02:	70d7      	strb	r7, [r2, #3]
10002d04:	8313      	strh	r3, [r2, #24]
10002d06:	76d0      	strb	r0, [r2, #27]
10002d08:	46b8      	mov	r8, r7
10002d0a:	00ca      	lsls	r2, r1, #3
10002d0c:	2c01      	cmp	r4, #1
10002d0e:	d032      	beq.n	10002d76 <dcd_edpt_open+0xae>
10002d10:	4f2b      	ldr	r7, [pc, #172]	@ (10002dc0 <dcd_edpt_open+0xf8>)
10002d12:	46bc      	mov	ip, r7
10002d14:	018f      	lsls	r7, r1, #6
10002d16:	4462      	add	r2, ip
10002d18:	46bc      	mov	ip, r7
10002d1a:	44ac      	add	ip, r5
10002d1c:	4667      	mov	r7, ip
10002d1e:	60ba      	str	r2, [r7, #8]
10002d20:	4647      	mov	r7, r8
10002d22:	6017      	str	r7, [r2, #0]
10002d24:	2900      	cmp	r1, #0
10002d26:	d032      	beq.n	10002d8e <dcd_edpt_open+0xc6>
10002d28:	4a26      	ldr	r2, [pc, #152]	@ (10002dc4 <dcd_edpt_open+0xfc>)
10002d2a:	00c9      	lsls	r1, r1, #3
10002d2c:	4690      	mov	r8, r2
10002d2e:	4662      	mov	r2, ip
10002d30:	4441      	add	r1, r8
10002d32:	6051      	str	r1, [r2, #4]
10002d34:	223f      	movs	r2, #63	@ 0x3f
10002d36:	333f      	adds	r3, #63	@ 0x3f
10002d38:	4393      	bics	r3, r2
10002d3a:	2802      	cmp	r0, #2
10002d3c:	d037      	beq.n	10002dae <dcd_edpt_open+0xe6>
10002d3e:	4922      	ldr	r1, [pc, #136]	@ (10002dc8 <dcd_edpt_open+0x100>)
10002d40:	1937      	adds	r7, r6, r4
10002d42:	680a      	ldr	r2, [r1, #0]
10002d44:	017f      	lsls	r7, r7, #5
10002d46:	18d3      	adds	r3, r2, r3
10002d48:	600b      	str	r3, [r1, #0]
10002d4a:	4920      	ldr	r1, [pc, #128]	@ (10002dcc <dcd_edpt_open+0x104>)
10002d4c:	19ef      	adds	r7, r5, r7
10002d4e:	60fa      	str	r2, [r7, #12]
10002d50:	428b      	cmp	r3, r1
10002d52:	d82e      	bhi.n	10002db2 <dcd_edpt_open+0xea>
10002d54:	1936      	adds	r6, r6, r4
10002d56:	0176      	lsls	r6, r6, #5
10002d58:	19ad      	adds	r5, r5, r6
10002d5a:	7eeb      	ldrb	r3, [r5, #27]
10002d5c:	491c      	ldr	r1, [pc, #112]	@ (10002dd0 <dcd_edpt_open+0x108>)
10002d5e:	069b      	lsls	r3, r3, #26
10002d60:	404a      	eors	r2, r1
10002d62:	4313      	orrs	r3, r2
10002d64:	2280      	movs	r2, #128	@ 0x80
10002d66:	0612      	lsls	r2, r2, #24
10002d68:	4313      	orrs	r3, r2
10002d6a:	686a      	ldr	r2, [r5, #4]
10002d6c:	6013      	str	r3, [r2, #0]
10002d6e:	2001      	movs	r0, #1
10002d70:	bc80      	pop	{r7}
10002d72:	46b8      	mov	r8, r7
10002d74:	bdf0      	pop	{r4, r5, r6, r7, pc}
10002d76:	4f17      	ldr	r7, [pc, #92]	@ (10002dd4 <dcd_edpt_open+0x10c>)
10002d78:	46bc      	mov	ip, r7
10002d7a:	018f      	lsls	r7, r1, #6
10002d7c:	4462      	add	r2, ip
10002d7e:	46bc      	mov	ip, r7
10002d80:	44ac      	add	ip, r5
10002d82:	4667      	mov	r7, ip
10002d84:	62ba      	str	r2, [r7, #40]	@ 0x28
10002d86:	4647      	mov	r7, r8
10002d88:	6017      	str	r7, [r2, #0]
10002d8a:	2900      	cmp	r1, #0
10002d8c:	d108      	bne.n	10002da0 <dcd_edpt_open+0xd8>
10002d8e:	2300      	movs	r3, #0
10002d90:	0164      	lsls	r4, r4, #5
10002d92:	192c      	adds	r4, r5, r4
10002d94:	6063      	str	r3, [r4, #4]
10002d96:	4b10      	ldr	r3, [pc, #64]	@ (10002dd8 <dcd_edpt_open+0x110>)
10002d98:	60e3      	str	r3, [r4, #12]
10002d9a:	e7e8      	b.n	10002d6e <dcd_edpt_open+0xa6>
10002d9c:	2000      	movs	r0, #0
10002d9e:	e7e7      	b.n	10002d70 <dcd_edpt_open+0xa8>
10002da0:	4a0b      	ldr	r2, [pc, #44]	@ (10002dd0 <dcd_edpt_open+0x108>)
10002da2:	00c9      	lsls	r1, r1, #3
10002da4:	4690      	mov	r8, r2
10002da6:	4662      	mov	r2, ip
10002da8:	4441      	add	r1, r8
10002daa:	6251      	str	r1, [r2, #36]	@ 0x24
10002dac:	e7c2      	b.n	10002d34 <dcd_edpt_open+0x6c>
10002dae:	005b      	lsls	r3, r3, #1
10002db0:	e7c5      	b.n	10002d3e <dcd_edpt_open+0x76>
10002db2:	f7fe fce7 	bl	10001784 <hard_assertion_failure>
10002db6:	68fa      	ldr	r2, [r7, #12]
10002db8:	e7cc      	b.n	10002d54 <dcd_edpt_open+0x8c>
10002dba:	46c0      	nop			@ (mov r8, r8)
10002dbc:	20002214 	.word	0x20002214
10002dc0:	50100084 	.word	0x50100084
10002dc4:	50100004 	.word	0x50100004
10002dc8:	2000261c 	.word	0x2000261c
10002dcc:	50100fff 	.word	0x50100fff
10002dd0:	50100000 	.word	0x50100000
10002dd4:	50100080 	.word	0x50100080
10002dd8:	50100100 	.word	0x50100100

10002ddc <dcd_edpt_close_all>:
10002ddc:	b510      	push	{r4, lr}
10002dde:	f002 fc37 	bl	10005650 <__reset_non_control_endpoints_veneer>
10002de2:	bd10      	pop	{r4, pc}

10002de4 <dcd_edpt_xfer>:
10002de4:	b510      	push	{r4, lr}
10002de6:	207f      	movs	r0, #127	@ 0x7f
10002de8:	000c      	movs	r4, r1
10002dea:	4020      	ands	r0, r4
10002dec:	0040      	lsls	r0, r0, #1
10002dee:	09e4      	lsrs	r4, r4, #7
10002df0:	0011      	movs	r1, r2
10002df2:	1900      	adds	r0, r0, r4
10002df4:	001a      	movs	r2, r3
10002df6:	4b03      	ldr	r3, [pc, #12]	@ (10002e04 <dcd_edpt_xfer+0x20>)
10002df8:	0140      	lsls	r0, r0, #5
10002dfa:	18c0      	adds	r0, r0, r3
10002dfc:	f000 f85a 	bl	10002eb4 <hw_endpoint_xfer_start>
10002e00:	2001      	movs	r0, #1
10002e02:	bd10      	pop	{r4, pc}
10002e04:	20002214 	.word	0x20002214

10002e08 <dcd_edpt_stall>:
10002e08:	237f      	movs	r3, #127	@ 0x7f
10002e0a:	0018      	movs	r0, r3
10002e0c:	b500      	push	{lr}
10002e0e:	4008      	ands	r0, r1
10002e10:	b083      	sub	sp, #12
10002e12:	420b      	tst	r3, r1
10002e14:	d104      	bne.n	10002e20 <dcd_edpt_stall+0x18>
10002e16:	424b      	negs	r3, r1
10002e18:	414b      	adcs	r3, r1
10002e1a:	4a08      	ldr	r2, [pc, #32]	@ (10002e3c <dcd_edpt_stall+0x34>)
10002e1c:	3301      	adds	r3, #1
10002e1e:	6693      	str	r3, [r2, #104]	@ 0x68
10002e20:	2280      	movs	r2, #128	@ 0x80
10002e22:	09c9      	lsrs	r1, r1, #7
10002e24:	0040      	lsls	r0, r0, #1
10002e26:	4b06      	ldr	r3, [pc, #24]	@ (10002e40 <dcd_edpt_stall+0x38>)
10002e28:	1840      	adds	r0, r0, r1
10002e2a:	0140      	lsls	r0, r0, #5
10002e2c:	2100      	movs	r1, #0
10002e2e:	18c0      	adds	r0, r0, r3
10002e30:	0112      	lsls	r2, r2, #4
10002e32:	f002 fc15 	bl	10005660 <___hw_endpoint_buffer_control_update32_veneer>
10002e36:	b003      	add	sp, #12
10002e38:	bd00      	pop	{pc}
10002e3a:	46c0      	nop			@ (mov r8, r8)
10002e3c:	50112000 	.word	0x50112000
10002e40:	20002214 	.word	0x20002214

10002e44 <dcd_edpt_clear_stall>:
10002e44:	227f      	movs	r2, #127	@ 0x7f
10002e46:	0013      	movs	r3, r2
10002e48:	b510      	push	{r4, lr}
10002e4a:	400b      	ands	r3, r1
10002e4c:	420a      	tst	r2, r1
10002e4e:	d100      	bne.n	10002e52 <dcd_edpt_clear_stall+0xe>
10002e50:	bd10      	pop	{r4, pc}
10002e52:	09c9      	lsrs	r1, r1, #7
10002e54:	005b      	lsls	r3, r3, #1
10002e56:	185b      	adds	r3, r3, r1
10002e58:	4804      	ldr	r0, [pc, #16]	@ (10002e6c <dcd_edpt_clear_stall+0x28>)
10002e5a:	015b      	lsls	r3, r3, #5
10002e5c:	18c0      	adds	r0, r0, r3
10002e5e:	2300      	movs	r3, #0
10002e60:	2200      	movs	r2, #0
10002e62:	4903      	ldr	r1, [pc, #12]	@ (10002e70 <dcd_edpt_clear_stall+0x2c>)
10002e64:	70c3      	strb	r3, [r0, #3]
10002e66:	f002 fbfb 	bl	10005660 <___hw_endpoint_buffer_control_update32_veneer>
10002e6a:	e7f1      	b.n	10002e50 <dcd_edpt_clear_stall+0xc>
10002e6c:	20002214 	.word	0x20002214
10002e70:	fffff7ff 	.word	0xfffff7ff

10002e74 <rp2040_usb_init>:
10002e74:	2280      	movs	r2, #128	@ 0x80
10002e76:	4b0a      	ldr	r3, [pc, #40]	@ (10002ea0 <rp2040_usb_init+0x2c>)
10002e78:	0452      	lsls	r2, r2, #17
10002e7a:	b510      	push	{r4, lr}
10002e7c:	601a      	str	r2, [r3, #0]
10002e7e:	4b09      	ldr	r3, [pc, #36]	@ (10002ea4 <rp2040_usb_init+0x30>)
10002e80:	4909      	ldr	r1, [pc, #36]	@ (10002ea8 <rp2040_usb_init+0x34>)
10002e82:	601a      	str	r2, [r3, #0]
10002e84:	0010      	movs	r0, r2
10002e86:	680b      	ldr	r3, [r1, #0]
10002e88:	4398      	bics	r0, r3
10002e8a:	d1fb      	bne.n	10002e84 <rp2040_usb_init+0x10>
10002e8c:	2280      	movs	r2, #128	@ 0x80
10002e8e:	2100      	movs	r1, #0
10002e90:	0152      	lsls	r2, r2, #5
10002e92:	4806      	ldr	r0, [pc, #24]	@ (10002eac <rp2040_usb_init+0x38>)
10002e94:	f7ff f8aa 	bl	10001fec <__wrap_memset>
10002e98:	2209      	movs	r2, #9
10002e9a:	4b05      	ldr	r3, [pc, #20]	@ (10002eb0 <rp2040_usb_init+0x3c>)
10002e9c:	675a      	str	r2, [r3, #116]	@ 0x74
10002e9e:	bd10      	pop	{r4, pc}
10002ea0:	4000e000 	.word	0x4000e000
10002ea4:	4000f000 	.word	0x4000f000
10002ea8:	4000c008 	.word	0x4000c008
10002eac:	50100000 	.word	0x50100000
10002eb0:	50110000 	.word	0x50110000

10002eb4 <hw_endpoint_xfer_start>:
10002eb4:	2300      	movs	r3, #0
10002eb6:	b510      	push	{r4, lr}
10002eb8:	82c3      	strh	r3, [r0, #22]
10002eba:	3301      	adds	r3, #1
10002ebc:	8282      	strh	r2, [r0, #20]
10002ebe:	7683      	strb	r3, [r0, #26]
10002ec0:	6101      	str	r1, [r0, #16]
10002ec2:	0004      	movs	r4, r0
10002ec4:	f002 fb8c 	bl	100055e0 <__e15_is_bulkin_ep_veneer>
10002ec8:	2800      	cmp	r0, #0
10002eca:	d004      	beq.n	10002ed6 <hw_endpoint_xfer_start+0x22>
10002ecc:	2180      	movs	r1, #128	@ 0x80
10002ece:	2390      	movs	r3, #144	@ 0x90
10002ed0:	4a07      	ldr	r2, [pc, #28]	@ (10002ef0 <hw_endpoint_xfer_start+0x3c>)
10002ed2:	0289      	lsls	r1, r1, #10
10002ed4:	50d1      	str	r1, [r2, r3]
10002ed6:	0020      	movs	r0, r4
10002ed8:	f002 fba2 	bl	10005620 <__e15_is_critical_frame_period_veneer>
10002edc:	2800      	cmp	r0, #0
10002ede:	d002      	beq.n	10002ee6 <hw_endpoint_xfer_start+0x32>
10002ee0:	2301      	movs	r3, #1
10002ee2:	7723      	strb	r3, [r4, #28]
10002ee4:	bd10      	pop	{r4, pc}
10002ee6:	0020      	movs	r0, r4
10002ee8:	f002 fbaa 	bl	10005640 <__hw_endpoint_start_next_buffer_veneer>
10002eec:	e7fa      	b.n	10002ee4 <hw_endpoint_xfer_start+0x30>
10002eee:	46c0      	nop			@ (mov r8, r8)
10002ef0:	50112000 	.word	0x50112000

10002ef4 <tud_event_hook_cb>:
10002ef4:	4770      	bx	lr
10002ef6:	46c0      	nop			@ (mov r8, r8)

10002ef8 <tud_sof_cb>:
10002ef8:	4770      	bx	lr
10002efa:	46c0      	nop			@ (mov r8, r8)

10002efc <tud_descriptor_device_qualifier_cb>:
10002efc:	2000      	movs	r0, #0
10002efe:	4770      	bx	lr

10002f00 <tud_descriptor_other_speed_configuration_cb>:
10002f00:	2000      	movs	r0, #0
10002f02:	4770      	bx	lr

10002f04 <tud_mount_cb>:
10002f04:	4770      	bx	lr
10002f06:	46c0      	nop			@ (mov r8, r8)

10002f08 <tud_umount_cb>:
10002f08:	4770      	bx	lr
10002f0a:	46c0      	nop			@ (mov r8, r8)

10002f0c <tud_suspend_cb>:
10002f0c:	4770      	bx	lr
10002f0e:	46c0      	nop			@ (mov r8, r8)

10002f10 <tud_resume_cb>:
10002f10:	4770      	bx	lr
10002f12:	46c0      	nop			@ (mov r8, r8)

10002f14 <tud_mounted>:
10002f14:	4b02      	ldr	r3, [pc, #8]	@ (10002f20 <tud_mounted+0xc>)
10002f16:	7858      	ldrb	r0, [r3, #1]
10002f18:	1e43      	subs	r3, r0, #1
10002f1a:	4198      	sbcs	r0, r3
10002f1c:	b2c0      	uxtb	r0, r0
10002f1e:	4770      	bx	lr
10002f20:	20001cb8 	.word	0x20001cb8

10002f24 <tud_suspended>:
10002f24:	4b02      	ldr	r3, [pc, #8]	@ (10002f30 <tud_suspended+0xc>)
10002f26:	7818      	ldrb	r0, [r3, #0]
10002f28:	0740      	lsls	r0, r0, #29
10002f2a:	0fc0      	lsrs	r0, r0, #31
10002f2c:	4770      	bx	lr
10002f2e:	46c0      	nop			@ (mov r8, r8)
10002f30:	20001cb8 	.word	0x20001cb8

10002f34 <tud_rhport_init>:
10002f34:	b5f0      	push	{r4, r5, r6, r7, lr}
10002f36:	46d6      	mov	lr, sl
10002f38:	464f      	mov	r7, r9
10002f3a:	4646      	mov	r6, r8
10002f3c:	b5c0      	push	{r6, r7, lr}
10002f3e:	4b2f      	ldr	r3, [pc, #188]	@ (10002ffc <tud_rhport_init+0xc8>)
10002f40:	0007      	movs	r7, r0
10002f42:	469a      	mov	sl, r3
10002f44:	781b      	ldrb	r3, [r3, #0]
10002f46:	000e      	movs	r6, r1
10002f48:	2bff      	cmp	r3, #255	@ 0xff
10002f4a:	d150      	bne.n	10002fee <tud_rhport_init+0xba>
10002f4c:	2900      	cmp	r1, #0
10002f4e:	d041      	beq.n	10002fd4 <tud_rhport_init+0xa0>
10002f50:	2100      	movs	r1, #0
10002f52:	2254      	movs	r2, #84	@ 0x54
10002f54:	482a      	ldr	r0, [pc, #168]	@ (10003000 <tud_rhport_init+0xcc>)
10002f56:	f7ff f849 	bl	10001fec <__wrap_memset>
10002f5a:	2200      	movs	r2, #0
10002f5c:	4c29      	ldr	r4, [pc, #164]	@ (10003004 <tud_rhport_init+0xd0>)
10002f5e:	4b2a      	ldr	r3, [pc, #168]	@ (10003008 <tud_rhport_init+0xd4>)
10002f60:	0020      	movs	r0, r4
10002f62:	701a      	strb	r2, [r3, #0]
10002f64:	f7fd fd88 	bl	10000a78 <mutex_init>
10002f68:	4b28      	ldr	r3, [pc, #160]	@ (1000300c <tud_rhport_init+0xd8>)
10002f6a:	601c      	str	r4, [r3, #0]
10002f6c:	4c28      	ldr	r4, [pc, #160]	@ (10003010 <tud_rhport_init+0xdc>)
10002f6e:	0020      	movs	r0, r4
10002f70:	3c14      	subs	r4, #20
10002f72:	f7fd fd8f 	bl	10000a94 <critical_section_init>
10002f76:	0020      	movs	r0, r4
10002f78:	f001 fdfa 	bl	10004b70 <tu_fifo_clear>
10002f7c:	4b25      	ldr	r3, [pc, #148]	@ (10003014 <tud_rhport_init+0xe0>)
10002f7e:	4d26      	ldr	r5, [pc, #152]	@ (10003018 <tud_rhport_init+0xe4>)
10002f80:	601c      	str	r4, [r3, #0]
10002f82:	4b26      	ldr	r3, [pc, #152]	@ (1000301c <tud_rhport_init+0xe8>)
10002f84:	2b00      	cmp	r3, #0
10002f86:	d004      	beq.n	10002f92 <tud_rhport_init+0x5e>
10002f88:	0028      	movs	r0, r5
10002f8a:	f7ff fac7 	bl	1000251c <usbd_app_driver_get_cb>
10002f8e:	4b24      	ldr	r3, [pc, #144]	@ (10003020 <tud_rhport_init+0xec>)
10002f90:	6018      	str	r0, [r3, #0]
10002f92:	4924      	ldr	r1, [pc, #144]	@ (10003024 <tud_rhport_init+0xf0>)
10002f94:	2400      	movs	r4, #0
10002f96:	4689      	mov	r9, r1
10002f98:	4921      	ldr	r1, [pc, #132]	@ (10003020 <tud_rhport_init+0xec>)
10002f9a:	2300      	movs	r3, #0
10002f9c:	4688      	mov	r8, r1
10002f9e:	782a      	ldrb	r2, [r5, #0]
10002fa0:	e010      	b.n	10002fc4 <tud_rhport_init+0x90>
10002fa2:	4643      	mov	r3, r8
10002fa4:	681b      	ldr	r3, [r3, #0]
10002fa6:	0162      	lsls	r2, r4, #5
10002fa8:	189b      	adds	r3, r3, r2
10002faa:	2b00      	cmp	r3, #0
10002fac:	d012      	beq.n	10002fd4 <tud_rhport_init+0xa0>
10002fae:	685b      	ldr	r3, [r3, #4]
10002fb0:	2b00      	cmp	r3, #0
10002fb2:	d00f      	beq.n	10002fd4 <tud_rhport_init+0xa0>
10002fb4:	4798      	blx	r3
10002fb6:	782a      	ldrb	r2, [r5, #0]
10002fb8:	3401      	adds	r4, #1
10002fba:	b2e4      	uxtb	r4, r4
10002fbc:	1c51      	adds	r1, r2, #1
10002fbe:	0023      	movs	r3, r4
10002fc0:	42a1      	cmp	r1, r4
10002fc2:	db09      	blt.n	10002fd8 <tud_rhport_init+0xa4>
10002fc4:	42a2      	cmp	r2, r4
10002fc6:	d8ec      	bhi.n	10002fa2 <tud_rhport_init+0x6e>
10002fc8:	1a9b      	subs	r3, r3, r2
10002fca:	015b      	lsls	r3, r3, #5
10002fcc:	444b      	add	r3, r9
10002fce:	685b      	ldr	r3, [r3, #4]
10002fd0:	2b00      	cmp	r3, #0
10002fd2:	d1ef      	bne.n	10002fb4 <tud_rhport_init+0x80>
10002fd4:	2000      	movs	r0, #0
10002fd6:	e00b      	b.n	10002ff0 <tud_rhport_init+0xbc>
10002fd8:	4653      	mov	r3, sl
10002fda:	0031      	movs	r1, r6
10002fdc:	0038      	movs	r0, r7
10002fde:	701f      	strb	r7, [r3, #0]
10002fe0:	f7ff fdfe 	bl	10002be0 <dcd_init>
10002fe4:	2800      	cmp	r0, #0
10002fe6:	d0f5      	beq.n	10002fd4 <tud_rhport_init+0xa0>
10002fe8:	0038      	movs	r0, r7
10002fea:	f7ff fe41 	bl	10002c70 <dcd_int_enable>
10002fee:	2001      	movs	r0, #1
10002ff0:	bce0      	pop	{r5, r6, r7}
10002ff2:	46ba      	mov	sl, r7
10002ff4:	46b1      	mov	r9, r6
10002ff6:	46a8      	mov	r8, r5
10002ff8:	bdf0      	pop	{r4, r5, r6, r7, pc}
10002ffa:	46c0      	nop			@ (mov r8, r8)
10002ffc:	200010a4 	.word	0x200010a4
10003000:	20001cb8 	.word	0x20001cb8
10003004:	20001cb0 	.word	0x20001cb0
10003008:	2000267b 	.word	0x2000267b
1000300c:	20001d0c 	.word	0x20001d0c
10003010:	2000109c 	.word	0x2000109c
10003014:	20001d10 	.word	0x20001d10
10003018:	20002679 	.word	0x20002679
1000301c:	1000251d 	.word	0x1000251d
10003020:	20001b08 	.word	0x20001b08
10003024:	10005a90 	.word	0x10005a90

10003028 <tud_task_ext>:
10003028:	b5f0      	push	{r4, r5, r6, r7, lr}
1000302a:	46de      	mov	lr, fp
1000302c:	4657      	mov	r7, sl
1000302e:	464e      	mov	r6, r9
10003030:	4645      	mov	r5, r8
10003032:	b5e0      	push	{r5, r6, r7, lr}
10003034:	4bc8      	ldr	r3, [pc, #800]	@ (10003358 <tud_task_ext+0x330>)
10003036:	b091      	sub	sp, #68	@ 0x44
10003038:	9302      	str	r3, [sp, #8]
1000303a:	781b      	ldrb	r3, [r3, #0]
1000303c:	2bff      	cmp	r3, #255	@ 0xff
1000303e:	d100      	bne.n	10003042 <tud_task_ext+0x1a>
10003040:	e13e      	b.n	100032c0 <tud_task_ext+0x298>
10003042:	4bc6      	ldr	r3, [pc, #792]	@ (1000335c <tud_task_ext+0x334>)
10003044:	4ec6      	ldr	r6, [pc, #792]	@ (10003360 <tud_task_ext+0x338>)
10003046:	469b      	mov	fp, r3
10003048:	465f      	mov	r7, fp
1000304a:	4bc6      	ldr	r3, [pc, #792]	@ (10003364 <tud_task_ext+0x33c>)
1000304c:	ac0d      	add	r4, sp, #52	@ 0x34
1000304e:	9301      	str	r3, [sp, #4]
10003050:	4bc5      	ldr	r3, [pc, #788]	@ (10003368 <tud_task_ext+0x340>)
10003052:	9300      	str	r3, [sp, #0]
10003054:	6835      	ldr	r5, [r6, #0]
10003056:	696a      	ldr	r2, [r5, #20]
10003058:	f3ef 8110 	mrs	r1, PRIMASK
1000305c:	b672      	cpsid	i
1000305e:	6813      	ldr	r3, [r2, #0]
10003060:	2b00      	cmp	r3, #0
10003062:	d0fc      	beq.n	1000305e <tud_task_ext+0x36>
10003064:	f3bf 8f5f 	dmb	sy
10003068:	61a9      	str	r1, [r5, #24]
1000306a:	0028      	movs	r0, r5
1000306c:	0021      	movs	r1, r4
1000306e:	f001 fbaf 	bl	100047d0 <tu_fifo_read>
10003072:	696a      	ldr	r2, [r5, #20]
10003074:	69ab      	ldr	r3, [r5, #24]
10003076:	f3bf 8f5f 	dmb	sy
1000307a:	2100      	movs	r1, #0
1000307c:	6011      	str	r1, [r2, #0]
1000307e:	f383 8810 	msr	PRIMASK, r3
10003082:	2800      	cmp	r0, #0
10003084:	d100      	bne.n	10003088 <tud_task_ext+0x60>
10003086:	e11b      	b.n	100032c0 <tud_task_ext+0x298>
10003088:	7863      	ldrb	r3, [r4, #1]
1000308a:	2b08      	cmp	r3, #8
1000308c:	d8e2      	bhi.n	10003054 <tud_task_ext+0x2c>
1000308e:	009b      	lsls	r3, r3, #2
10003090:	58fb      	ldr	r3, [r7, r3]
10003092:	469f      	mov	pc, r3
10003094:	6863      	ldr	r3, [r4, #4]
10003096:	2b00      	cmp	r3, #0
10003098:	d0dc      	beq.n	10003054 <tud_task_ext+0x2c>
1000309a:	68a0      	ldr	r0, [r4, #8]
1000309c:	4798      	blx	r3
1000309e:	e7d9      	b.n	10003054 <tud_task_ext+0x2c>
100030a0:	227f      	movs	r2, #127	@ 0x7f
100030a2:	7921      	ldrb	r1, [r4, #4]
100030a4:	4daf      	ldr	r5, [pc, #700]	@ (10003364 <tud_task_ext+0x33c>)
100030a6:	400a      	ands	r2, r1
100030a8:	0053      	lsls	r3, r2, #1
100030aa:	18eb      	adds	r3, r5, r3
100030ac:	4698      	mov	r8, r3
100030ae:	09c8      	lsrs	r0, r1, #7
100030b0:	4480      	add	r8, r0
100030b2:	4640      	mov	r0, r8
100030b4:	2301      	movs	r3, #1
100030b6:	3030      	adds	r0, #48	@ 0x30
100030b8:	7905      	ldrb	r5, [r0, #4]
100030ba:	439d      	bics	r5, r3
100030bc:	7105      	strb	r5, [r0, #4]
100030be:	7905      	ldrb	r5, [r0, #4]
100030c0:	3303      	adds	r3, #3
100030c2:	439d      	bics	r5, r3
100030c4:	7105      	strb	r5, [r0, #4]
100030c6:	2a00      	cmp	r2, #0
100030c8:	d100      	bne.n	100030cc <tud_task_ext+0xa4>
100030ca:	e100      	b.n	100032ce <tud_task_ext+0x2a6>
100030cc:	4643      	mov	r3, r8
100030ce:	4aa7      	ldr	r2, [pc, #668]	@ (1000336c <tud_task_ext+0x344>)
100030d0:	7d1b      	ldrb	r3, [r3, #20]
100030d2:	7812      	ldrb	r2, [r2, #0]
100030d4:	4293      	cmp	r3, r2
100030d6:	d300      	bcc.n	100030da <tud_task_ext+0xb2>
100030d8:	e0ef      	b.n	100032ba <tud_task_ext+0x292>
100030da:	4aa5      	ldr	r2, [pc, #660]	@ (10003370 <tud_task_ext+0x348>)
100030dc:	015b      	lsls	r3, r3, #5
100030de:	6815      	ldr	r5, [r2, #0]
100030e0:	18ed      	adds	r5, r5, r3
100030e2:	2d00      	cmp	r5, #0
100030e4:	d100      	bne.n	100030e8 <tud_task_ext+0xc0>
100030e6:	e0eb      	b.n	100032c0 <tud_task_ext+0x298>
100030e8:	68a3      	ldr	r3, [r4, #8]
100030ea:	7962      	ldrb	r2, [r4, #5]
100030ec:	7820      	ldrb	r0, [r4, #0]
100030ee:	69ad      	ldr	r5, [r5, #24]
100030f0:	47a8      	blx	r5
100030f2:	e7af      	b.n	10003054 <tud_task_ext+0x2c>
100030f4:	4a9f      	ldr	r2, [pc, #636]	@ (10003374 <tud_task_ext+0x34c>)
100030f6:	7813      	ldrb	r3, [r2, #0]
100030f8:	2b00      	cmp	r3, #0
100030fa:	d100      	bne.n	100030fe <tud_task_ext+0xd6>
100030fc:	e0e0      	b.n	100032c0 <tud_task_ext+0x298>
100030fe:	7813      	ldrb	r3, [r2, #0]
10003100:	3b01      	subs	r3, #1
10003102:	b2db      	uxtb	r3, r3
10003104:	7013      	strb	r3, [r2, #0]
10003106:	7813      	ldrb	r3, [r2, #0]
10003108:	2b00      	cmp	r3, #0
1000310a:	d1a3      	bne.n	10003054 <tud_task_ext+0x2c>
1000310c:	2201      	movs	r2, #1
1000310e:	4d95      	ldr	r5, [pc, #596]	@ (10003364 <tud_task_ext+0x33c>)
10003110:	2101      	movs	r1, #1
10003112:	782b      	ldrb	r3, [r5, #0]
10003114:	2004      	movs	r0, #4
10003116:	4313      	orrs	r3, r2
10003118:	702b      	strb	r3, [r5, #0]
1000311a:	2334      	movs	r3, #52	@ 0x34
1000311c:	5cea      	ldrb	r2, [r5, r3]
1000311e:	438a      	bics	r2, r1
10003120:	54ea      	strb	r2, [r5, r3]
10003122:	5cea      	ldrb	r2, [r5, r3]
10003124:	4382      	bics	r2, r0
10003126:	54ea      	strb	r2, [r5, r3]
10003128:	3301      	adds	r3, #1
1000312a:	5cea      	ldrb	r2, [r5, r3]
1000312c:	438a      	bics	r2, r1
1000312e:	54ea      	strb	r2, [r5, r3]
10003130:	5cea      	ldrb	r2, [r5, r3]
10003132:	4382      	bics	r2, r0
10003134:	54ea      	strb	r2, [r5, r3]
10003136:	7823      	ldrb	r3, [r4, #0]
10003138:	2000      	movs	r0, #0
1000313a:	469b      	mov	fp, r3
1000313c:	f000 fc9e 	bl	10003a7c <usbd_control_set_complete_callback>
10003140:	2260      	movs	r2, #96	@ 0x60
10003142:	7923      	ldrb	r3, [r4, #4]
10003144:	401a      	ands	r2, r3
10003146:	2a60      	cmp	r2, #96	@ 0x60
10003148:	d100      	bne.n	1000314c <tud_task_ext+0x124>
1000314a:	e0ef      	b.n	1000332c <tud_task_ext+0x304>
1000314c:	2a40      	cmp	r2, #64	@ 0x40
1000314e:	d100      	bne.n	10003152 <tud_task_ext+0x12a>
10003150:	e0f5      	b.n	1000333e <tud_task_ext+0x316>
10003152:	06db      	lsls	r3, r3, #27
10003154:	0edb      	lsrs	r3, r3, #27
10003156:	2b01      	cmp	r3, #1
10003158:	d100      	bne.n	1000315c <tud_task_ext+0x134>
1000315a:	e113      	b.n	10003384 <tud_task_ext+0x35c>
1000315c:	2b02      	cmp	r3, #2
1000315e:	d100      	bne.n	10003162 <tud_task_ext+0x13a>
10003160:	e0c7      	b.n	100032f2 <tud_task_ext+0x2ca>
10003162:	2b00      	cmp	r3, #0
10003164:	d000      	beq.n	10003168 <tud_task_ext+0x140>
10003166:	e0e1      	b.n	1000332c <tud_task_ext+0x304>
10003168:	2a20      	cmp	r2, #32
1000316a:	d100      	bne.n	1000316e <tud_task_ext+0x146>
1000316c:	e21c      	b.n	100035a8 <tud_task_ext+0x580>
1000316e:	2a00      	cmp	r2, #0
10003170:	d000      	beq.n	10003174 <tud_task_ext+0x14c>
10003172:	e0db      	b.n	1000332c <tud_task_ext+0x304>
10003174:	7963      	ldrb	r3, [r4, #5]
10003176:	2b09      	cmp	r3, #9
10003178:	d900      	bls.n	1000317c <tud_task_ext+0x154>
1000317a:	e0d7      	b.n	1000332c <tud_task_ext+0x304>
1000317c:	4a7e      	ldr	r2, [pc, #504]	@ (10003378 <tud_task_ext+0x350>)
1000317e:	009b      	lsls	r3, r3, #2
10003180:	58d3      	ldr	r3, [r2, r3]
10003182:	469f      	mov	pc, r3
10003184:	4d77      	ldr	r5, [pc, #476]	@ (10003364 <tud_task_ext+0x33c>)
10003186:	782b      	ldrb	r3, [r5, #0]
10003188:	07db      	lsls	r3, r3, #31
1000318a:	d400      	bmi.n	1000318e <tud_task_ext+0x166>
1000318c:	e762      	b.n	10003054 <tud_task_ext+0x2c>
1000318e:	f7ff febf 	bl	10002f10 <tud_resume_cb>
10003192:	e75f      	b.n	10003054 <tud_task_ext+0x2c>
10003194:	9b01      	ldr	r3, [sp, #4]
10003196:	78db      	ldrb	r3, [r3, #3]
10003198:	07db      	lsls	r3, r3, #31
1000319a:	d400      	bmi.n	1000319e <tud_task_ext+0x176>
1000319c:	e75a      	b.n	10003054 <tud_task_ext+0x2c>
1000319e:	6860      	ldr	r0, [r4, #4]
100031a0:	f7ff feaa 	bl	10002ef8 <tud_sof_cb>
100031a4:	e756      	b.n	10003054 <tud_task_ext+0x2c>
100031a6:	4d6f      	ldr	r5, [pc, #444]	@ (10003364 <tud_task_ext+0x33c>)
100031a8:	782b      	ldrb	r3, [r5, #0]
100031aa:	07db      	lsls	r3, r3, #31
100031ac:	d400      	bmi.n	100031b0 <tud_task_ext+0x188>
100031ae:	e751      	b.n	10003054 <tud_task_ext+0x2c>
100031b0:	7828      	ldrb	r0, [r5, #0]
100031b2:	0700      	lsls	r0, r0, #28
100031b4:	0fc0      	lsrs	r0, r0, #31
100031b6:	f7ff fea9 	bl	10002f0c <tud_suspend_cb>
100031ba:	e74b      	b.n	10003054 <tud_task_ext+0x2c>
100031bc:	7823      	ldrb	r3, [r4, #0]
100031be:	496a      	ldr	r1, [pc, #424]	@ (10003368 <tud_task_ext+0x340>)
100031c0:	4699      	mov	r9, r3
100031c2:	468b      	mov	fp, r1
100031c4:	4b69      	ldr	r3, [pc, #420]	@ (1000336c <tud_task_ext+0x344>)
100031c6:	496a      	ldr	r1, [pc, #424]	@ (10003370 <tud_task_ext+0x348>)
100031c8:	4698      	mov	r8, r3
100031ca:	468a      	mov	sl, r1
100031cc:	0039      	movs	r1, r7
100031ce:	781a      	ldrb	r2, [r3, #0]
100031d0:	4647      	mov	r7, r8
100031d2:	2300      	movs	r3, #0
100031d4:	46b0      	mov	r8, r6
100031d6:	2500      	movs	r5, #0
100031d8:	464e      	mov	r6, r9
100031da:	4689      	mov	r9, r1
100031dc:	e010      	b.n	10003200 <tud_task_ext+0x1d8>
100031de:	4653      	mov	r3, sl
100031e0:	681b      	ldr	r3, [r3, #0]
100031e2:	016a      	lsls	r2, r5, #5
100031e4:	189b      	adds	r3, r3, r2
100031e6:	2b00      	cmp	r3, #0
100031e8:	d100      	bne.n	100031ec <tud_task_ext+0x1c4>
100031ea:	e076      	b.n	100032da <tud_task_ext+0x2b2>
100031ec:	68db      	ldr	r3, [r3, #12]
100031ee:	0030      	movs	r0, r6
100031f0:	4798      	blx	r3
100031f2:	783a      	ldrb	r2, [r7, #0]
100031f4:	3501      	adds	r5, #1
100031f6:	b2ed      	uxtb	r5, r5
100031f8:	1c51      	adds	r1, r2, #1
100031fa:	002b      	movs	r3, r5
100031fc:	428d      	cmp	r5, r1
100031fe:	dc44      	bgt.n	1000328a <tud_task_ext+0x262>
10003200:	4295      	cmp	r5, r2
10003202:	d3ec      	bcc.n	100031de <tud_task_ext+0x1b6>
10003204:	1a9b      	subs	r3, r3, r2
10003206:	015b      	lsls	r3, r3, #5
10003208:	445b      	add	r3, fp
1000320a:	e7ef      	b.n	100031ec <tud_task_ext+0x1c4>
1000320c:	7823      	ldrb	r3, [r4, #0]
1000320e:	4958      	ldr	r1, [pc, #352]	@ (10003370 <tud_task_ext+0x348>)
10003210:	4699      	mov	r9, r3
10003212:	4b56      	ldr	r3, [pc, #344]	@ (1000336c <tud_task_ext+0x344>)
10003214:	468a      	mov	sl, r1
10003216:	4698      	mov	r8, r3
10003218:	0031      	movs	r1, r6
1000321a:	46bb      	mov	fp, r7
1000321c:	464e      	mov	r6, r9
1000321e:	781a      	ldrb	r2, [r3, #0]
10003220:	2500      	movs	r5, #0
10003222:	2300      	movs	r3, #0
10003224:	4647      	mov	r7, r8
10003226:	4689      	mov	r9, r1
10003228:	e00f      	b.n	1000324a <tud_task_ext+0x222>
1000322a:	4653      	mov	r3, sl
1000322c:	681b      	ldr	r3, [r3, #0]
1000322e:	016a      	lsls	r2, r5, #5
10003230:	189b      	adds	r3, r3, r2
10003232:	2b00      	cmp	r3, #0
10003234:	d055      	beq.n	100032e2 <tud_task_ext+0x2ba>
10003236:	68db      	ldr	r3, [r3, #12]
10003238:	0030      	movs	r0, r6
1000323a:	4798      	blx	r3
1000323c:	783a      	ldrb	r2, [r7, #0]
1000323e:	3501      	adds	r5, #1
10003240:	b2ed      	uxtb	r5, r5
10003242:	1c51      	adds	r1, r2, #1
10003244:	002b      	movs	r3, r5
10003246:	428d      	cmp	r5, r1
10003248:	dc07      	bgt.n	1000325a <tud_task_ext+0x232>
1000324a:	4295      	cmp	r5, r2
1000324c:	d3ed      	bcc.n	1000322a <tud_task_ext+0x202>
1000324e:	1a9b      	subs	r3, r3, r2
10003250:	9a00      	ldr	r2, [sp, #0]
10003252:	015b      	lsls	r3, r3, #5
10003254:	4694      	mov	ip, r2
10003256:	4463      	add	r3, ip
10003258:	e7ed      	b.n	10003236 <tud_task_ext+0x20e>
1000325a:	9d01      	ldr	r5, [sp, #4]
1000325c:	2254      	movs	r2, #84	@ 0x54
1000325e:	2100      	movs	r1, #0
10003260:	0028      	movs	r0, r5
10003262:	f7fe fec3 	bl	10001fec <__wrap_memset>
10003266:	2210      	movs	r2, #16
10003268:	21ff      	movs	r1, #255	@ 0xff
1000326a:	4844      	ldr	r0, [pc, #272]	@ (1000337c <tud_task_ext+0x354>)
1000326c:	f7fe febe 	bl	10001fec <__wrap_memset>
10003270:	0028      	movs	r0, r5
10003272:	2220      	movs	r2, #32
10003274:	21ff      	movs	r1, #255	@ 0xff
10003276:	3014      	adds	r0, #20
10003278:	464e      	mov	r6, r9
1000327a:	465f      	mov	r7, fp
1000327c:	f7fe feb6 	bl	10001fec <__wrap_memset>
10003280:	f000 fbf2 	bl	10003a68 <usbd_control_reset>
10003284:	f7ff fe40 	bl	10002f08 <tud_umount_cb>
10003288:	e6e4      	b.n	10003054 <tud_task_ext+0x2c>
1000328a:	4d36      	ldr	r5, [pc, #216]	@ (10003364 <tud_task_ext+0x33c>)
1000328c:	2254      	movs	r2, #84	@ 0x54
1000328e:	2100      	movs	r1, #0
10003290:	0028      	movs	r0, r5
10003292:	f7fe feab 	bl	10001fec <__wrap_memset>
10003296:	2210      	movs	r2, #16
10003298:	21ff      	movs	r1, #255	@ 0xff
1000329a:	1d28      	adds	r0, r5, #4
1000329c:	f7fe fea6 	bl	10001fec <__wrap_memset>
100032a0:	0028      	movs	r0, r5
100032a2:	2220      	movs	r2, #32
100032a4:	21ff      	movs	r1, #255	@ 0xff
100032a6:	3014      	adds	r0, #20
100032a8:	4646      	mov	r6, r8
100032aa:	464f      	mov	r7, r9
100032ac:	f7fe fe9e 	bl	10001fec <__wrap_memset>
100032b0:	f000 fbda 	bl	10003a68 <usbd_control_reset>
100032b4:	7923      	ldrb	r3, [r4, #4]
100032b6:	70ab      	strb	r3, [r5, #2]
100032b8:	e6cc      	b.n	10003054 <tud_task_ext+0x2c>
100032ba:	1c50      	adds	r0, r2, #1
100032bc:	4298      	cmp	r0, r3
100032be:	da13      	bge.n	100032e8 <tud_task_ext+0x2c0>
100032c0:	b011      	add	sp, #68	@ 0x44
100032c2:	bcf0      	pop	{r4, r5, r6, r7}
100032c4:	46bb      	mov	fp, r7
100032c6:	46b2      	mov	sl, r6
100032c8:	46a9      	mov	r9, r5
100032ca:	46a0      	mov	r8, r4
100032cc:	bdf0      	pop	{r4, r5, r6, r7, pc}
100032ce:	68a3      	ldr	r3, [r4, #8]
100032d0:	7962      	ldrb	r2, [r4, #5]
100032d2:	7820      	ldrb	r0, [r4, #0]
100032d4:	f000 fbe6 	bl	10003aa4 <usbd_control_xfer_cb>
100032d8:	e6bc      	b.n	10003054 <tud_task_ext+0x2c>
100032da:	4646      	mov	r6, r8
100032dc:	464f      	mov	r7, r9
100032de:	4d21      	ldr	r5, [pc, #132]	@ (10003364 <tud_task_ext+0x33c>)
100032e0:	e7e6      	b.n	100032b0 <tud_task_ext+0x288>
100032e2:	464e      	mov	r6, r9
100032e4:	465f      	mov	r7, fp
100032e6:	e7cb      	b.n	10003280 <tud_task_ext+0x258>
100032e8:	4d1f      	ldr	r5, [pc, #124]	@ (10003368 <tud_task_ext+0x340>)
100032ea:	1a9b      	subs	r3, r3, r2
100032ec:	015b      	lsls	r3, r3, #5
100032ee:	195d      	adds	r5, r3, r5
100032f0:	e6fa      	b.n	100030e8 <tud_task_ext+0xc0>
100032f2:	2370      	movs	r3, #112	@ 0x70
100032f4:	7a21      	ldrb	r1, [r4, #8]
100032f6:	420b      	tst	r3, r1
100032f8:	d118      	bne.n	1000332c <tud_task_ext+0x304>
100032fa:	09c8      	lsrs	r0, r1, #7
100032fc:	4682      	mov	sl, r0
100032fe:	330f      	adds	r3, #15
10003300:	400b      	ands	r3, r1
10003302:	005b      	lsls	r3, r3, #1
10003304:	4698      	mov	r8, r3
10003306:	4819      	ldr	r0, [pc, #100]	@ (1000336c <tud_task_ext+0x344>)
10003308:	18eb      	adds	r3, r5, r3
1000330a:	4453      	add	r3, sl
1000330c:	7d1b      	ldrb	r3, [r3, #20]
1000330e:	7800      	ldrb	r0, [r0, #0]
10003310:	4699      	mov	r9, r3
10003312:	4283      	cmp	r3, r0
10003314:	d266      	bcs.n	100033e4 <tud_task_ext+0x3bc>
10003316:	4816      	ldr	r0, [pc, #88]	@ (10003370 <tud_task_ext+0x348>)
10003318:	015b      	lsls	r3, r3, #5
1000331a:	6800      	ldr	r0, [r0, #0]
1000331c:	4681      	mov	r9, r0
1000331e:	4499      	add	r9, r3
10003320:	2a00      	cmp	r2, #0
10003322:	d100      	bne.n	10003326 <tud_task_ext+0x2fe>
10003324:	e15f      	b.n	100035e6 <tud_task_ext+0x5be>
10003326:	464b      	mov	r3, r9
10003328:	2b00      	cmp	r3, #0
1000332a:	d168      	bne.n	100033fe <tud_task_ext+0x3d6>
1000332c:	7820      	ldrb	r0, [r4, #0]
1000332e:	2100      	movs	r1, #0
10003330:	f7ff fd6a 	bl	10002e08 <dcd_edpt_stall>
10003334:	2180      	movs	r1, #128	@ 0x80
10003336:	7820      	ldrb	r0, [r4, #0]
10003338:	f7ff fd66 	bl	10002e08 <dcd_edpt_stall>
1000333c:	e68a      	b.n	10003054 <tud_task_ext+0x2c>
1000333e:	4810      	ldr	r0, [pc, #64]	@ (10003380 <tud_task_ext+0x358>)
10003340:	f000 fb9c 	bl	10003a7c <usbd_control_set_complete_callback>
10003344:	2101      	movs	r1, #1
10003346:	4658      	mov	r0, fp
10003348:	aa0e      	add	r2, sp, #56	@ 0x38
1000334a:	f7ff f8cd 	bl	100024e8 <tud_vendor_control_xfer_cb>
1000334e:	2800      	cmp	r0, #0
10003350:	d000      	beq.n	10003354 <tud_task_ext+0x32c>
10003352:	e67f      	b.n	10003054 <tud_task_ext+0x2c>
10003354:	e7ea      	b.n	1000332c <tud_task_ext+0x304>
10003356:	46c0      	nop			@ (mov r8, r8)
10003358:	200010a4 	.word	0x200010a4
1000335c:	100059e8 	.word	0x100059e8
10003360:	20001d10 	.word	0x20001d10
10003364:	20001cb8 	.word	0x20001cb8
10003368:	10005a90 	.word	0x10005a90
1000336c:	20002679 	.word	0x20002679
10003370:	20001b08 	.word	0x20001b08
10003374:	2000267b 	.word	0x2000267b
10003378:	10005a0c 	.word	0x10005a0c
1000337c:	20001cbc 	.word	0x20001cbc
10003380:	100024e9 	.word	0x100024e9
10003384:	7a23      	ldrb	r3, [r4, #8]
10003386:	2b0f      	cmp	r3, #15
10003388:	d8d0      	bhi.n	1000332c <tud_task_ext+0x304>
1000338a:	4acf      	ldr	r2, [pc, #828]	@ (100036c8 <tud_task_ext+0x6a0>)
1000338c:	18eb      	adds	r3, r5, r3
1000338e:	791b      	ldrb	r3, [r3, #4]
10003390:	7815      	ldrb	r5, [r2, #0]
10003392:	42ab      	cmp	r3, r5
10003394:	d33e      	bcc.n	10003414 <tud_task_ext+0x3ec>
10003396:	1c69      	adds	r1, r5, #1
10003398:	4299      	cmp	r1, r3
1000339a:	dbc7      	blt.n	1000332c <tud_task_ext+0x304>
1000339c:	1b5d      	subs	r5, r3, r5
1000339e:	4bcb      	ldr	r3, [pc, #812]	@ (100036cc <tud_task_ext+0x6a4>)
100033a0:	016d      	lsls	r5, r5, #5
100033a2:	18ed      	adds	r5, r5, r3
100033a4:	6968      	ldr	r0, [r5, #20]
100033a6:	f000 fb69 	bl	10003a7c <usbd_control_set_complete_callback>
100033aa:	2101      	movs	r1, #1
100033ac:	4658      	mov	r0, fp
100033ae:	696b      	ldr	r3, [r5, #20]
100033b0:	aa0e      	add	r2, sp, #56	@ 0x38
100033b2:	4798      	blx	r3
100033b4:	2800      	cmp	r0, #0
100033b6:	d000      	beq.n	100033ba <tud_task_ext+0x392>
100033b8:	e64c      	b.n	10003054 <tud_task_ext+0x2c>
100033ba:	2260      	movs	r2, #96	@ 0x60
100033bc:	0015      	movs	r5, r2
100033be:	7923      	ldrb	r3, [r4, #4]
100033c0:	401d      	ands	r5, r3
100033c2:	421a      	tst	r2, r3
100033c4:	d1b2      	bne.n	1000332c <tud_task_ext+0x304>
100033c6:	7963      	ldrb	r3, [r4, #5]
100033c8:	3b0a      	subs	r3, #10
100033ca:	2b01      	cmp	r3, #1
100033cc:	d8ae      	bhi.n	1000332c <tud_task_ext+0x304>
100033ce:	f000 fb55 	bl	10003a7c <usbd_control_set_complete_callback>
100033d2:	7963      	ldrb	r3, [r4, #5]
100033d4:	2b0a      	cmp	r3, #10
100033d6:	d100      	bne.n	100033da <tud_task_ext+0x3b2>
100033d8:	e199      	b.n	1000370e <tud_task_ext+0x6e6>
100033da:	4658      	mov	r0, fp
100033dc:	a90e      	add	r1, sp, #56	@ 0x38
100033de:	f000 fad9 	bl	10003994 <tud_control_status>
100033e2:	e637      	b.n	10003054 <tud_task_ext+0x2c>
100033e4:	1c43      	adds	r3, r0, #1
100033e6:	454b      	cmp	r3, r9
100033e8:	da00      	bge.n	100033ec <tud_task_ext+0x3c4>
100033ea:	e0f7      	b.n	100035dc <tud_task_ext+0x5b4>
100033ec:	464b      	mov	r3, r9
100033ee:	1a1b      	subs	r3, r3, r0
100033f0:	015b      	lsls	r3, r3, #5
100033f2:	4699      	mov	r9, r3
100033f4:	48b5      	ldr	r0, [pc, #724]	@ (100036cc <tud_task_ext+0x6a4>)
100033f6:	4481      	add	r9, r0
100033f8:	2a00      	cmp	r2, #0
100033fa:	d100      	bne.n	100033fe <tud_task_ext+0x3d6>
100033fc:	e0f3      	b.n	100035e6 <tud_task_ext+0x5be>
100033fe:	464b      	mov	r3, r9
10003400:	6958      	ldr	r0, [r3, #20]
10003402:	f000 fb3b 	bl	10003a7c <usbd_control_set_complete_callback>
10003406:	464b      	mov	r3, r9
10003408:	2101      	movs	r1, #1
1000340a:	4658      	mov	r0, fp
1000340c:	695b      	ldr	r3, [r3, #20]
1000340e:	aa0e      	add	r2, sp, #56	@ 0x38
10003410:	4798      	blx	r3
10003412:	e79c      	b.n	1000334e <tud_task_ext+0x326>
10003414:	4aae      	ldr	r2, [pc, #696]	@ (100036d0 <tud_task_ext+0x6a8>)
10003416:	015b      	lsls	r3, r3, #5
10003418:	6815      	ldr	r5, [r2, #0]
1000341a:	18ed      	adds	r5, r5, r3
1000341c:	2d00      	cmp	r5, #0
1000341e:	d1c1      	bne.n	100033a4 <tud_task_ext+0x37c>
10003420:	e784      	b.n	1000332c <tud_task_ext+0x304>
10003422:	79a3      	ldrb	r3, [r4, #6]
10003424:	4699      	mov	r9, r3
10003426:	786b      	ldrb	r3, [r5, #1]
10003428:	4599      	cmp	r9, r3
1000342a:	d0d6      	beq.n	100033da <tud_task_ext+0x3b2>
1000342c:	786b      	ldrb	r3, [r5, #1]
1000342e:	2b00      	cmp	r3, #0
10003430:	d000      	beq.n	10003434 <tud_task_ext+0x40c>
10003432:	e133      	b.n	1000369c <tud_task_ext+0x674>
10003434:	464b      	mov	r3, r9
10003436:	706b      	strb	r3, [r5, #1]
10003438:	2b00      	cmp	r3, #0
1000343a:	d100      	bne.n	1000343e <tud_task_ext+0x416>
1000343c:	e12b      	b.n	10003696 <tud_task_ext+0x66e>
1000343e:	4648      	mov	r0, r9
10003440:	3801      	subs	r0, #1
10003442:	b2c0      	uxtb	r0, r0
10003444:	f7ff fa92 	bl	1000296c <tud_descriptor_configuration_cb>
10003448:	2800      	cmp	r0, #0
1000344a:	d100      	bne.n	1000344e <tud_task_ext+0x426>
1000344c:	e17e      	b.n	1000374c <tud_task_ext+0x724>
1000344e:	7843      	ldrb	r3, [r0, #1]
10003450:	9307      	str	r3, [sp, #28]
10003452:	2b02      	cmp	r3, #2
10003454:	d000      	beq.n	10003458 <tud_task_ext+0x430>
10003456:	e179      	b.n	1000374c <tud_task_ext+0x724>
10003458:	2201      	movs	r2, #1
1000345a:	79c1      	ldrb	r1, [r0, #7]
1000345c:	46b1      	mov	r9, r6
1000345e:	118b      	asrs	r3, r1, #6
10003460:	1149      	asrs	r1, r1, #5
10003462:	4013      	ands	r3, r2
10003464:	400a      	ands	r2, r1
10003466:	2130      	movs	r1, #48	@ 0x30
10003468:	0112      	lsls	r2, r2, #4
1000346a:	015b      	lsls	r3, r3, #5
1000346c:	4313      	orrs	r3, r2
1000346e:	782a      	ldrb	r2, [r5, #0]
10003470:	46a8      	mov	r8, r5
10003472:	438a      	bics	r2, r1
10003474:	4313      	orrs	r3, r2
10003476:	702b      	strb	r3, [r5, #0]
10003478:	2309      	movs	r3, #9
1000347a:	469a      	mov	sl, r3
1000347c:	4482      	add	sl, r0
1000347e:	4656      	mov	r6, sl
10003480:	46ba      	mov	sl, r7
10003482:	78c3      	ldrb	r3, [r0, #3]
10003484:	7882      	ldrb	r2, [r0, #2]
10003486:	021b      	lsls	r3, r3, #8
10003488:	4313      	orrs	r3, r2
1000348a:	18c3      	adds	r3, r0, r3
1000348c:	9305      	str	r3, [sp, #20]
1000348e:	4b8e      	ldr	r3, [pc, #568]	@ (100036c8 <tud_task_ext+0x6a0>)
10003490:	9304      	str	r3, [sp, #16]
10003492:	4b8e      	ldr	r3, [pc, #568]	@ (100036cc <tud_task_ext+0x6a4>)
10003494:	9308      	str	r3, [sp, #32]
10003496:	4b8e      	ldr	r3, [pc, #568]	@ (100036d0 <tud_task_ext+0x6a8>)
10003498:	9309      	str	r3, [sp, #36]	@ 0x24
1000349a:	4b8e      	ldr	r3, [pc, #568]	@ (100036d4 <tud_task_ext+0x6ac>)
1000349c:	930a      	str	r3, [sp, #40]	@ 0x28
1000349e:	9b05      	ldr	r3, [sp, #20]
100034a0:	42b3      	cmp	r3, r6
100034a2:	d800      	bhi.n	100034a6 <tud_task_ext+0x47e>
100034a4:	e155      	b.n	10003752 <tud_task_ext+0x72a>
100034a6:	7873      	ldrb	r3, [r6, #1]
100034a8:	2201      	movs	r2, #1
100034aa:	2b0b      	cmp	r3, #11
100034ac:	d103      	bne.n	100034b6 <tud_task_ext+0x48e>
100034ae:	7833      	ldrb	r3, [r6, #0]
100034b0:	78f2      	ldrb	r2, [r6, #3]
100034b2:	18f6      	adds	r6, r6, r3
100034b4:	7873      	ldrb	r3, [r6, #1]
100034b6:	2b04      	cmp	r3, #4
100034b8:	d000      	beq.n	100034bc <tud_task_ext+0x494>
100034ba:	e144      	b.n	10003746 <tud_task_ext+0x71e>
100034bc:	9b05      	ldr	r3, [sp, #20]
100034be:	2700      	movs	r7, #0
100034c0:	1b9b      	subs	r3, r3, r6
100034c2:	b29b      	uxth	r3, r3
100034c4:	9306      	str	r3, [sp, #24]
100034c6:	9b04      	ldr	r3, [sp, #16]
100034c8:	920b      	str	r2, [sp, #44]	@ 0x2c
100034ca:	781d      	ldrb	r5, [r3, #0]
100034cc:	2300      	movs	r3, #0
100034ce:	9303      	str	r3, [sp, #12]
100034d0:	e01b      	b.n	1000350a <tud_task_ext+0x4e2>
100034d2:	9a09      	ldr	r2, [sp, #36]	@ 0x24
100034d4:	017b      	lsls	r3, r7, #5
100034d6:	6815      	ldr	r5, [r2, #0]
100034d8:	18ed      	adds	r5, r5, r3
100034da:	2d00      	cmp	r5, #0
100034dc:	d100      	bne.n	100034e0 <tud_task_ext+0x4b8>
100034de:	e132      	b.n	10003746 <tud_task_ext+0x71e>
100034e0:	0031      	movs	r1, r6
100034e2:	4658      	mov	r0, fp
100034e4:	692b      	ldr	r3, [r5, #16]
100034e6:	9a06      	ldr	r2, [sp, #24]
100034e8:	4798      	blx	r3
100034ea:	4684      	mov	ip, r0
100034ec:	2808      	cmp	r0, #8
100034ee:	d903      	bls.n	100034f8 <tud_task_ext+0x4d0>
100034f0:	9a06      	ldr	r2, [sp, #24]
100034f2:	4282      	cmp	r2, r0
100034f4:	d300      	bcc.n	100034f8 <tud_task_ext+0x4d0>
100034f6:	e113      	b.n	10003720 <tud_task_ext+0x6f8>
100034f8:	9b04      	ldr	r3, [sp, #16]
100034fa:	3701      	adds	r7, #1
100034fc:	781d      	ldrb	r5, [r3, #0]
100034fe:	b2ff      	uxtb	r7, r7
10003500:	1c6b      	adds	r3, r5, #1
10003502:	9703      	str	r7, [sp, #12]
10003504:	429f      	cmp	r7, r3
10003506:	dd00      	ble.n	1000350a <tud_task_ext+0x4e2>
10003508:	e11d      	b.n	10003746 <tud_task_ext+0x71e>
1000350a:	42bd      	cmp	r5, r7
1000350c:	d8e1      	bhi.n	100034d2 <tud_task_ext+0x4aa>
1000350e:	9b03      	ldr	r3, [sp, #12]
10003510:	1b5d      	subs	r5, r3, r5
10003512:	9b08      	ldr	r3, [sp, #32]
10003514:	016d      	lsls	r5, r5, #5
10003516:	469c      	mov	ip, r3
10003518:	4465      	add	r5, ip
1000351a:	e7e1      	b.n	100034e0 <tud_task_ext+0x4b8>
1000351c:	786b      	ldrb	r3, [r5, #1]
1000351e:	aa0c      	add	r2, sp, #48	@ 0x30
10003520:	3202      	adds	r2, #2
10003522:	7013      	strb	r3, [r2, #0]
10003524:	4658      	mov	r0, fp
10003526:	2301      	movs	r3, #1
10003528:	a90e      	add	r1, sp, #56	@ 0x38
1000352a:	f000 fa49 	bl	100039c0 <tud_control_xfer>
1000352e:	e591      	b.n	10003054 <tud_task_ext+0x2c>
10003530:	88e3      	ldrh	r3, [r4, #6]
10003532:	0a1a      	lsrs	r2, r3, #8
10003534:	b2d8      	uxtb	r0, r3
10003536:	2a0f      	cmp	r2, #15
10003538:	d900      	bls.n	1000353c <tud_task_ext+0x514>
1000353a:	e6f7      	b.n	1000332c <tud_task_ext+0x304>
1000353c:	4966      	ldr	r1, [pc, #408]	@ (100036d8 <tud_task_ext+0x6b0>)
1000353e:	0093      	lsls	r3, r2, #2
10003540:	58cb      	ldr	r3, [r1, r3]
10003542:	469f      	mov	pc, r3
10003544:	a80e      	add	r0, sp, #56	@ 0x38
10003546:	f000 fa9f 	bl	10003a88 <usbd_control_set_request>
1000354a:	4658      	mov	r0, fp
1000354c:	79a1      	ldrb	r1, [r4, #6]
1000354e:	f7ff fb95 	bl	10002c7c <dcd_set_address>
10003552:	2202      	movs	r2, #2
10003554:	782b      	ldrb	r3, [r5, #0]
10003556:	4313      	orrs	r3, r2
10003558:	702b      	strb	r3, [r5, #0]
1000355a:	e57b      	b.n	10003054 <tud_task_ext+0x2c>
1000355c:	88e3      	ldrh	r3, [r4, #6]
1000355e:	2b01      	cmp	r3, #1
10003560:	d000      	beq.n	10003564 <tud_task_ext+0x53c>
10003562:	e6e3      	b.n	1000332c <tud_task_ext+0x304>
10003564:	2208      	movs	r2, #8
10003566:	782b      	ldrb	r3, [r5, #0]
10003568:	4658      	mov	r0, fp
1000356a:	4393      	bics	r3, r2
1000356c:	a90e      	add	r1, sp, #56	@ 0x38
1000356e:	702b      	strb	r3, [r5, #0]
10003570:	f000 fa10 	bl	10003994 <tud_control_status>
10003574:	e56e      	b.n	10003054 <tud_task_ext+0x2c>
10003576:	2002      	movs	r0, #2
10003578:	7829      	ldrb	r1, [r5, #0]
1000357a:	ab0c      	add	r3, sp, #48	@ 0x30
1000357c:	1c9a      	adds	r2, r3, #2
1000357e:	068b      	lsls	r3, r1, #26
10003580:	0889      	lsrs	r1, r1, #2
10003582:	0fdb      	lsrs	r3, r3, #31
10003584:	4001      	ands	r1, r0
10003586:	430b      	orrs	r3, r1
10003588:	8013      	strh	r3, [r2, #0]
1000358a:	4658      	mov	r0, fp
1000358c:	2302      	movs	r3, #2
1000358e:	a90e      	add	r1, sp, #56	@ 0x38
10003590:	f000 fa16 	bl	100039c0 <tud_control_xfer>
10003594:	e55e      	b.n	10003054 <tud_task_ext+0x2c>
10003596:	88e3      	ldrh	r3, [r4, #6]
10003598:	2b01      	cmp	r3, #1
1000359a:	d000      	beq.n	1000359e <tud_task_ext+0x576>
1000359c:	e6c6      	b.n	1000332c <tud_task_ext+0x304>
1000359e:	2208      	movs	r2, #8
100035a0:	782b      	ldrb	r3, [r5, #0]
100035a2:	4313      	orrs	r3, r2
100035a4:	702b      	strb	r3, [r5, #0]
100035a6:	e718      	b.n	100033da <tud_task_ext+0x3b2>
100035a8:	7a23      	ldrb	r3, [r4, #8]
100035aa:	2b0f      	cmp	r3, #15
100035ac:	d900      	bls.n	100035b0 <tud_task_ext+0x588>
100035ae:	e6bd      	b.n	1000332c <tud_task_ext+0x304>
100035b0:	18eb      	adds	r3, r5, r3
100035b2:	791d      	ldrb	r5, [r3, #4]
100035b4:	4b44      	ldr	r3, [pc, #272]	@ (100036c8 <tud_task_ext+0x6a0>)
100035b6:	781b      	ldrb	r3, [r3, #0]
100035b8:	429d      	cmp	r5, r3
100035ba:	d228      	bcs.n	1000360e <tud_task_ext+0x5e6>
100035bc:	4b44      	ldr	r3, [pc, #272]	@ (100036d0 <tud_task_ext+0x6a8>)
100035be:	016d      	lsls	r5, r5, #5
100035c0:	681b      	ldr	r3, [r3, #0]
100035c2:	195d      	adds	r5, r3, r5
100035c4:	2d00      	cmp	r5, #0
100035c6:	d100      	bne.n	100035ca <tud_task_ext+0x5a2>
100035c8:	e6b0      	b.n	1000332c <tud_task_ext+0x304>
100035ca:	6968      	ldr	r0, [r5, #20]
100035cc:	f000 fa56 	bl	10003a7c <usbd_control_set_complete_callback>
100035d0:	2101      	movs	r1, #1
100035d2:	4658      	mov	r0, fp
100035d4:	696b      	ldr	r3, [r5, #20]
100035d6:	aa0e      	add	r2, sp, #56	@ 0x38
100035d8:	4798      	blx	r3
100035da:	e6b8      	b.n	1000334e <tud_task_ext+0x326>
100035dc:	2a00      	cmp	r2, #0
100035de:	d000      	beq.n	100035e2 <tud_task_ext+0x5ba>
100035e0:	e6a4      	b.n	1000332c <tud_task_ext+0x304>
100035e2:	2300      	movs	r3, #0
100035e4:	4699      	mov	r9, r3
100035e6:	7962      	ldrb	r2, [r4, #5]
100035e8:	2002      	movs	r0, #2
100035ea:	0013      	movs	r3, r2
100035ec:	9203      	str	r2, [sp, #12]
100035ee:	4383      	bics	r3, r0
100035f0:	2b01      	cmp	r3, #1
100035f2:	d015      	beq.n	10003620 <tud_task_ext+0x5f8>
100035f4:	2a00      	cmp	r2, #0
100035f6:	d000      	beq.n	100035fa <tud_task_ext+0x5d2>
100035f8:	e698      	b.n	1000332c <tud_task_ext+0x304>
100035fa:	002b      	movs	r3, r5
100035fc:	4443      	add	r3, r8
100035fe:	4453      	add	r3, sl
10003600:	3330      	adds	r3, #48	@ 0x30
10003602:	791b      	ldrb	r3, [r3, #4]
10003604:	aa0c      	add	r2, sp, #48	@ 0x30
10003606:	079b      	lsls	r3, r3, #30
10003608:	0fdb      	lsrs	r3, r3, #31
1000360a:	3202      	adds	r2, #2
1000360c:	e7bc      	b.n	10003588 <tud_task_ext+0x560>
1000360e:	1c5a      	adds	r2, r3, #1
10003610:	42aa      	cmp	r2, r5
10003612:	da00      	bge.n	10003616 <tud_task_ext+0x5ee>
10003614:	e68a      	b.n	1000332c <tud_task_ext+0x304>
10003616:	1aed      	subs	r5, r5, r3
10003618:	4b2c      	ldr	r3, [pc, #176]	@ (100036cc <tud_task_ext+0x6a4>)
1000361a:	016d      	lsls	r5, r5, #5
1000361c:	18ed      	adds	r5, r5, r3
1000361e:	e7d4      	b.n	100035ca <tud_task_ext+0x5a2>
10003620:	88e3      	ldrh	r3, [r4, #6]
10003622:	2b00      	cmp	r3, #0
10003624:	d112      	bne.n	1000364c <tud_task_ext+0x624>
10003626:	9b02      	ldr	r3, [sp, #8]
10003628:	7818      	ldrb	r0, [r3, #0]
1000362a:	9b03      	ldr	r3, [sp, #12]
1000362c:	2b01      	cmp	r3, #1
1000362e:	d023      	beq.n	10003678 <tud_task_ext+0x650>
10003630:	f7ff fbea 	bl	10002e08 <dcd_edpt_stall>
10003634:	4643      	mov	r3, r8
10003636:	2102      	movs	r1, #2
10003638:	18eb      	adds	r3, r5, r3
1000363a:	4453      	add	r3, sl
1000363c:	3330      	adds	r3, #48	@ 0x30
1000363e:	791a      	ldrb	r2, [r3, #4]
10003640:	430a      	orrs	r2, r1
10003642:	2101      	movs	r1, #1
10003644:	711a      	strb	r2, [r3, #4]
10003646:	791a      	ldrb	r2, [r3, #4]
10003648:	430a      	orrs	r2, r1
1000364a:	711a      	strb	r2, [r3, #4]
1000364c:	464b      	mov	r3, r9
1000364e:	2b00      	cmp	r3, #0
10003650:	d100      	bne.n	10003654 <tud_task_ext+0x62c>
10003652:	e4ff      	b.n	10003054 <tud_task_ext+0x2c>
10003654:	6958      	ldr	r0, [r3, #20]
10003656:	f000 fa11 	bl	10003a7c <usbd_control_set_complete_callback>
1000365a:	464b      	mov	r3, r9
1000365c:	2101      	movs	r1, #1
1000365e:	695b      	ldr	r3, [r3, #20]
10003660:	aa0e      	add	r2, sp, #56	@ 0x38
10003662:	4658      	mov	r0, fp
10003664:	4798      	blx	r3
10003666:	2000      	movs	r0, #0
10003668:	f000 fa08 	bl	10003a7c <usbd_control_set_complete_callback>
1000366c:	2335      	movs	r3, #53	@ 0x35
1000366e:	5ceb      	ldrb	r3, [r5, r3]
10003670:	07db      	lsls	r3, r3, #31
10003672:	d500      	bpl.n	10003676 <tud_task_ext+0x64e>
10003674:	e4ee      	b.n	10003054 <tud_task_ext+0x2c>
10003676:	e6b0      	b.n	100033da <tud_task_ext+0x3b2>
10003678:	f7ff fbe4 	bl	10002e44 <dcd_edpt_clear_stall>
1000367c:	4643      	mov	r3, r8
1000367e:	2102      	movs	r1, #2
10003680:	18eb      	adds	r3, r5, r3
10003682:	4453      	add	r3, sl
10003684:	3330      	adds	r3, #48	@ 0x30
10003686:	791a      	ldrb	r2, [r3, #4]
10003688:	438a      	bics	r2, r1
1000368a:	711a      	strb	r2, [r3, #4]
1000368c:	791a      	ldrb	r2, [r3, #4]
1000368e:	9903      	ldr	r1, [sp, #12]
10003690:	438a      	bics	r2, r1
10003692:	711a      	strb	r2, [r3, #4]
10003694:	e7da      	b.n	1000364c <tud_task_ext+0x624>
10003696:	f7ff fc37 	bl	10002f08 <tud_umount_cb>
1000369a:	e69e      	b.n	100033da <tud_task_ext+0x3b2>
1000369c:	2100      	movs	r1, #0
1000369e:	4658      	mov	r0, fp
100036a0:	f7ff faf6 	bl	10002c90 <dcd_sof_enable>
100036a4:	4658      	mov	r0, fp
100036a6:	f7ff fb99 	bl	10002ddc <dcd_edpt_close_all>
100036aa:	78ab      	ldrb	r3, [r5, #2]
100036ac:	4907      	ldr	r1, [pc, #28]	@ (100036cc <tud_task_ext+0x6a4>)
100036ae:	9303      	str	r3, [sp, #12]
100036b0:	9104      	str	r1, [sp, #16]
100036b2:	4b05      	ldr	r3, [pc, #20]	@ (100036c8 <tud_task_ext+0x6a0>)
100036b4:	4906      	ldr	r1, [pc, #24]	@ (100036d0 <tud_task_ext+0x6a8>)
100036b6:	4698      	mov	r8, r3
100036b8:	781a      	ldrb	r2, [r3, #0]
100036ba:	9105      	str	r1, [sp, #20]
100036bc:	2300      	movs	r3, #0
100036be:	0029      	movs	r1, r5
100036c0:	001d      	movs	r5, r3
100036c2:	468a      	mov	sl, r1
100036c4:	e01b      	b.n	100036fe <tud_task_ext+0x6d6>
100036c6:	46c0      	nop			@ (mov r8, r8)
100036c8:	20002679 	.word	0x20002679
100036cc:	10005a90 	.word	0x10005a90
100036d0:	20001b08 	.word	0x20001b08
100036d4:	20001ccc 	.word	0x20001ccc
100036d8:	10005a34 	.word	0x10005a34
100036dc:	9b05      	ldr	r3, [sp, #20]
100036de:	016a      	lsls	r2, r5, #5
100036e0:	681b      	ldr	r3, [r3, #0]
100036e2:	189b      	adds	r3, r3, r2
100036e4:	2b00      	cmp	r3, #0
100036e6:	d04d      	beq.n	10003784 <tud_task_ext+0x75c>
100036e8:	68db      	ldr	r3, [r3, #12]
100036ea:	4658      	mov	r0, fp
100036ec:	4798      	blx	r3
100036ee:	4643      	mov	r3, r8
100036f0:	781a      	ldrb	r2, [r3, #0]
100036f2:	3501      	adds	r5, #1
100036f4:	b2ed      	uxtb	r5, r5
100036f6:	1c51      	adds	r1, r2, #1
100036f8:	002b      	movs	r3, r5
100036fa:	428d      	cmp	r5, r1
100036fc:	dc2e      	bgt.n	1000375c <tud_task_ext+0x734>
100036fe:	4295      	cmp	r5, r2
10003700:	d3ec      	bcc.n	100036dc <tud_task_ext+0x6b4>
10003702:	1a9b      	subs	r3, r3, r2
10003704:	9a04      	ldr	r2, [sp, #16]
10003706:	015b      	lsls	r3, r3, #5
10003708:	4694      	mov	ip, r2
1000370a:	4463      	add	r3, ip
1000370c:	e7ec      	b.n	100036e8 <tud_task_ext+0x6c0>
1000370e:	ab0c      	add	r3, sp, #48	@ 0x30
10003710:	1c9a      	adds	r2, r3, #2
10003712:	4658      	mov	r0, fp
10003714:	2301      	movs	r3, #1
10003716:	a90e      	add	r1, sp, #56	@ 0x38
10003718:	7015      	strb	r5, [r2, #0]
1000371a:	f000 f951 	bl	100039c0 <tud_control_xfer>
1000371e:	e499      	b.n	10003054 <tud_task_ext+0x2c>
10003720:	9a0b      	ldr	r2, [sp, #44]	@ 0x2c
10003722:	2a01      	cmp	r2, #1
10003724:	d04f      	beq.n	100037c6 <tud_task_ext+0x79e>
10003726:	2a00      	cmp	r2, #0
10003728:	d03c      	beq.n	100037a4 <tud_task_ext+0x77c>
1000372a:	2300      	movs	r3, #0
1000372c:	78b0      	ldrb	r0, [r6, #2]
1000372e:	e004      	b.n	1000373a <tud_task_ext+0x712>
10003730:	3301      	adds	r3, #1
10003732:	b2db      	uxtb	r3, r3
10003734:	710f      	strb	r7, [r1, #4]
10003736:	4293      	cmp	r3, r2
10003738:	d234      	bcs.n	100037a4 <tud_task_ext+0x77c>
1000373a:	18c1      	adds	r1, r0, r3
1000373c:	b2c9      	uxtb	r1, r1
1000373e:	4441      	add	r1, r8
10003740:	790d      	ldrb	r5, [r1, #4]
10003742:	2dff      	cmp	r5, #255	@ 0xff
10003744:	d0f4      	beq.n	10003730 <tud_task_ext+0x708>
10003746:	464e      	mov	r6, r9
10003748:	4645      	mov	r5, r8
1000374a:	4657      	mov	r7, sl
1000374c:	2300      	movs	r3, #0
1000374e:	706b      	strb	r3, [r5, #1]
10003750:	e5ec      	b.n	1000332c <tud_task_ext+0x304>
10003752:	464e      	mov	r6, r9
10003754:	4657      	mov	r7, sl
10003756:	f7ff fbd5 	bl	10002f04 <tud_mount_cb>
1000375a:	e63e      	b.n	100033da <tud_task_ext+0x3b2>
1000375c:	4655      	mov	r5, sl
1000375e:	2254      	movs	r2, #84	@ 0x54
10003760:	2100      	movs	r1, #0
10003762:	0028      	movs	r0, r5
10003764:	f7fe fc42 	bl	10001fec <__wrap_memset>
10003768:	2210      	movs	r2, #16
1000376a:	21ff      	movs	r1, #255	@ 0xff
1000376c:	1d28      	adds	r0, r5, #4
1000376e:	f7fe fc3d 	bl	10001fec <__wrap_memset>
10003772:	0028      	movs	r0, r5
10003774:	2220      	movs	r2, #32
10003776:	21ff      	movs	r1, #255	@ 0xff
10003778:	3014      	adds	r0, #20
1000377a:	f7fe fc37 	bl	10001fec <__wrap_memset>
1000377e:	9b03      	ldr	r3, [sp, #12]
10003780:	70ab      	strb	r3, [r5, #2]
10003782:	e657      	b.n	10003434 <tud_task_ext+0x40c>
10003784:	4655      	mov	r5, sl
10003786:	e7fa      	b.n	1000377e <tud_task_ext+0x756>
10003788:	f7fe feaa 	bl	100024e0 <tud_descriptor_bos_cb>
1000378c:	1e02      	subs	r2, r0, #0
1000378e:	d100      	bne.n	10003792 <tud_task_ext+0x76a>
10003790:	e5cc      	b.n	1000332c <tud_task_ext+0x304>
10003792:	78d3      	ldrb	r3, [r2, #3]
10003794:	7891      	ldrb	r1, [r2, #2]
10003796:	021b      	lsls	r3, r3, #8
10003798:	430b      	orrs	r3, r1
1000379a:	4658      	mov	r0, fp
1000379c:	a90e      	add	r1, sp, #56	@ 0x38
1000379e:	f000 f90f 	bl	100039c0 <tud_control_xfer>
100037a2:	e5d4      	b.n	1000334e <tud_task_ext+0x326>
100037a4:	4665      	mov	r5, ip
100037a6:	003b      	movs	r3, r7
100037a8:	002a      	movs	r2, r5
100037aa:	0031      	movs	r1, r6
100037ac:	980a      	ldr	r0, [sp, #40]	@ 0x28
100037ae:	f000 fe7f 	bl	100044b0 <tu_edpt_bind_driver>
100037b2:	46ac      	mov	ip, r5
100037b4:	9b04      	ldr	r3, [sp, #16]
100037b6:	9a03      	ldr	r2, [sp, #12]
100037b8:	781b      	ldrb	r3, [r3, #0]
100037ba:	4466      	add	r6, ip
100037bc:	3301      	adds	r3, #1
100037be:	4293      	cmp	r3, r2
100037c0:	db00      	blt.n	100037c4 <tud_task_ext+0x79c>
100037c2:	e66c      	b.n	1000349e <tud_task_ext+0x476>
100037c4:	e7bf      	b.n	10003746 <tud_task_ext+0x71e>
100037c6:	4b17      	ldr	r3, [pc, #92]	@ (10003824 <tud_task_ext+0x7fc>)
100037c8:	6929      	ldr	r1, [r5, #16]
100037ca:	4299      	cmp	r1, r3
100037cc:	d1ad      	bne.n	1000372a <tud_task_ext+0x702>
100037ce:	9a07      	ldr	r2, [sp, #28]
100037d0:	e7ab      	b.n	1000372a <tud_task_ext+0x702>
100037d2:	f7ff fb93 	bl	10002efc <tud_descriptor_device_qualifier_cb>
100037d6:	1e02      	subs	r2, r0, #0
100037d8:	d100      	bne.n	100037dc <tud_task_ext+0x7b4>
100037da:	e5a7      	b.n	1000332c <tud_task_ext+0x304>
100037dc:	4658      	mov	r0, fp
100037de:	7813      	ldrb	r3, [r2, #0]
100037e0:	a90e      	add	r1, sp, #56	@ 0x38
100037e2:	f000 f8ed 	bl	100039c0 <tud_control_xfer>
100037e6:	e5b2      	b.n	1000334e <tud_task_ext+0x326>
100037e8:	8921      	ldrh	r1, [r4, #8]
100037ea:	f7ff f8c3 	bl	10002974 <tud_descriptor_string_cb>
100037ee:	1e02      	subs	r2, r0, #0
100037f0:	d1f4      	bne.n	100037dc <tud_task_ext+0x7b4>
100037f2:	e59b      	b.n	1000332c <tud_task_ext+0x304>
100037f4:	2a02      	cmp	r2, #2
100037f6:	d00f      	beq.n	10003818 <tud_task_ext+0x7f0>
100037f8:	f7ff fb82 	bl	10002f00 <tud_descriptor_other_speed_configuration_cb>
100037fc:	1e02      	subs	r2, r0, #0
100037fe:	d1c8      	bne.n	10003792 <tud_task_ext+0x76a>
10003800:	e594      	b.n	1000332c <tud_task_ext+0x304>
10003802:	f7ff f8af 	bl	10002964 <tud_descriptor_device_cb>
10003806:	1e02      	subs	r2, r0, #0
10003808:	d100      	bne.n	1000380c <tud_task_ext+0x7e4>
1000380a:	e58f      	b.n	1000332c <tud_task_ext+0x304>
1000380c:	2312      	movs	r3, #18
1000380e:	4658      	mov	r0, fp
10003810:	a90e      	add	r1, sp, #56	@ 0x38
10003812:	f000 f8d5 	bl	100039c0 <tud_control_xfer>
10003816:	e59a      	b.n	1000334e <tud_task_ext+0x326>
10003818:	f7ff f8a8 	bl	1000296c <tud_descriptor_configuration_cb>
1000381c:	1e02      	subs	r2, r0, #0
1000381e:	d1b8      	bne.n	10003792 <tud_task_ext+0x76a>
10003820:	e584      	b.n	1000332c <tud_task_ext+0x304>
10003822:	46c0      	nop			@ (mov r8, r8)
10003824:	10003e79 	.word	0x10003e79

10003828 <usbd_open_edpt_pair>:
10003828:	b5f8      	push	{r3, r4, r5, r6, r7, lr}
1000382a:	4657      	mov	r7, sl
1000382c:	464e      	mov	r6, r9
1000382e:	46de      	mov	lr, fp
10003830:	4645      	mov	r5, r8
10003832:	000c      	movs	r4, r1
10003834:	b5e0      	push	{r5, r6, r7, lr}
10003836:	0016      	movs	r6, r2
10003838:	001f      	movs	r7, r3
1000383a:	2a00      	cmp	r2, #0
1000383c:	d03c      	beq.n	100038b8 <usbd_open_edpt_pair+0x90>
1000383e:	2370      	movs	r3, #112	@ 0x70
10003840:	4698      	mov	r8, r3
10003842:	4b1e      	ldr	r3, [pc, #120]	@ (100038bc <usbd_open_edpt_pair+0x94>)
10003844:	2500      	movs	r5, #0
10003846:	469b      	mov	fp, r3
10003848:	4b1d      	ldr	r3, [pc, #116]	@ (100038c0 <usbd_open_edpt_pair+0x98>)
1000384a:	469a      	mov	sl, r3
1000384c:	e01a      	b.n	10003884 <usbd_open_edpt_pair+0x5c>
1000384e:	465b      	mov	r3, fp
10003850:	781b      	ldrb	r3, [r3, #0]
10003852:	0020      	movs	r0, r4
10003854:	4699      	mov	r9, r3
10003856:	4653      	mov	r3, sl
10003858:	7899      	ldrb	r1, [r3, #2]
1000385a:	f000 fdeb 	bl	10004434 <tu_edpt_validate>
1000385e:	2800      	cmp	r0, #0
10003860:	d01c      	beq.n	1000389c <usbd_open_edpt_pair+0x74>
10003862:	0021      	movs	r1, r4
10003864:	4648      	mov	r0, r9
10003866:	f7ff fa2f 	bl	10002cc8 <dcd_edpt_open>
1000386a:	2800      	cmp	r0, #0
1000386c:	d016      	beq.n	1000389c <usbd_open_edpt_pair+0x74>
1000386e:	78a3      	ldrb	r3, [r4, #2]
10003870:	09da      	lsrs	r2, r3, #7
10003872:	2a01      	cmp	r2, #1
10003874:	d019      	beq.n	100038aa <usbd_open_edpt_pair+0x82>
10003876:	9a0a      	ldr	r2, [sp, #40]	@ 0x28
10003878:	3501      	adds	r5, #1
1000387a:	7013      	strb	r3, [r2, #0]
1000387c:	7823      	ldrb	r3, [r4, #0]
1000387e:	18e4      	adds	r4, r4, r3
10003880:	42b5      	cmp	r5, r6
10003882:	da19      	bge.n	100038b8 <usbd_open_edpt_pair+0x90>
10003884:	7863      	ldrb	r3, [r4, #1]
10003886:	2b05      	cmp	r3, #5
10003888:	d108      	bne.n	1000389c <usbd_open_edpt_pair+0x74>
1000388a:	78e3      	ldrb	r3, [r4, #3]
1000388c:	079b      	lsls	r3, r3, #30
1000388e:	0f9b      	lsrs	r3, r3, #30
10003890:	42bb      	cmp	r3, r7
10003892:	d103      	bne.n	1000389c <usbd_open_edpt_pair+0x74>
10003894:	4642      	mov	r2, r8
10003896:	78a3      	ldrb	r3, [r4, #2]
10003898:	421a      	tst	r2, r3
1000389a:	d0d8      	beq.n	1000384e <usbd_open_edpt_pair+0x26>
1000389c:	2000      	movs	r0, #0
1000389e:	bcf0      	pop	{r4, r5, r6, r7}
100038a0:	46bb      	mov	fp, r7
100038a2:	46b2      	mov	sl, r6
100038a4:	46a9      	mov	r9, r5
100038a6:	46a0      	mov	r8, r4
100038a8:	bdf8      	pop	{r3, r4, r5, r6, r7, pc}
100038aa:	9a0b      	ldr	r2, [sp, #44]	@ 0x2c
100038ac:	3501      	adds	r5, #1
100038ae:	7013      	strb	r3, [r2, #0]
100038b0:	7823      	ldrb	r3, [r4, #0]
100038b2:	18e4      	adds	r4, r4, r3
100038b4:	42b5      	cmp	r5, r6
100038b6:	dbe5      	blt.n	10003884 <usbd_open_edpt_pair+0x5c>
100038b8:	2001      	movs	r0, #1
100038ba:	e7f0      	b.n	1000389e <usbd_open_edpt_pair+0x76>
100038bc:	200010a4 	.word	0x200010a4
100038c0:	20001cb8 	.word	0x20001cb8

100038c4 <usbd_edpt_open>:
100038c4:	2270      	movs	r2, #112	@ 0x70
100038c6:	b570      	push	{r4, r5, r6, lr}
100038c8:	788b      	ldrb	r3, [r1, #2]
100038ca:	000c      	movs	r4, r1
100038cc:	421a      	tst	r2, r3
100038ce:	d001      	beq.n	100038d4 <usbd_edpt_open+0x10>
100038d0:	2000      	movs	r0, #0
100038d2:	bd70      	pop	{r4, r5, r6, pc}
100038d4:	4b06      	ldr	r3, [pc, #24]	@ (100038f0 <usbd_edpt_open+0x2c>)
100038d6:	0020      	movs	r0, r4
100038d8:	781d      	ldrb	r5, [r3, #0]
100038da:	4b06      	ldr	r3, [pc, #24]	@ (100038f4 <usbd_edpt_open+0x30>)
100038dc:	7899      	ldrb	r1, [r3, #2]
100038de:	f000 fda9 	bl	10004434 <tu_edpt_validate>
100038e2:	2800      	cmp	r0, #0
100038e4:	d0f4      	beq.n	100038d0 <usbd_edpt_open+0xc>
100038e6:	0021      	movs	r1, r4
100038e8:	0028      	movs	r0, r5
100038ea:	f7ff f9ed 	bl	10002cc8 <dcd_edpt_open>
100038ee:	e7f0      	b.n	100038d2 <usbd_edpt_open+0xe>
100038f0:	200010a4 	.word	0x200010a4
100038f4:	20001cb8 	.word	0x20001cb8

100038f8 <usbd_edpt_claim>:
100038f8:	000b      	movs	r3, r1
100038fa:	207f      	movs	r0, #127	@ 0x7f
100038fc:	b510      	push	{r4, lr}
100038fe:	4018      	ands	r0, r3
10003900:	09db      	lsrs	r3, r3, #7
10003902:	3334      	adds	r3, #52	@ 0x34
10003904:	0040      	lsls	r0, r0, #1
10003906:	4a04      	ldr	r2, [pc, #16]	@ (10003918 <usbd_edpt_claim+0x20>)
10003908:	18c0      	adds	r0, r0, r3
1000390a:	4b04      	ldr	r3, [pc, #16]	@ (1000391c <usbd_edpt_claim+0x24>)
1000390c:	6811      	ldr	r1, [r2, #0]
1000390e:	18c0      	adds	r0, r0, r3
10003910:	f000 fd4c 	bl	100043ac <tu_edpt_claim>
10003914:	bd10      	pop	{r4, pc}
10003916:	46c0      	nop			@ (mov r8, r8)
10003918:	20001d0c 	.word	0x20001d0c
1000391c:	20001cb8 	.word	0x20001cb8

10003920 <usbd_edpt_release>:
10003920:	000b      	movs	r3, r1
10003922:	207f      	movs	r0, #127	@ 0x7f
10003924:	b510      	push	{r4, lr}
10003926:	4018      	ands	r0, r3
10003928:	09db      	lsrs	r3, r3, #7
1000392a:	3334      	adds	r3, #52	@ 0x34
1000392c:	0040      	lsls	r0, r0, #1
1000392e:	4a04      	ldr	r2, [pc, #16]	@ (10003940 <usbd_edpt_release+0x20>)
10003930:	18c0      	adds	r0, r0, r3
10003932:	4b04      	ldr	r3, [pc, #16]	@ (10003944 <usbd_edpt_release+0x24>)
10003934:	6811      	ldr	r1, [r2, #0]
10003936:	18c0      	adds	r0, r0, r3
10003938:	f000 fd60 	bl	100043fc <tu_edpt_release>
1000393c:	bd10      	pop	{r4, pc}
1000393e:	46c0      	nop			@ (mov r8, r8)
10003940:	20001d0c 	.word	0x20001d0c
10003944:	20001cb8 	.word	0x20001cb8

10003948 <usbd_edpt_xfer>:
10003948:	b570      	push	{r4, r5, r6, lr}
1000394a:	247f      	movs	r4, #127	@ 0x7f
1000394c:	480f      	ldr	r0, [pc, #60]	@ (1000398c <usbd_edpt_xfer+0x44>)
1000394e:	400c      	ands	r4, r1
10003950:	0064      	lsls	r4, r4, #1
10003952:	1904      	adds	r4, r0, r4
10003954:	09cd      	lsrs	r5, r1, #7
10003956:	1964      	adds	r4, r4, r5
10003958:	3430      	adds	r4, #48	@ 0x30
1000395a:	7920      	ldrb	r0, [r4, #4]
1000395c:	07c0      	lsls	r0, r0, #31
1000395e:	d501      	bpl.n	10003964 <usbd_edpt_xfer+0x1c>
10003960:	2000      	movs	r0, #0
10003962:	bd70      	pop	{r4, r5, r6, pc}
10003964:	2601      	movs	r6, #1
10003966:	7925      	ldrb	r5, [r4, #4]
10003968:	4809      	ldr	r0, [pc, #36]	@ (10003990 <usbd_edpt_xfer+0x48>)
1000396a:	4335      	orrs	r5, r6
1000396c:	7800      	ldrb	r0, [r0, #0]
1000396e:	7125      	strb	r5, [r4, #4]
10003970:	f7ff fa38 	bl	10002de4 <dcd_edpt_xfer>
10003974:	2800      	cmp	r0, #0
10003976:	d1f4      	bne.n	10003962 <usbd_edpt_xfer+0x1a>
10003978:	2201      	movs	r2, #1
1000397a:	7923      	ldrb	r3, [r4, #4]
1000397c:	4393      	bics	r3, r2
1000397e:	7123      	strb	r3, [r4, #4]
10003980:	7923      	ldrb	r3, [r4, #4]
10003982:	3203      	adds	r2, #3
10003984:	4393      	bics	r3, r2
10003986:	7123      	strb	r3, [r4, #4]
10003988:	e7ea      	b.n	10003960 <usbd_edpt_xfer+0x18>
1000398a:	46c0      	nop			@ (mov r8, r8)
1000398c:	20001cb8 	.word	0x20001cb8
10003990:	200010a4 	.word	0x200010a4

10003994 <tud_control_status>:
10003994:	b570      	push	{r4, r5, r6, lr}
10003996:	4c09      	ldr	r4, [pc, #36]	@ (100039bc <tud_control_status+0x28>)
10003998:	0006      	movs	r6, r0
1000399a:	2208      	movs	r2, #8
1000399c:	0020      	movs	r0, r4
1000399e:	000d      	movs	r5, r1
100039a0:	f7fe fb2a 	bl	10001ff8 <__wrap___aeabi_memcpy>
100039a4:	2300      	movs	r3, #0
100039a6:	2180      	movs	r1, #128	@ 0x80
100039a8:	60e3      	str	r3, [r4, #12]
100039aa:	60a3      	str	r3, [r4, #8]
100039ac:	782b      	ldrb	r3, [r5, #0]
100039ae:	0030      	movs	r0, r6
100039b0:	4399      	bics	r1, r3
100039b2:	2200      	movs	r2, #0
100039b4:	2300      	movs	r3, #0
100039b6:	f7ff ffc7 	bl	10003948 <usbd_edpt_xfer>
100039ba:	bd70      	pop	{r4, r5, r6, pc}
100039bc:	20001c98 	.word	0x20001c98

100039c0 <tud_control_xfer>:
100039c0:	b5f8      	push	{r3, r4, r5, r6, r7, lr}
100039c2:	46ce      	mov	lr, r9
100039c4:	4647      	mov	r7, r8
100039c6:	4690      	mov	r8, r2
100039c8:	4e25      	ldr	r6, [pc, #148]	@ (10003a60 <tud_control_xfer+0xa0>)
100039ca:	b580      	push	{r7, lr}
100039cc:	4681      	mov	r9, r0
100039ce:	2208      	movs	r2, #8
100039d0:	0030      	movs	r0, r6
100039d2:	000d      	movs	r5, r1
100039d4:	001f      	movs	r7, r3
100039d6:	f7fe fb0f 	bl	10001ff8 <__wrap___aeabi_memcpy>
100039da:	4643      	mov	r3, r8
100039dc:	60b3      	str	r3, [r6, #8]
100039de:	2300      	movs	r3, #0
100039e0:	81f3      	strh	r3, [r6, #14]
100039e2:	79ec      	ldrb	r4, [r5, #7]
100039e4:	79ab      	ldrb	r3, [r5, #6]
100039e6:	0224      	lsls	r4, r4, #8
100039e8:	431c      	orrs	r4, r3
100039ea:	1c23      	adds	r3, r4, #0
100039ec:	42bc      	cmp	r4, r7
100039ee:	d900      	bls.n	100039f2 <tud_control_xfer+0x32>
100039f0:	1c3b      	adds	r3, r7, #0
100039f2:	b29f      	uxth	r7, r3
100039f4:	81b3      	strh	r3, [r6, #12]
100039f6:	2c00      	cmp	r4, #0
100039f8:	d00d      	beq.n	10003a16 <tud_control_xfer+0x56>
100039fa:	2f00      	cmp	r7, #0
100039fc:	d017      	beq.n	10003a2e <tud_control_xfer+0x6e>
100039fe:	4642      	mov	r2, r8
10003a00:	2a00      	cmp	r2, #0
10003a02:	d02b      	beq.n	10003a5c <tud_control_xfer+0x9c>
10003a04:	2f40      	cmp	r7, #64	@ 0x40
10003a06:	d81b      	bhi.n	10003a40 <tud_control_xfer+0x80>
10003a08:	b29f      	uxth	r7, r3
10003a0a:	7833      	ldrb	r3, [r6, #0]
10003a0c:	2b7f      	cmp	r3, #127	@ 0x7f
10003a0e:	d81c      	bhi.n	10003a4a <tud_control_xfer+0x8a>
10003a10:	2100      	movs	r1, #0
10003a12:	4a14      	ldr	r2, [pc, #80]	@ (10003a64 <tud_control_xfer+0xa4>)
10003a14:	e00f      	b.n	10003a36 <tud_control_xfer+0x76>
10003a16:	2180      	movs	r1, #128	@ 0x80
10003a18:	782b      	ldrb	r3, [r5, #0]
10003a1a:	2200      	movs	r2, #0
10003a1c:	4399      	bics	r1, r3
10003a1e:	4648      	mov	r0, r9
10003a20:	2300      	movs	r3, #0
10003a22:	f7ff ff91 	bl	10003948 <usbd_edpt_xfer>
10003a26:	bcc0      	pop	{r6, r7}
10003a28:	46b9      	mov	r9, r7
10003a2a:	46b0      	mov	r8, r6
10003a2c:	bdf8      	pop	{r3, r4, r5, r6, r7, pc}
10003a2e:	237f      	movs	r3, #127	@ 0x7f
10003a30:	2200      	movs	r2, #0
10003a32:	7831      	ldrb	r1, [r6, #0]
10003a34:	4399      	bics	r1, r3
10003a36:	003b      	movs	r3, r7
10003a38:	4648      	mov	r0, r9
10003a3a:	f7ff ff85 	bl	10003948 <usbd_edpt_xfer>
10003a3e:	e7f2      	b.n	10003a26 <tud_control_xfer+0x66>
10003a40:	2340      	movs	r3, #64	@ 0x40
10003a42:	b29f      	uxth	r7, r3
10003a44:	7833      	ldrb	r3, [r6, #0]
10003a46:	2b7f      	cmp	r3, #127	@ 0x7f
10003a48:	d9e2      	bls.n	10003a10 <tud_control_xfer+0x50>
10003a4a:	4c06      	ldr	r4, [pc, #24]	@ (10003a64 <tud_control_xfer+0xa4>)
10003a4c:	003a      	movs	r2, r7
10003a4e:	4641      	mov	r1, r8
10003a50:	0020      	movs	r0, r4
10003a52:	f7fe fad1 	bl	10001ff8 <__wrap___aeabi_memcpy>
10003a56:	2180      	movs	r1, #128	@ 0x80
10003a58:	0022      	movs	r2, r4
10003a5a:	e7ec      	b.n	10003a36 <tud_control_xfer+0x76>
10003a5c:	2000      	movs	r0, #0
10003a5e:	e7e2      	b.n	10003a26 <tud_control_xfer+0x66>
10003a60:	20001c98 	.word	0x20001c98
10003a64:	20001c58 	.word	0x20001c58

10003a68 <usbd_control_reset>:
10003a68:	b510      	push	{r4, lr}
10003a6a:	2214      	movs	r2, #20
10003a6c:	2100      	movs	r1, #0
10003a6e:	4802      	ldr	r0, [pc, #8]	@ (10003a78 <usbd_control_reset+0x10>)
10003a70:	f7fe fabc 	bl	10001fec <__wrap_memset>
10003a74:	bd10      	pop	{r4, pc}
10003a76:	46c0      	nop			@ (mov r8, r8)
10003a78:	20001c98 	.word	0x20001c98

10003a7c <usbd_control_set_complete_callback>:
10003a7c:	4b01      	ldr	r3, [pc, #4]	@ (10003a84 <usbd_control_set_complete_callback+0x8>)
10003a7e:	6118      	str	r0, [r3, #16]
10003a80:	4770      	bx	lr
10003a82:	46c0      	nop			@ (mov r8, r8)
10003a84:	20001c98 	.word	0x20001c98

10003a88 <usbd_control_set_request>:
10003a88:	b510      	push	{r4, lr}
10003a8a:	4c05      	ldr	r4, [pc, #20]	@ (10003aa0 <usbd_control_set_request+0x18>)
10003a8c:	0001      	movs	r1, r0
10003a8e:	2208      	movs	r2, #8
10003a90:	0020      	movs	r0, r4
10003a92:	f7fe fab1 	bl	10001ff8 <__wrap___aeabi_memcpy>
10003a96:	2300      	movs	r3, #0
10003a98:	60a3      	str	r3, [r4, #8]
10003a9a:	60e3      	str	r3, [r4, #12]
10003a9c:	bd10      	pop	{r4, pc}
10003a9e:	46c0      	nop			@ (mov r8, r8)
10003aa0:	20001c98 	.word	0x20001c98

10003aa4 <usbd_control_xfer_cb>:
10003aa4:	b570      	push	{r4, r5, r6, lr}
10003aa6:	4c38      	ldr	r4, [pc, #224]	@ (10003b88 <usbd_control_xfer_cb+0xe4>)
10003aa8:	001d      	movs	r5, r3
10003aaa:	7823      	ldrb	r3, [r4, #0]
10003aac:	0006      	movs	r6, r0
10003aae:	09da      	lsrs	r2, r3, #7
10003ab0:	09c9      	lsrs	r1, r1, #7
10003ab2:	428a      	cmp	r2, r1
10003ab4:	d010      	beq.n	10003ad8 <usbd_control_xfer_cb+0x34>
10003ab6:	2000      	movs	r0, #0
10003ab8:	2d00      	cmp	r5, #0
10003aba:	d000      	beq.n	10003abe <usbd_control_xfer_cb+0x1a>
10003abc:	bd70      	pop	{r4, r5, r6, pc}
10003abe:	0021      	movs	r1, r4
10003ac0:	0030      	movs	r0, r6
10003ac2:	f7ff f8f3 	bl	10002cac <dcd_edpt0_status_complete>
10003ac6:	6923      	ldr	r3, [r4, #16]
10003ac8:	2b00      	cmp	r3, #0
10003aca:	d003      	beq.n	10003ad4 <usbd_control_xfer_cb+0x30>
10003acc:	0022      	movs	r2, r4
10003ace:	2103      	movs	r1, #3
10003ad0:	0030      	movs	r0, r6
10003ad2:	4798      	blx	r3
10003ad4:	2001      	movs	r0, #1
10003ad6:	e7f1      	b.n	10003abc <usbd_control_xfer_cb+0x18>
10003ad8:	2b7f      	cmp	r3, #127	@ 0x7f
10003ada:	d806      	bhi.n	10003aea <usbd_control_xfer_cb+0x46>
10003adc:	68a0      	ldr	r0, [r4, #8]
10003ade:	2800      	cmp	r0, #0
10003ae0:	d034      	beq.n	10003b4c <usbd_control_xfer_cb+0xa8>
10003ae2:	002a      	movs	r2, r5
10003ae4:	4929      	ldr	r1, [pc, #164]	@ (10003b8c <usbd_control_xfer_cb+0xe8>)
10003ae6:	f7fe fa87 	bl	10001ff8 <__wrap___aeabi_memcpy>
10003aea:	89e2      	ldrh	r2, [r4, #14]
10003aec:	68a1      	ldr	r1, [r4, #8]
10003aee:	1952      	adds	r2, r2, r5
10003af0:	88e3      	ldrh	r3, [r4, #6]
10003af2:	b292      	uxth	r2, r2
10003af4:	1949      	adds	r1, r1, r5
10003af6:	81e2      	strh	r2, [r4, #14]
10003af8:	60a1      	str	r1, [r4, #8]
10003afa:	4293      	cmp	r3, r2
10003afc:	d014      	beq.n	10003b28 <usbd_control_xfer_cb+0x84>
10003afe:	2d3f      	cmp	r5, #63	@ 0x3f
10003b00:	d912      	bls.n	10003b28 <usbd_control_xfer_cb+0x84>
10003b02:	89a3      	ldrh	r3, [r4, #12]
10003b04:	1a98      	subs	r0, r3, r2
10003b06:	1c05      	adds	r5, r0, #0
10003b08:	b280      	uxth	r0, r0
10003b0a:	2840      	cmp	r0, #64	@ 0x40
10003b0c:	d82a      	bhi.n	10003b64 <usbd_control_xfer_cb+0xc0>
10003b0e:	7820      	ldrb	r0, [r4, #0]
10003b10:	b2ad      	uxth	r5, r5
10003b12:	287f      	cmp	r0, #127	@ 0x7f
10003b14:	d828      	bhi.n	10003b68 <usbd_control_xfer_cb+0xc4>
10003b16:	2100      	movs	r1, #0
10003b18:	429a      	cmp	r2, r3
10003b1a:	d032      	beq.n	10003b82 <usbd_control_xfer_cb+0xde>
10003b1c:	4a1b      	ldr	r2, [pc, #108]	@ (10003b8c <usbd_control_xfer_cb+0xe8>)
10003b1e:	002b      	movs	r3, r5
10003b20:	0030      	movs	r0, r6
10003b22:	f7ff ff11 	bl	10003948 <usbd_edpt_xfer>
10003b26:	e7c9      	b.n	10003abc <usbd_control_xfer_cb+0x18>
10003b28:	6923      	ldr	r3, [r4, #16]
10003b2a:	2b00      	cmp	r3, #0
10003b2c:	d005      	beq.n	10003b3a <usbd_control_xfer_cb+0x96>
10003b2e:	0022      	movs	r2, r4
10003b30:	2102      	movs	r1, #2
10003b32:	0030      	movs	r0, r6
10003b34:	4798      	blx	r3
10003b36:	2800      	cmp	r0, #0
10003b38:	d00a      	beq.n	10003b50 <usbd_control_xfer_cb+0xac>
10003b3a:	2180      	movs	r1, #128	@ 0x80
10003b3c:	7823      	ldrb	r3, [r4, #0]
10003b3e:	2200      	movs	r2, #0
10003b40:	4399      	bics	r1, r3
10003b42:	0030      	movs	r0, r6
10003b44:	2300      	movs	r3, #0
10003b46:	f7ff feff 	bl	10003948 <usbd_edpt_xfer>
10003b4a:	e7b7      	b.n	10003abc <usbd_control_xfer_cb+0x18>
10003b4c:	2000      	movs	r0, #0
10003b4e:	e7b5      	b.n	10003abc <usbd_control_xfer_cb+0x18>
10003b50:	2100      	movs	r1, #0
10003b52:	0030      	movs	r0, r6
10003b54:	f7ff f958 	bl	10002e08 <dcd_edpt_stall>
10003b58:	0030      	movs	r0, r6
10003b5a:	2180      	movs	r1, #128	@ 0x80
10003b5c:	f7ff f954 	bl	10002e08 <dcd_edpt_stall>
10003b60:	2001      	movs	r0, #1
10003b62:	e7ab      	b.n	10003abc <usbd_control_xfer_cb+0x18>
10003b64:	2540      	movs	r5, #64	@ 0x40
10003b66:	e7d2      	b.n	10003b0e <usbd_control_xfer_cb+0x6a>
10003b68:	429a      	cmp	r2, r3
10003b6a:	d007      	beq.n	10003b7c <usbd_control_xfer_cb+0xd8>
10003b6c:	4c07      	ldr	r4, [pc, #28]	@ (10003b8c <usbd_control_xfer_cb+0xe8>)
10003b6e:	002a      	movs	r2, r5
10003b70:	0020      	movs	r0, r4
10003b72:	f7fe fa41 	bl	10001ff8 <__wrap___aeabi_memcpy>
10003b76:	2180      	movs	r1, #128	@ 0x80
10003b78:	0022      	movs	r2, r4
10003b7a:	e7d0      	b.n	10003b1e <usbd_control_xfer_cb+0x7a>
10003b7c:	2180      	movs	r1, #128	@ 0x80
10003b7e:	2200      	movs	r2, #0
10003b80:	e7cd      	b.n	10003b1e <usbd_control_xfer_cb+0x7a>
10003b82:	2200      	movs	r2, #0
10003b84:	e7cb      	b.n	10003b1e <usbd_control_xfer_cb+0x7a>
10003b86:	46c0      	nop			@ (mov r8, r8)
10003b88:	20001c98 	.word	0x20001c98
10003b8c:	20001c58 	.word	0x20001c58

10003b90 <_prep_out_transaction.isra.0>:
10003b90:	b570      	push	{r4, r5, r6, lr}
10003b92:	0004      	movs	r4, r0
10003b94:	f7ff f9be 	bl	10002f14 <tud_mounted>
10003b98:	2800      	cmp	r0, #0
10003b9a:	d100      	bne.n	10003b9e <_prep_out_transaction.isra.0+0xe>
10003b9c:	bd70      	pop	{r4, r5, r6, pc}
10003b9e:	f7ff f9c1 	bl	10002f24 <tud_suspended>
10003ba2:	2800      	cmp	r0, #0
10003ba4:	d1fa      	bne.n	10003b9c <_prep_out_transaction.isra.0+0xc>
10003ba6:	23c8      	movs	r3, #200	@ 0xc8
10003ba8:	4363      	muls	r3, r4
10003baa:	4d12      	ldr	r5, [pc, #72]	@ (10003bf4 <_prep_out_transaction.isra.0+0x64>)
10003bac:	18ee      	adds	r6, r5, r3
10003bae:	78f1      	ldrb	r1, [r6, #3]
10003bb0:	2900      	cmp	r1, #0
10003bb2:	d0f3      	beq.n	10003b9c <_prep_out_transaction.isra.0+0xc>
10003bb4:	3310      	adds	r3, #16
10003bb6:	195d      	adds	r5, r3, r5
10003bb8:	0028      	movs	r0, r5
10003bba:	f000 fdf3 	bl	100047a4 <tu_fifo_remaining>
10003bbe:	283f      	cmp	r0, #63	@ 0x3f
10003bc0:	d9ec      	bls.n	10003b9c <_prep_out_transaction.isra.0+0xc>
10003bc2:	2000      	movs	r0, #0
10003bc4:	78f1      	ldrb	r1, [r6, #3]
10003bc6:	f7ff fe97 	bl	100038f8 <usbd_edpt_claim>
10003bca:	2800      	cmp	r0, #0
10003bcc:	d0e6      	beq.n	10003b9c <_prep_out_transaction.isra.0+0xc>
10003bce:	0028      	movs	r0, r5
10003bd0:	f000 fde8 	bl	100047a4 <tu_fifo_remaining>
10003bd4:	78f1      	ldrb	r1, [r6, #3]
10003bd6:	283f      	cmp	r0, #63	@ 0x3f
10003bd8:	d907      	bls.n	10003bea <_prep_out_transaction.isra.0+0x5a>
10003bda:	4b07      	ldr	r3, [pc, #28]	@ (10003bf8 <_prep_out_transaction.isra.0+0x68>)
10003bdc:	01e2      	lsls	r2, r4, #7
10003bde:	18d2      	adds	r2, r2, r3
10003be0:	2000      	movs	r0, #0
10003be2:	2340      	movs	r3, #64	@ 0x40
10003be4:	f7ff feb0 	bl	10003948 <usbd_edpt_xfer>
10003be8:	e7d8      	b.n	10003b9c <_prep_out_transaction.isra.0+0xc>
10003bea:	2000      	movs	r0, #0
10003bec:	f7ff fe98 	bl	10003920 <usbd_edpt_release>
10003bf0:	e7d4      	b.n	10003b9c <_prep_out_transaction.isra.0+0xc>
10003bf2:	46c0      	nop			@ (mov r8, r8)
10003bf4:	20001b90 	.word	0x20001b90
10003bf8:	20001b0c 	.word	0x20001b0c

10003bfc <tud_cdc_n_connected>:
10003bfc:	b510      	push	{r4, lr}
10003bfe:	0004      	movs	r4, r0
10003c00:	f7ff f988 	bl	10002f14 <tud_mounted>
10003c04:	2800      	cmp	r0, #0
10003c06:	d101      	bne.n	10003c0c <tud_cdc_n_connected+0x10>
10003c08:	2000      	movs	r0, #0
10003c0a:	bd10      	pop	{r4, pc}
10003c0c:	f7ff f98a 	bl	10002f24 <tud_suspended>
10003c10:	2800      	cmp	r0, #0
10003c12:	d1f9      	bne.n	10003c08 <tud_cdc_n_connected+0xc>
10003c14:	22c8      	movs	r2, #200	@ 0xc8
10003c16:	4362      	muls	r2, r4
10003c18:	4b02      	ldr	r3, [pc, #8]	@ (10003c24 <tud_cdc_n_connected+0x28>)
10003c1a:	3001      	adds	r0, #1
10003c1c:	189b      	adds	r3, r3, r2
10003c1e:	791b      	ldrb	r3, [r3, #4]
10003c20:	4018      	ands	r0, r3
10003c22:	e7f2      	b.n	10003c0a <tud_cdc_n_connected+0xe>
10003c24:	20001b90 	.word	0x20001b90

10003c28 <tud_cdc_n_available>:
10003c28:	23c8      	movs	r3, #200	@ 0xc8
10003c2a:	b510      	push	{r4, lr}
10003c2c:	4343      	muls	r3, r0
10003c2e:	4802      	ldr	r0, [pc, #8]	@ (10003c38 <tud_cdc_n_available+0x10>)
10003c30:	1818      	adds	r0, r3, r0
10003c32:	f000 fd99 	bl	10004768 <tu_fifo_count>
10003c36:	bd10      	pop	{r4, pc}
10003c38:	20001ba0 	.word	0x20001ba0

10003c3c <tud_cdc_n_read>:
10003c3c:	b5f8      	push	{r3, r4, r5, r6, r7, lr}
10003c3e:	24c8      	movs	r4, #200	@ 0xc8
10003c40:	2380      	movs	r3, #128	@ 0x80
10003c42:	4344      	muls	r4, r0
10003c44:	4f1c      	ldr	r7, [pc, #112]	@ (10003cb8 <tud_cdc_n_read+0x7c>)
10003c46:	3410      	adds	r4, #16
10003c48:	0005      	movs	r5, r0
10003c4a:	193c      	adds	r4, r7, r4
10003c4c:	025b      	lsls	r3, r3, #9
10003c4e:	429a      	cmp	r2, r3
10003c50:	d300      	bcc.n	10003c54 <tud_cdc_n_read+0x18>
10003c52:	4a1a      	ldr	r2, [pc, #104]	@ (10003cbc <tud_cdc_n_read+0x80>)
10003c54:	0020      	movs	r0, r4
10003c56:	b292      	uxth	r2, r2
10003c58:	f000 fe08 	bl	1000486c <tu_fifo_read_n>
10003c5c:	0006      	movs	r6, r0
10003c5e:	f7ff f959 	bl	10002f14 <tud_mounted>
10003c62:	2800      	cmp	r0, #0
10003c64:	d101      	bne.n	10003c6a <tud_cdc_n_read+0x2e>
10003c66:	0030      	movs	r0, r6
10003c68:	bdf8      	pop	{r3, r4, r5, r6, r7, pc}
10003c6a:	f7ff f95b 	bl	10002f24 <tud_suspended>
10003c6e:	2800      	cmp	r0, #0
10003c70:	d1f9      	bne.n	10003c66 <tud_cdc_n_read+0x2a>
10003c72:	23c8      	movs	r3, #200	@ 0xc8
10003c74:	436b      	muls	r3, r5
10003c76:	18ff      	adds	r7, r7, r3
10003c78:	78fb      	ldrb	r3, [r7, #3]
10003c7a:	2b00      	cmp	r3, #0
10003c7c:	d0f3      	beq.n	10003c66 <tud_cdc_n_read+0x2a>
10003c7e:	0020      	movs	r0, r4
10003c80:	f000 fd90 	bl	100047a4 <tu_fifo_remaining>
10003c84:	283f      	cmp	r0, #63	@ 0x3f
10003c86:	d9ee      	bls.n	10003c66 <tud_cdc_n_read+0x2a>
10003c88:	2000      	movs	r0, #0
10003c8a:	78f9      	ldrb	r1, [r7, #3]
10003c8c:	f7ff fe34 	bl	100038f8 <usbd_edpt_claim>
10003c90:	2800      	cmp	r0, #0
10003c92:	d0e8      	beq.n	10003c66 <tud_cdc_n_read+0x2a>
10003c94:	0020      	movs	r0, r4
10003c96:	f000 fd85 	bl	100047a4 <tu_fifo_remaining>
10003c9a:	78f9      	ldrb	r1, [r7, #3]
10003c9c:	283f      	cmp	r0, #63	@ 0x3f
10003c9e:	d907      	bls.n	10003cb0 <tud_cdc_n_read+0x74>
10003ca0:	4b07      	ldr	r3, [pc, #28]	@ (10003cc0 <tud_cdc_n_read+0x84>)
10003ca2:	01ea      	lsls	r2, r5, #7
10003ca4:	18d2      	adds	r2, r2, r3
10003ca6:	2000      	movs	r0, #0
10003ca8:	2340      	movs	r3, #64	@ 0x40
10003caa:	f7ff fe4d 	bl	10003948 <usbd_edpt_xfer>
10003cae:	e7da      	b.n	10003c66 <tud_cdc_n_read+0x2a>
10003cb0:	2000      	movs	r0, #0
10003cb2:	f7ff fe35 	bl	10003920 <usbd_edpt_release>
10003cb6:	e7d6      	b.n	10003c66 <tud_cdc_n_read+0x2a>
10003cb8:	20001b90 	.word	0x20001b90
10003cbc:	0000ffff 	.word	0x0000ffff
10003cc0:	20001b0c 	.word	0x20001b0c

10003cc4 <tud_cdc_n_write_flush>:
10003cc4:	b5f8      	push	{r3, r4, r5, r6, r7, lr}
10003cc6:	0004      	movs	r4, r0
10003cc8:	f7ff f924 	bl	10002f14 <tud_mounted>
10003ccc:	2800      	cmp	r0, #0
10003cce:	d101      	bne.n	10003cd4 <tud_cdc_n_write_flush+0x10>
10003cd0:	2000      	movs	r0, #0
10003cd2:	bdf8      	pop	{r3, r4, r5, r6, r7, pc}
10003cd4:	f7ff f926 	bl	10002f24 <tud_suspended>
10003cd8:	2800      	cmp	r0, #0
10003cda:	d1f9      	bne.n	10003cd0 <tud_cdc_n_write_flush+0xc>
10003cdc:	25c8      	movs	r5, #200	@ 0xc8
10003cde:	4365      	muls	r5, r4
10003ce0:	002e      	movs	r6, r5
10003ce2:	4f13      	ldr	r7, [pc, #76]	@ (10003d30 <tud_cdc_n_write_flush+0x6c>)
10003ce4:	3624      	adds	r6, #36	@ 0x24
10003ce6:	19f6      	adds	r6, r6, r7
10003ce8:	0030      	movs	r0, r6
10003cea:	f000 fd3d 	bl	10004768 <tu_fifo_count>
10003cee:	2800      	cmp	r0, #0
10003cf0:	d0ee      	beq.n	10003cd0 <tud_cdc_n_write_flush+0xc>
10003cf2:	197f      	adds	r7, r7, r5
10003cf4:	2000      	movs	r0, #0
10003cf6:	78b9      	ldrb	r1, [r7, #2]
10003cf8:	f7ff fdfe 	bl	100038f8 <usbd_edpt_claim>
10003cfc:	2800      	cmp	r0, #0
10003cfe:	d0e7      	beq.n	10003cd0 <tud_cdc_n_write_flush+0xc>
10003d00:	4d0c      	ldr	r5, [pc, #48]	@ (10003d34 <tud_cdc_n_write_flush+0x70>)
10003d02:	01e4      	lsls	r4, r4, #7
10003d04:	1965      	adds	r5, r4, r5
10003d06:	0029      	movs	r1, r5
10003d08:	2240      	movs	r2, #64	@ 0x40
10003d0a:	0030      	movs	r0, r6
10003d0c:	f000 fdae 	bl	1000486c <tu_fifo_read_n>
10003d10:	78b9      	ldrb	r1, [r7, #2]
10003d12:	1e04      	subs	r4, r0, #0
10003d14:	d008      	beq.n	10003d28 <tud_cdc_n_write_flush+0x64>
10003d16:	0003      	movs	r3, r0
10003d18:	002a      	movs	r2, r5
10003d1a:	2000      	movs	r0, #0
10003d1c:	f7ff fe14 	bl	10003948 <usbd_edpt_xfer>
10003d20:	2800      	cmp	r0, #0
10003d22:	d0d5      	beq.n	10003cd0 <tud_cdc_n_write_flush+0xc>
10003d24:	0020      	movs	r0, r4
10003d26:	e7d4      	b.n	10003cd2 <tud_cdc_n_write_flush+0xe>
10003d28:	2000      	movs	r0, #0
10003d2a:	f7ff fdf9 	bl	10003920 <usbd_edpt_release>
10003d2e:	e7cf      	b.n	10003cd0 <tud_cdc_n_write_flush+0xc>
10003d30:	20001b90 	.word	0x20001b90
10003d34:	20001b4c 	.word	0x20001b4c

10003d38 <tud_cdc_n_write>:
10003d38:	b570      	push	{r4, r5, r6, lr}
10003d3a:	24c8      	movs	r4, #200	@ 0xc8
10003d3c:	4344      	muls	r4, r0
10003d3e:	4b0c      	ldr	r3, [pc, #48]	@ (10003d70 <tud_cdc_n_write+0x38>)
10003d40:	0005      	movs	r5, r0
10003d42:	18e4      	adds	r4, r4, r3
10003d44:	2380      	movs	r3, #128	@ 0x80
10003d46:	025b      	lsls	r3, r3, #9
10003d48:	429a      	cmp	r2, r3
10003d4a:	d300      	bcc.n	10003d4e <tud_cdc_n_write+0x16>
10003d4c:	4a09      	ldr	r2, [pc, #36]	@ (10003d74 <tud_cdc_n_write+0x3c>)
10003d4e:	0020      	movs	r0, r4
10003d50:	b292      	uxth	r2, r2
10003d52:	f000 fe51 	bl	100049f8 <tu_fifo_write_n>
10003d56:	0006      	movs	r6, r0
10003d58:	0020      	movs	r0, r4
10003d5a:	f000 fd05 	bl	10004768 <tu_fifo_count>
10003d5e:	283f      	cmp	r0, #63	@ 0x3f
10003d60:	d801      	bhi.n	10003d66 <tud_cdc_n_write+0x2e>
10003d62:	0030      	movs	r0, r6
10003d64:	bd70      	pop	{r4, r5, r6, pc}
10003d66:	0028      	movs	r0, r5
10003d68:	f7ff ffac 	bl	10003cc4 <tud_cdc_n_write_flush>
10003d6c:	e7f9      	b.n	10003d62 <tud_cdc_n_write+0x2a>
10003d6e:	46c0      	nop			@ (mov r8, r8)
10003d70:	20001bb4 	.word	0x20001bb4
10003d74:	0000ffff 	.word	0x0000ffff

10003d78 <tud_cdc_n_write_available>:
10003d78:	23c8      	movs	r3, #200	@ 0xc8
10003d7a:	b510      	push	{r4, lr}
10003d7c:	4343      	muls	r3, r0
10003d7e:	4802      	ldr	r0, [pc, #8]	@ (10003d88 <tud_cdc_n_write_available+0x10>)
10003d80:	1818      	adds	r0, r3, r0
10003d82:	f000 fd0f 	bl	100047a4 <tu_fifo_remaining>
10003d86:	bd10      	pop	{r4, pc}
10003d88:	20001bb4 	.word	0x20001bb4

10003d8c <cdcd_init>:
10003d8c:	b5f0      	push	{r4, r5, r6, r7, lr}
10003d8e:	2500      	movs	r5, #0
10003d90:	4c18      	ldr	r4, [pc, #96]	@ (10003df4 <cdcd_init+0x68>)
10003d92:	b083      	sub	sp, #12
10003d94:	22c8      	movs	r2, #200	@ 0xc8
10003d96:	2100      	movs	r1, #0
10003d98:	0020      	movs	r0, r4
10003d9a:	f7fe f927 	bl	10001fec <__wrap_memset>
10003d9e:	4b16      	ldr	r3, [pc, #88]	@ (10003df8 <cdcd_init+0x6c>)
10003da0:	0021      	movs	r1, r4
10003da2:	701d      	strb	r5, [r3, #0]
10003da4:	23ff      	movs	r3, #255	@ 0xff
10003da6:	7163      	strb	r3, [r4, #5]
10003da8:	23e1      	movs	r3, #225	@ 0xe1
10003daa:	025b      	lsls	r3, r3, #9
10003dac:	60a3      	str	r3, [r4, #8]
10003dae:	0020      	movs	r0, r4
10003db0:	2308      	movs	r3, #8
10003db2:	2240      	movs	r2, #64	@ 0x40
10003db4:	73a3      	strb	r3, [r4, #14]
10003db6:	3138      	adds	r1, #56	@ 0x38
10003db8:	9500      	str	r5, [sp, #0]
10003dba:	3b07      	subs	r3, #7
10003dbc:	3010      	adds	r0, #16
10003dbe:	f000 fc9d 	bl	100046fc <tu_fifo_config>
10003dc2:	0027      	movs	r7, r4
10003dc4:	2301      	movs	r3, #1
10003dc6:	0021      	movs	r1, r4
10003dc8:	0020      	movs	r0, r4
10003dca:	0026      	movs	r6, r4
10003dcc:	2240      	movs	r2, #64	@ 0x40
10003dce:	3178      	adds	r1, #120	@ 0x78
10003dd0:	9300      	str	r3, [sp, #0]
10003dd2:	37b8      	adds	r7, #184	@ 0xb8
10003dd4:	3024      	adds	r0, #36	@ 0x24
10003dd6:	f000 fc91 	bl	100046fc <tu_fifo_config>
10003dda:	36c0      	adds	r6, #192	@ 0xc0
10003ddc:	0038      	movs	r0, r7
10003dde:	f7fc fe4b 	bl	10000a78 <mutex_init>
10003de2:	0030      	movs	r0, r6
10003de4:	f7fc fe48 	bl	10000a78 <mutex_init>
10003de8:	61e5      	str	r5, [r4, #28]
10003dea:	6227      	str	r7, [r4, #32]
10003dec:	6326      	str	r6, [r4, #48]	@ 0x30
10003dee:	6365      	str	r5, [r4, #52]	@ 0x34
10003df0:	b003      	add	sp, #12
10003df2:	bdf0      	pop	{r4, r5, r6, r7, pc}
10003df4:	20001b90 	.word	0x20001b90
10003df8:	20001b8c 	.word	0x20001b8c

10003dfc <cdcd_deinit>:
10003dfc:	4a0a      	ldr	r2, [pc, #40]	@ (10003e28 <cdcd_deinit+0x2c>)
10003dfe:	6b11      	ldr	r1, [r2, #48]	@ 0x30
10003e00:	6a13      	ldr	r3, [r2, #32]
10003e02:	2900      	cmp	r1, #0
10003e04:	d00c      	beq.n	10003e20 <cdcd_deinit+0x24>
10003e06:	2b00      	cmp	r3, #0
10003e08:	d007      	beq.n	10003e1a <cdcd_deinit+0x1e>
10003e0a:	2300      	movs	r3, #0
10003e0c:	61d3      	str	r3, [r2, #28]
10003e0e:	6353      	str	r3, [r2, #52]	@ 0x34
10003e10:	6313      	str	r3, [r2, #48]	@ 0x30
10003e12:	2300      	movs	r3, #0
10003e14:	6213      	str	r3, [r2, #32]
10003e16:	2001      	movs	r0, #1
10003e18:	4770      	bx	lr
10003e1a:	6353      	str	r3, [r2, #52]	@ 0x34
10003e1c:	6313      	str	r3, [r2, #48]	@ 0x30
10003e1e:	e7fa      	b.n	10003e16 <cdcd_deinit+0x1a>
10003e20:	2b00      	cmp	r3, #0
10003e22:	d0f8      	beq.n	10003e16 <cdcd_deinit+0x1a>
10003e24:	61d1      	str	r1, [r2, #28]
10003e26:	e7f4      	b.n	10003e12 <cdcd_deinit+0x16>
10003e28:	20001b90 	.word	0x20001b90

10003e2c <cdcd_reset>:
10003e2c:	b570      	push	{r4, r5, r6, lr}
10003e2e:	4c0f      	ldr	r4, [pc, #60]	@ (10003e6c <cdcd_reset+0x40>)
10003e30:	2205      	movs	r2, #5
10003e32:	2100      	movs	r1, #0
10003e34:	0020      	movs	r0, r4
10003e36:	f7fe f8d9 	bl	10001fec <__wrap_memset>
10003e3a:	4d0d      	ldr	r5, [pc, #52]	@ (10003e70 <cdcd_reset+0x44>)
10003e3c:	782b      	ldrb	r3, [r5, #0]
10003e3e:	07da      	lsls	r2, r3, #31
10003e40:	d507      	bpl.n	10003e52 <cdcd_reset+0x26>
10003e42:	4c0c      	ldr	r4, [pc, #48]	@ (10003e74 <cdcd_reset+0x48>)
10003e44:	079b      	lsls	r3, r3, #30
10003e46:	d50c      	bpl.n	10003e62 <cdcd_reset+0x36>
10003e48:	2101      	movs	r1, #1
10003e4a:	0020      	movs	r0, r4
10003e4c:	f000 feb0 	bl	10004bb0 <tu_fifo_set_overwritable>
10003e50:	bd70      	pop	{r4, r5, r6, pc}
10003e52:	0020      	movs	r0, r4
10003e54:	3010      	adds	r0, #16
10003e56:	f000 fe8b 	bl	10004b70 <tu_fifo_clear>
10003e5a:	782b      	ldrb	r3, [r5, #0]
10003e5c:	4c05      	ldr	r4, [pc, #20]	@ (10003e74 <cdcd_reset+0x48>)
10003e5e:	079b      	lsls	r3, r3, #30
10003e60:	d4f2      	bmi.n	10003e48 <cdcd_reset+0x1c>
10003e62:	0020      	movs	r0, r4
10003e64:	f000 fe84 	bl	10004b70 <tu_fifo_clear>
10003e68:	e7ee      	b.n	10003e48 <cdcd_reset+0x1c>
10003e6a:	46c0      	nop			@ (mov r8, r8)
10003e6c:	20001b90 	.word	0x20001b90
10003e70:	20001b8c 	.word	0x20001b8c
10003e74:	20001bb4 	.word	0x20001bb4

10003e78 <cdcd_open>:
10003e78:	b5f0      	push	{r4, r5, r6, r7, lr}
10003e7a:	794b      	ldrb	r3, [r1, #5]
10003e7c:	0006      	movs	r6, r0
10003e7e:	b083      	sub	sp, #12
10003e80:	2b02      	cmp	r3, #2
10003e82:	d102      	bne.n	10003e8a <cdcd_open+0x12>
10003e84:	798b      	ldrb	r3, [r1, #6]
10003e86:	2b02      	cmp	r3, #2
10003e88:	d003      	beq.n	10003e92 <cdcd_open+0x1a>
10003e8a:	2500      	movs	r5, #0
10003e8c:	0028      	movs	r0, r5
10003e8e:	b003      	add	sp, #12
10003e90:	bdf0      	pop	{r4, r5, r6, r7, pc}
10003e92:	4f20      	ldr	r7, [pc, #128]	@ (10003f14 <cdcd_open+0x9c>)
10003e94:	78bb      	ldrb	r3, [r7, #2]
10003e96:	2b00      	cmp	r3, #0
10003e98:	d1f7      	bne.n	10003e8a <cdcd_open+0x12>
10003e9a:	788b      	ldrb	r3, [r1, #2]
10003e9c:	2509      	movs	r5, #9
10003e9e:	703b      	strb	r3, [r7, #0]
10003ea0:	780c      	ldrb	r4, [r1, #0]
10003ea2:	190c      	adds	r4, r1, r4
10003ea4:	7863      	ldrb	r3, [r4, #1]
10003ea6:	2b24      	cmp	r3, #36	@ 0x24
10003ea8:	d007      	beq.n	10003eba <cdcd_open+0x42>
10003eaa:	e00c      	b.n	10003ec6 <cdcd_open+0x4e>
10003eac:	7823      	ldrb	r3, [r4, #0]
10003eae:	18e4      	adds	r4, r4, r3
10003eb0:	195d      	adds	r5, r3, r5
10003eb2:	7863      	ldrb	r3, [r4, #1]
10003eb4:	b2ad      	uxth	r5, r5
10003eb6:	2b24      	cmp	r3, #36	@ 0x24
10003eb8:	d105      	bne.n	10003ec6 <cdcd_open+0x4e>
10003eba:	4295      	cmp	r5, r2
10003ebc:	d9f6      	bls.n	10003eac <cdcd_open+0x34>
10003ebe:	2000      	movs	r0, #0
10003ec0:	f7ff fe66 	bl	10003b90 <_prep_out_transaction.isra.0>
10003ec4:	e7e2      	b.n	10003e8c <cdcd_open+0x14>
10003ec6:	001a      	movs	r2, r3
10003ec8:	2b05      	cmp	r3, #5
10003eca:	d015      	beq.n	10003ef8 <cdcd_open+0x80>
10003ecc:	2a04      	cmp	r2, #4
10003ece:	d1f6      	bne.n	10003ebe <cdcd_open+0x46>
10003ed0:	7963      	ldrb	r3, [r4, #5]
10003ed2:	2b0a      	cmp	r3, #10
10003ed4:	d1f3      	bne.n	10003ebe <cdcd_open+0x46>
10003ed6:	4b10      	ldr	r3, [pc, #64]	@ (10003f18 <cdcd_open+0xa0>)
10003ed8:	7827      	ldrb	r7, [r4, #0]
10003eda:	9301      	str	r3, [sp, #4]
10003edc:	3301      	adds	r3, #1
10003ede:	9300      	str	r3, [sp, #0]
10003ee0:	0030      	movs	r0, r6
10003ee2:	2302      	movs	r3, #2
10003ee4:	19e1      	adds	r1, r4, r7
10003ee6:	3a02      	subs	r2, #2
10003ee8:	f7ff fc9e 	bl	10003828 <usbd_open_edpt_pair>
10003eec:	2800      	cmp	r0, #0
10003eee:	d0cc      	beq.n	10003e8a <cdcd_open+0x12>
10003ef0:	350e      	adds	r5, #14
10003ef2:	19ed      	adds	r5, r5, r7
10003ef4:	b2ad      	uxth	r5, r5
10003ef6:	e7e2      	b.n	10003ebe <cdcd_open+0x46>
10003ef8:	0021      	movs	r1, r4
10003efa:	0030      	movs	r0, r6
10003efc:	f7ff fce2 	bl	100038c4 <usbd_edpt_open>
10003f00:	2800      	cmp	r0, #0
10003f02:	d0c2      	beq.n	10003e8a <cdcd_open+0x12>
10003f04:	78a3      	ldrb	r3, [r4, #2]
10003f06:	707b      	strb	r3, [r7, #1]
10003f08:	7823      	ldrb	r3, [r4, #0]
10003f0a:	195d      	adds	r5, r3, r5
10003f0c:	18e4      	adds	r4, r4, r3
10003f0e:	7862      	ldrb	r2, [r4, #1]
10003f10:	b2ad      	uxth	r5, r5
10003f12:	e7db      	b.n	10003ecc <cdcd_open+0x54>
10003f14:	20001b90 	.word	0x20001b90
10003f18:	20001b92 	.word	0x20001b92

10003f1c <cdcd_control_xfer_cb>:
10003f1c:	b5f8      	push	{r3, r4, r5, r6, r7, lr}
10003f1e:	2360      	movs	r3, #96	@ 0x60
10003f20:	0014      	movs	r4, r2
10003f22:	7812      	ldrb	r2, [r2, #0]
10003f24:	0005      	movs	r5, r0
10003f26:	4013      	ands	r3, r2
10003f28:	2000      	movs	r0, #0
10003f2a:	2b20      	cmp	r3, #32
10003f2c:	d107      	bne.n	10003f3e <cdcd_control_xfer_cb+0x22>
10003f2e:	4a30      	ldr	r2, [pc, #192]	@ (10003ff0 <cdcd_control_xfer_cb+0xd4>)
10003f30:	7963      	ldrb	r3, [r4, #5]
10003f32:	7927      	ldrb	r7, [r4, #4]
10003f34:	7816      	ldrb	r6, [r2, #0]
10003f36:	021b      	lsls	r3, r3, #8
10003f38:	433b      	orrs	r3, r7
10003f3a:	429e      	cmp	r6, r3
10003f3c:	d000      	beq.n	10003f40 <cdcd_control_xfer_cb+0x24>
10003f3e:	bdf8      	pop	{r3, r4, r5, r6, r7, pc}
10003f40:	7863      	ldrb	r3, [r4, #1]
10003f42:	2b22      	cmp	r3, #34	@ 0x22
10003f44:	d01a      	beq.n	10003f7c <cdcd_control_xfer_cb+0x60>
10003f46:	d807      	bhi.n	10003f58 <cdcd_control_xfer_cb+0x3c>
10003f48:	2b20      	cmp	r3, #32
10003f4a:	d034      	beq.n	10003fb6 <cdcd_control_xfer_cb+0x9a>
10003f4c:	2b21      	cmp	r3, #33	@ 0x21
10003f4e:	d1f6      	bne.n	10003f3e <cdcd_control_xfer_cb+0x22>
10003f50:	2901      	cmp	r1, #1
10003f52:	d03e      	beq.n	10003fd2 <cdcd_control_xfer_cb+0xb6>
10003f54:	2001      	movs	r0, #1
10003f56:	e7f2      	b.n	10003f3e <cdcd_control_xfer_cb+0x22>
10003f58:	2b23      	cmp	r3, #35	@ 0x23
10003f5a:	d1f0      	bne.n	10003f3e <cdcd_control_xfer_cb+0x22>
10003f5c:	2901      	cmp	r1, #1
10003f5e:	d040      	beq.n	10003fe2 <cdcd_control_xfer_cb+0xc6>
10003f60:	2903      	cmp	r1, #3
10003f62:	d1f7      	bne.n	10003f54 <cdcd_control_xfer_cb+0x38>
10003f64:	4b23      	ldr	r3, [pc, #140]	@ (10003ff4 <cdcd_control_xfer_cb+0xd8>)
10003f66:	2b00      	cmp	r3, #0
10003f68:	d0f4      	beq.n	10003f54 <cdcd_control_xfer_cb+0x38>
10003f6a:	78e1      	ldrb	r1, [r4, #3]
10003f6c:	78a3      	ldrb	r3, [r4, #2]
10003f6e:	0209      	lsls	r1, r1, #8
10003f70:	2000      	movs	r0, #0
10003f72:	4319      	orrs	r1, r3
10003f74:	e000      	b.n	10003f78 <cdcd_control_xfer_cb+0x5c>
10003f76:	bf00      	nop
10003f78:	2001      	movs	r0, #1
10003f7a:	e7e0      	b.n	10003f3e <cdcd_control_xfer_cb+0x22>
10003f7c:	2901      	cmp	r1, #1
10003f7e:	d030      	beq.n	10003fe2 <cdcd_control_xfer_cb+0xc6>
10003f80:	2903      	cmp	r1, #3
10003f82:	d1e7      	bne.n	10003f54 <cdcd_control_xfer_cb+0x38>
10003f84:	2501      	movs	r5, #1
10003f86:	002e      	movs	r6, r5
10003f88:	78a3      	ldrb	r3, [r4, #2]
10003f8a:	78e4      	ldrb	r4, [r4, #3]
10003f8c:	3902      	subs	r1, #2
10003f8e:	0224      	lsls	r4, r4, #8
10003f90:	431c      	orrs	r4, r3
10003f92:	7114      	strb	r4, [r2, #4]
10003f94:	4026      	ands	r6, r4
10003f96:	3224      	adds	r2, #36	@ 0x24
10003f98:	0010      	movs	r0, r2
10003f9a:	4071      	eors	r1, r6
10003f9c:	f000 fe08 	bl	10004bb0 <tu_fifo_set_overwritable>
10003fa0:	4b15      	ldr	r3, [pc, #84]	@ (10003ff8 <cdcd_control_xfer_cb+0xdc>)
10003fa2:	2b00      	cmp	r3, #0
10003fa4:	d0d6      	beq.n	10003f54 <cdcd_control_xfer_cb+0x38>
10003fa6:	0862      	lsrs	r2, r4, #1
10003fa8:	2000      	movs	r0, #0
10003faa:	0031      	movs	r1, r6
10003fac:	402a      	ands	r2, r5
10003fae:	e000      	b.n	10003fb2 <cdcd_control_xfer_cb+0x96>
10003fb0:	bf00      	nop
10003fb2:	2001      	movs	r0, #1
10003fb4:	e7c3      	b.n	10003f3e <cdcd_control_xfer_cb+0x22>
10003fb6:	2901      	cmp	r1, #1
10003fb8:	d00b      	beq.n	10003fd2 <cdcd_control_xfer_cb+0xb6>
10003fba:	2903      	cmp	r1, #3
10003fbc:	d1ca      	bne.n	10003f54 <cdcd_control_xfer_cb+0x38>
10003fbe:	4b0f      	ldr	r3, [pc, #60]	@ (10003ffc <cdcd_control_xfer_cb+0xe0>)
10003fc0:	2b00      	cmp	r3, #0
10003fc2:	d0c7      	beq.n	10003f54 <cdcd_control_xfer_cb+0x38>
10003fc4:	3208      	adds	r2, #8
10003fc6:	2000      	movs	r0, #0
10003fc8:	0011      	movs	r1, r2
10003fca:	f7fe faad 	bl	10002528 <tud_cdc_line_coding_cb>
10003fce:	2001      	movs	r0, #1
10003fd0:	e7b5      	b.n	10003f3e <cdcd_control_xfer_cb+0x22>
10003fd2:	2307      	movs	r3, #7
10003fd4:	0021      	movs	r1, r4
10003fd6:	0028      	movs	r0, r5
10003fd8:	4a09      	ldr	r2, [pc, #36]	@ (10004000 <cdcd_control_xfer_cb+0xe4>)
10003fda:	f7ff fcf1 	bl	100039c0 <tud_control_xfer>
10003fde:	2001      	movs	r0, #1
10003fe0:	e7ad      	b.n	10003f3e <cdcd_control_xfer_cb+0x22>
10003fe2:	0021      	movs	r1, r4
10003fe4:	0028      	movs	r0, r5
10003fe6:	f7ff fcd5 	bl	10003994 <tud_control_status>
10003fea:	2001      	movs	r0, #1
10003fec:	e7a7      	b.n	10003f3e <cdcd_control_xfer_cb+0x22>
10003fee:	46c0      	nop			@ (mov r8, r8)
10003ff0:	20001b90 	.word	0x20001b90
	...
10003ffc:	10002529 	.word	0x10002529
10004000:	20001b98 	.word	0x20001b98

10004004 <cdcd_xfer_cb>:
10004004:	b5f0      	push	{r4, r5, r6, r7, lr}
10004006:	464f      	mov	r7, r9
10004008:	4646      	mov	r6, r8
1000400a:	46d6      	mov	lr, sl
1000400c:	b5c0      	push	{r6, r7, lr}
1000400e:	4d36      	ldr	r5, [pc, #216]	@ (100040e8 <cdcd_xfer_cb+0xe4>)
10004010:	4680      	mov	r8, r0
10004012:	78ea      	ldrb	r2, [r5, #3]
10004014:	000c      	movs	r4, r1
10004016:	001f      	movs	r7, r3
10004018:	428a      	cmp	r2, r1
1000401a:	d03c      	beq.n	10004096 <cdcd_xfer_cb+0x92>
1000401c:	78ab      	ldrb	r3, [r5, #2]
1000401e:	428b      	cmp	r3, r1
10004020:	d010      	beq.n	10004044 <cdcd_xfer_cb+0x40>
10004022:	2000      	movs	r0, #0
10004024:	bce0      	pop	{r5, r6, r7}
10004026:	46ba      	mov	sl, r7
10004028:	46b1      	mov	r9, r6
1000402a:	46a8      	mov	r8, r5
1000402c:	bdf0      	pop	{r4, r5, r6, r7, pc}
1000402e:	4b2f      	ldr	r3, [pc, #188]	@ (100040ec <cdcd_xfer_cb+0xe8>)
10004030:	2b00      	cmp	r3, #0
10004032:	d004      	beq.n	1000403e <cdcd_xfer_cb+0x3a>
10004034:	482e      	ldr	r0, [pc, #184]	@ (100040f0 <cdcd_xfer_cb+0xec>)
10004036:	f000 fbad 	bl	10004794 <tu_fifo_empty>
1000403a:	2800      	cmp	r0, #0
1000403c:	d051      	beq.n	100040e2 <cdcd_xfer_cb+0xde>
1000403e:	2000      	movs	r0, #0
10004040:	f7ff fda6 	bl	10003b90 <_prep_out_transaction.isra.0>
10004044:	78ab      	ldrb	r3, [r5, #2]
10004046:	42a3      	cmp	r3, r4
10004048:	d001      	beq.n	1000404e <cdcd_xfer_cb+0x4a>
1000404a:	2001      	movs	r0, #1
1000404c:	e7ea      	b.n	10004024 <cdcd_xfer_cb+0x20>
1000404e:	4b29      	ldr	r3, [pc, #164]	@ (100040f4 <cdcd_xfer_cb+0xf0>)
10004050:	2b00      	cmp	r3, #0
10004052:	d002      	beq.n	1000405a <cdcd_xfer_cb+0x56>
10004054:	2000      	movs	r0, #0
10004056:	e000      	b.n	1000405a <cdcd_xfer_cb+0x56>
10004058:	bf00      	nop
1000405a:	2000      	movs	r0, #0
1000405c:	f7ff fe32 	bl	10003cc4 <tud_cdc_n_write_flush>
10004060:	2800      	cmp	r0, #0
10004062:	d1f2      	bne.n	1000404a <cdcd_xfer_cb+0x46>
10004064:	4c24      	ldr	r4, [pc, #144]	@ (100040f8 <cdcd_xfer_cb+0xf4>)
10004066:	0020      	movs	r0, r4
10004068:	f000 fb7e 	bl	10004768 <tu_fifo_count>
1000406c:	2800      	cmp	r0, #0
1000406e:	d1ec      	bne.n	1000404a <cdcd_xfer_cb+0x46>
10004070:	2f00      	cmp	r7, #0
10004072:	d0ea      	beq.n	1000404a <cdcd_xfer_cb+0x46>
10004074:	06bf      	lsls	r7, r7, #26
10004076:	d1e8      	bne.n	1000404a <cdcd_xfer_cb+0x46>
10004078:	3c24      	subs	r4, #36	@ 0x24
1000407a:	4640      	mov	r0, r8
1000407c:	78a1      	ldrb	r1, [r4, #2]
1000407e:	f7ff fc3b 	bl	100038f8 <usbd_edpt_claim>
10004082:	2800      	cmp	r0, #0
10004084:	d0e1      	beq.n	1000404a <cdcd_xfer_cb+0x46>
10004086:	2300      	movs	r3, #0
10004088:	2200      	movs	r2, #0
1000408a:	4640      	mov	r0, r8
1000408c:	78a1      	ldrb	r1, [r4, #2]
1000408e:	f7ff fc5b 	bl	10003948 <usbd_edpt_xfer>
10004092:	2001      	movs	r0, #1
10004094:	e7c6      	b.n	10004024 <cdcd_xfer_cb+0x20>
10004096:	b29a      	uxth	r2, r3
10004098:	2310      	movs	r3, #16
1000409a:	469a      	mov	sl, r3
1000409c:	4e17      	ldr	r6, [pc, #92]	@ (100040fc <cdcd_xfer_cb+0xf8>)
1000409e:	44aa      	add	sl, r5
100040a0:	0031      	movs	r1, r6
100040a2:	4650      	mov	r0, sl
100040a4:	f000 fca8 	bl	100049f8 <tu_fifo_write_n>
100040a8:	4b15      	ldr	r3, [pc, #84]	@ (10004100 <cdcd_xfer_cb+0xfc>)
100040aa:	2b00      	cmp	r3, #0
100040ac:	d0bf      	beq.n	1000402e <cdcd_xfer_cb+0x2a>
100040ae:	796b      	ldrb	r3, [r5, #5]
100040b0:	2bff      	cmp	r3, #255	@ 0xff
100040b2:	d0bc      	beq.n	1000402e <cdcd_xfer_cb+0x2a>
100040b4:	2f00      	cmp	r7, #0
100040b6:	d0ba      	beq.n	1000402e <cdcd_xfer_cb+0x2a>
100040b8:	19f2      	adds	r2, r6, r7
100040ba:	4691      	mov	r9, r2
100040bc:	e003      	b.n	100040c6 <cdcd_xfer_cb+0xc2>
100040be:	3601      	adds	r6, #1
100040c0:	454e      	cmp	r6, r9
100040c2:	d0b4      	beq.n	1000402e <cdcd_xfer_cb+0x2a>
100040c4:	796b      	ldrb	r3, [r5, #5]
100040c6:	7832      	ldrb	r2, [r6, #0]
100040c8:	429a      	cmp	r2, r3
100040ca:	d1f8      	bne.n	100040be <cdcd_xfer_cb+0xba>
100040cc:	4650      	mov	r0, sl
100040ce:	f000 fb61 	bl	10004794 <tu_fifo_empty>
100040d2:	2800      	cmp	r0, #0
100040d4:	d1f3      	bne.n	100040be <cdcd_xfer_cb+0xba>
100040d6:	4653      	mov	r3, sl
100040d8:	3b10      	subs	r3, #16
100040da:	7959      	ldrb	r1, [r3, #5]
100040dc:	e000      	b.n	100040e0 <cdcd_xfer_cb+0xdc>
100040de:	bf00      	nop
100040e0:	e7ed      	b.n	100040be <cdcd_xfer_cb+0xba>
100040e2:	e000      	b.n	100040e6 <cdcd_xfer_cb+0xe2>
100040e4:	bf00      	nop
100040e6:	e7aa      	b.n	1000403e <cdcd_xfer_cb+0x3a>
100040e8:	20001b90 	.word	0x20001b90
100040ec:	00000000 	.word	0x00000000
100040f0:	20001ba0 	.word	0x20001ba0
100040f4:	00000000 	.word	0x00000000
100040f8:	20001bb4 	.word	0x20001bb4
100040fc:	20001b0c 	.word	0x20001b0c
10004100:	00000000 	.word	0x00000000

10004104 <vendord_init>:
10004104:	2293      	movs	r2, #147	@ 0x93
10004106:	b5f0      	push	{r4, r5, r6, r7, lr}
10004108:	4c13      	ldr	r4, [pc, #76]	@ (10004158 <vendord_init+0x54>)
1000410a:	b085      	sub	sp, #20
1000410c:	2100      	movs	r1, #0
1000410e:	0020      	movs	r0, r4
10004110:	0092      	lsls	r2, r2, #2
10004112:	f7fd ff6b 	bl	10001fec <__wrap_memset>
10004116:	0023      	movs	r3, r4
10004118:	0020      	movs	r0, r4
1000411a:	2680      	movs	r6, #128	@ 0x80
1000411c:	2740      	movs	r7, #64	@ 0x40
1000411e:	4d0f      	ldr	r5, [pc, #60]	@ (1000415c <vendord_init+0x58>)
10004120:	334d      	adds	r3, #77	@ 0x4d
10004122:	0076      	lsls	r6, r6, #1
10004124:	33ff      	adds	r3, #255	@ 0xff
10004126:	3029      	adds	r0, #41	@ 0x29
10004128:	9502      	str	r5, [sp, #8]
1000412a:	9300      	str	r3, [sp, #0]
1000412c:	2200      	movs	r2, #0
1000412e:	2300      	movs	r3, #0
10004130:	2100      	movs	r1, #0
10004132:	9703      	str	r7, [sp, #12]
10004134:	9601      	str	r6, [sp, #4]
10004136:	30ff      	adds	r0, #255	@ 0xff
10004138:	f000 f9d4 	bl	100044e4 <tu_edpt_stream_init>
1000413c:	3540      	adds	r5, #64	@ 0x40
1000413e:	1d20      	adds	r0, r4, #4
10004140:	3428      	adds	r4, #40	@ 0x28
10004142:	2300      	movs	r3, #0
10004144:	2201      	movs	r2, #1
10004146:	2100      	movs	r1, #0
10004148:	9703      	str	r7, [sp, #12]
1000414a:	9502      	str	r5, [sp, #8]
1000414c:	9601      	str	r6, [sp, #4]
1000414e:	9400      	str	r4, [sp, #0]
10004150:	f000 f9c8 	bl	100044e4 <tu_edpt_stream_init>
10004154:	b005      	add	sp, #20
10004156:	bdf0      	pop	{r4, r5, r6, r7, pc}
10004158:	20001e54 	.word	0x20001e54
1000415c:	20001dd4 	.word	0x20001dd4

10004160 <vendord_deinit>:
10004160:	b510      	push	{r4, lr}
10004162:	4c05      	ldr	r4, [pc, #20]	@ (10004178 <vendord_deinit+0x18>)
10004164:	0020      	movs	r0, r4
10004166:	f000 f9f3 	bl	10004550 <tu_edpt_stream_deinit>
1000416a:	0020      	movs	r0, r4
1000416c:	3825      	subs	r0, #37	@ 0x25
1000416e:	38ff      	subs	r0, #255	@ 0xff
10004170:	f000 f9ee 	bl	10004550 <tu_edpt_stream_deinit>
10004174:	2001      	movs	r0, #1
10004176:	bd10      	pop	{r4, pc}
10004178:	20001f7c 	.word	0x20001f7c

1000417c <vendord_reset>:
1000417c:	b570      	push	{r4, r5, r6, lr}
1000417e:	4c08      	ldr	r4, [pc, #32]	@ (100041a0 <vendord_reset+0x24>)
10004180:	2500      	movs	r5, #0
10004182:	0020      	movs	r0, r4
10004184:	3031      	adds	r0, #49	@ 0x31
10004186:	30ff      	adds	r0, #255	@ 0xff
10004188:	7025      	strb	r5, [r4, #0]
1000418a:	f000 fcf1 	bl	10004b70 <tu_fifo_clear>
1000418e:	0020      	movs	r0, r4
10004190:	300c      	adds	r0, #12
10004192:	f000 fced 	bl	10004b70 <tu_fifo_clear>
10004196:	232a      	movs	r3, #42	@ 0x2a
10004198:	33ff      	adds	r3, #255	@ 0xff
1000419a:	54e5      	strb	r5, [r4, r3]
1000419c:	7165      	strb	r5, [r4, #5]
1000419e:	bd70      	pop	{r4, r5, r6, pc}
100041a0:	20001e54 	.word	0x20001e54

100041a4 <vendord_open>:
100041a4:	b5f8      	push	{r3, r4, r5, r6, r7, lr}
100041a6:	4657      	mov	r7, sl
100041a8:	4645      	mov	r5, r8
100041aa:	46de      	mov	lr, fp
100041ac:	464e      	mov	r6, r9
100041ae:	b5e0      	push	{r5, r6, r7, lr}
100041b0:	794b      	ldrb	r3, [r1, #5]
100041b2:	4680      	mov	r8, r0
100041b4:	000f      	movs	r7, r1
100041b6:	2bff      	cmp	r3, #255	@ 0xff
100041b8:	d15b      	bne.n	10004272 <vendord_open+0xce>
100041ba:	4b40      	ldr	r3, [pc, #256]	@ (100042bc <vendord_open+0x118>)
100041bc:	4699      	mov	r9, r3
100041be:	232a      	movs	r3, #42	@ 0x2a
100041c0:	4649      	mov	r1, r9
100041c2:	33ff      	adds	r3, #255	@ 0xff
100041c4:	5ccb      	ldrb	r3, [r1, r3]
100041c6:	2b00      	cmp	r3, #0
100041c8:	d153      	bne.n	10004272 <vendord_open+0xce>
100041ca:	794e      	ldrb	r6, [r1, #5]
100041cc:	2e00      	cmp	r6, #0
100041ce:	d150      	bne.n	10004272 <vendord_open+0xce>
100041d0:	78bb      	ldrb	r3, [r7, #2]
100041d2:	783c      	ldrb	r4, [r7, #0]
100041d4:	700b      	strb	r3, [r1, #0]
100041d6:	793b      	ldrb	r3, [r7, #4]
100041d8:	193c      	adds	r4, r7, r4
100041da:	2b00      	cmp	r3, #0
100041dc:	d046      	beq.n	1000426c <vendord_open+0xc8>
100041de:	2398      	movs	r3, #152	@ 0x98
100041e0:	005b      	lsls	r3, r3, #1
100041e2:	444b      	add	r3, r9
100041e4:	469a      	mov	sl, r3
100041e6:	230c      	movs	r3, #12
100041e8:	444b      	add	r3, r9
100041ea:	469b      	mov	fp, r3
100041ec:	18a5      	adds	r5, r4, r2
100041ee:	e003      	b.n	100041f8 <vendord_open+0x54>
100041f0:	42ac      	cmp	r4, r5
100041f2:	d23b      	bcs.n	1000426c <vendord_open+0xc8>
100041f4:	7823      	ldrb	r3, [r4, #0]
100041f6:	18e4      	adds	r4, r4, r3
100041f8:	7863      	ldrb	r3, [r4, #1]
100041fa:	2b05      	cmp	r3, #5
100041fc:	d1f8      	bne.n	100041f0 <vendord_open+0x4c>
100041fe:	42ac      	cmp	r4, r5
10004200:	d234      	bcs.n	1000426c <vendord_open+0xc8>
10004202:	0021      	movs	r1, r4
10004204:	4640      	mov	r0, r8
10004206:	f7ff fb5d 	bl	100038c4 <usbd_edpt_open>
1000420a:	2800      	cmp	r0, #0
1000420c:	d031      	beq.n	10004272 <vendord_open+0xce>
1000420e:	78a3      	ldrb	r3, [r4, #2]
10004210:	3601      	adds	r6, #1
10004212:	b2f6      	uxtb	r6, r6
10004214:	09db      	lsrs	r3, r3, #7
10004216:	2b01      	cmp	r3, #1
10004218:	d032      	beq.n	10004280 <vendord_open+0xdc>
1000421a:	4650      	mov	r0, sl
1000421c:	f000 fca8 	bl	10004b70 <tu_fifo_clear>
10004220:	232a      	movs	r3, #42	@ 0x2a
10004222:	4649      	mov	r1, r9
10004224:	78a2      	ldrb	r2, [r4, #2]
10004226:	33ff      	adds	r3, #255	@ 0xff
10004228:	54ca      	strb	r2, [r1, r3]
1000422a:	7963      	ldrb	r3, [r4, #5]
1000422c:	7922      	ldrb	r2, [r4, #4]
1000422e:	021b      	lsls	r3, r3, #8
10004230:	4313      	orrs	r3, r2
10004232:	4a23      	ldr	r2, [pc, #140]	@ (100042c0 <vendord_open+0x11c>)
10004234:	055b      	lsls	r3, r3, #21
10004236:	4694      	mov	ip, r2
10004238:	0d5b      	lsrs	r3, r3, #21
1000423a:	2194      	movs	r1, #148	@ 0x94
1000423c:	4463      	add	r3, ip
1000423e:	425a      	negs	r2, r3
10004240:	4153      	adcs	r3, r2
10004242:	464a      	mov	r2, r9
10004244:	2002      	movs	r0, #2
10004246:	0049      	lsls	r1, r1, #1
10004248:	5c52      	ldrb	r2, [r2, r1]
1000424a:	005b      	lsls	r3, r3, #1
1000424c:	4382      	bics	r2, r0
1000424e:	4313      	orrs	r3, r2
10004250:	464a      	mov	r2, r9
10004252:	5453      	strb	r3, [r2, r1]
10004254:	4651      	mov	r1, sl
10004256:	4640      	mov	r0, r8
10004258:	3908      	subs	r1, #8
1000425a:	f000 f9e3 	bl	10004624 <tu_edpt_stream_read_xfer>
1000425e:	2800      	cmp	r0, #0
10004260:	d007      	beq.n	10004272 <vendord_open+0xce>
10004262:	7823      	ldrb	r3, [r4, #0]
10004264:	18e4      	adds	r4, r4, r3
10004266:	793b      	ldrb	r3, [r7, #4]
10004268:	42b3      	cmp	r3, r6
1000426a:	d8c5      	bhi.n	100041f8 <vendord_open+0x54>
1000426c:	1be0      	subs	r0, r4, r7
1000426e:	b280      	uxth	r0, r0
10004270:	e000      	b.n	10004274 <vendord_open+0xd0>
10004272:	2000      	movs	r0, #0
10004274:	bcf0      	pop	{r4, r5, r6, r7}
10004276:	46bb      	mov	fp, r7
10004278:	46b2      	mov	sl, r6
1000427a:	46a9      	mov	r9, r5
1000427c:	46a0      	mov	r8, r4
1000427e:	bdf8      	pop	{r3, r4, r5, r6, r7, pc}
10004280:	4658      	mov	r0, fp
10004282:	f000 fc75 	bl	10004b70 <tu_fifo_clear>
10004286:	465a      	mov	r2, fp
10004288:	78a3      	ldrb	r3, [r4, #2]
1000428a:	3a0c      	subs	r2, #12
1000428c:	7153      	strb	r3, [r2, #5]
1000428e:	7963      	ldrb	r3, [r4, #5]
10004290:	7921      	ldrb	r1, [r4, #4]
10004292:	021b      	lsls	r3, r3, #8
10004294:	430b      	orrs	r3, r1
10004296:	490a      	ldr	r1, [pc, #40]	@ (100042c0 <vendord_open+0x11c>)
10004298:	055b      	lsls	r3, r3, #21
1000429a:	468c      	mov	ip, r1
1000429c:	0d5b      	lsrs	r3, r3, #21
1000429e:	4463      	add	r3, ip
100042a0:	4259      	negs	r1, r3
100042a2:	414b      	adcs	r3, r1
100042a4:	2002      	movs	r0, #2
100042a6:	7911      	ldrb	r1, [r2, #4]
100042a8:	005b      	lsls	r3, r3, #1
100042aa:	4381      	bics	r1, r0
100042ac:	430b      	orrs	r3, r1
100042ae:	4659      	mov	r1, fp
100042b0:	2000      	movs	r0, #0
100042b2:	3908      	subs	r1, #8
100042b4:	7113      	strb	r3, [r2, #4]
100042b6:	f000 f981 	bl	100045bc <tu_edpt_stream_write_xfer>
100042ba:	e7d2      	b.n	10004262 <vendord_open+0xbe>
100042bc:	20001e54 	.word	0x20001e54
100042c0:	fffffe00 	.word	0xfffffe00

100042c4 <vendord_xfer_cb>:
100042c4:	b5f8      	push	{r3, r4, r5, r6, r7, lr}
100042c6:	252a      	movs	r5, #42	@ 0x2a
100042c8:	0006      	movs	r6, r0
100042ca:	481f      	ldr	r0, [pc, #124]	@ (10004348 <vendord_xfer_cb+0x84>)
100042cc:	35ff      	adds	r5, #255	@ 0xff
100042ce:	5d45      	ldrb	r5, [r0, r5]
100042d0:	001f      	movs	r7, r3
100042d2:	428d      	cmp	r5, r1
100042d4:	d015      	beq.n	10004302 <vendord_xfer_cb+0x3e>
100042d6:	7943      	ldrb	r3, [r0, #5]
100042d8:	428b      	cmp	r3, r1
100042da:	d001      	beq.n	100042e0 <vendord_xfer_cb+0x1c>
100042dc:	2000      	movs	r0, #0
100042de:	bdf8      	pop	{r3, r4, r5, r6, r7, pc}
100042e0:	4b1a      	ldr	r3, [pc, #104]	@ (1000434c <vendord_xfer_cb+0x88>)
100042e2:	2b00      	cmp	r3, #0
100042e4:	d004      	beq.n	100042f0 <vendord_xfer_cb+0x2c>
100042e6:	0439      	lsls	r1, r7, #16
100042e8:	2000      	movs	r0, #0
100042ea:	0c09      	lsrs	r1, r1, #16
100042ec:	e000      	b.n	100042f0 <vendord_xfer_cb+0x2c>
100042ee:	bf00      	nop
100042f0:	4c17      	ldr	r4, [pc, #92]	@ (10004350 <vendord_xfer_cb+0x8c>)
100042f2:	0030      	movs	r0, r6
100042f4:	0021      	movs	r1, r4
100042f6:	f000 f961 	bl	100045bc <tu_edpt_stream_write_xfer>
100042fa:	2800      	cmp	r0, #0
100042fc:	d01d      	beq.n	1000433a <vendord_xfer_cb+0x76>
100042fe:	2001      	movs	r0, #1
10004300:	e7ed      	b.n	100042de <vendord_xfer_cb+0x1a>
10004302:	239a      	movs	r3, #154	@ 0x9a
10004304:	005b      	lsls	r3, r3, #1
10004306:	5ac3      	ldrh	r3, [r0, r3]
10004308:	2b00      	cmp	r3, #0
1000430a:	d10d      	bne.n	10004328 <vendord_xfer_cb+0x64>
1000430c:	4b11      	ldr	r3, [pc, #68]	@ (10004354 <vendord_xfer_cb+0x90>)
1000430e:	2b00      	cmp	r3, #0
10004310:	d004      	beq.n	1000431c <vendord_xfer_cb+0x58>
10004312:	2000      	movs	r0, #0
10004314:	4910      	ldr	r1, [pc, #64]	@ (10004358 <vendord_xfer_cb+0x94>)
10004316:	b2ba      	uxth	r2, r7
10004318:	e000      	b.n	1000431c <vendord_xfer_cb+0x58>
1000431a:	bf00      	nop
1000431c:	0030      	movs	r0, r6
1000431e:	490f      	ldr	r1, [pc, #60]	@ (1000435c <vendord_xfer_cb+0x98>)
10004320:	f000 f980 	bl	10004624 <tu_edpt_stream_read_xfer>
10004324:	2001      	movs	r0, #1
10004326:	e7da      	b.n	100042de <vendord_xfer_cb+0x1a>
10004328:	2396      	movs	r3, #150	@ 0x96
1000432a:	005b      	lsls	r3, r3, #1
1000432c:	58c1      	ldr	r1, [r0, r3]
1000432e:	3031      	adds	r0, #49	@ 0x31
10004330:	b2ba      	uxth	r2, r7
10004332:	30ff      	adds	r0, #255	@ 0xff
10004334:	f000 fb60 	bl	100049f8 <tu_fifo_write_n>
10004338:	e7e8      	b.n	1000430c <vendord_xfer_cb+0x48>
1000433a:	003a      	movs	r2, r7
1000433c:	0021      	movs	r1, r4
1000433e:	0030      	movs	r0, r6
10004340:	f000 f908 	bl	10004554 <tu_edpt_stream_write_zlp_if_needed>
10004344:	2001      	movs	r0, #1
10004346:	e7ca      	b.n	100042de <vendord_xfer_cb+0x1a>
10004348:	20001e54 	.word	0x20001e54
1000434c:	00000000 	.word	0x00000000
10004350:	20001e58 	.word	0x20001e58
10004354:	00000000 	.word	0x00000000
10004358:	20001dd4 	.word	0x20001dd4
1000435c:	20001f7c 	.word	0x20001f7c

10004360 <tusb_rhport_init>:
10004360:	b500      	push	{lr}
10004362:	0003      	movs	r3, r0
10004364:	b083      	sub	sp, #12
10004366:	2900      	cmp	r1, #0
10004368:	d010      	beq.n	1000438c <tusb_rhport_init+0x2c>
1000436a:	2000      	movs	r0, #0
1000436c:	2b01      	cmp	r3, #1
1000436e:	d807      	bhi.n	10004380 <tusb_rhport_init+0x20>
10004370:	780a      	ldrb	r2, [r1, #0]
10004372:	2a00      	cmp	r2, #0
10004374:	d004      	beq.n	10004380 <tusb_rhport_init+0x20>
10004376:	480c      	ldr	r0, [pc, #48]	@ (100043a8 <tusb_rhport_init+0x48>)
10004378:	54c2      	strb	r2, [r0, r3]
1000437a:	2001      	movs	r0, #1
1000437c:	2a01      	cmp	r2, #1
1000437e:	d001      	beq.n	10004384 <tusb_rhport_init+0x24>
10004380:	b003      	add	sp, #12
10004382:	bd00      	pop	{pc}
10004384:	0018      	movs	r0, r3
10004386:	f7fe fdd5 	bl	10002f34 <tud_rhport_init>
1000438a:	e7f9      	b.n	10004380 <tusb_rhport_init+0x20>
1000438c:	2301      	movs	r3, #1
1000438e:	466a      	mov	r2, sp
10004390:	2000      	movs	r0, #0
10004392:	a901      	add	r1, sp, #4
10004394:	8093      	strh	r3, [r2, #4]
10004396:	f7fe fdcd 	bl	10002f34 <tud_rhport_init>
1000439a:	2800      	cmp	r0, #0
1000439c:	d0f0      	beq.n	10004380 <tusb_rhport_init+0x20>
1000439e:	2201      	movs	r2, #1
100043a0:	4b01      	ldr	r3, [pc, #4]	@ (100043a8 <tusb_rhport_init+0x48>)
100043a2:	701a      	strb	r2, [r3, #0]
100043a4:	e7ec      	b.n	10004380 <tusb_rhport_init+0x20>
100043a6:	46c0      	nop			@ (mov r8, r8)
100043a8:	20001cac 	.word	0x20001cac

100043ac <tu_edpt_claim>:
100043ac:	7803      	ldrb	r3, [r0, #0]
100043ae:	b570      	push	{r4, r5, r6, lr}
100043b0:	07db      	lsls	r3, r3, #31
100043b2:	0004      	movs	r4, r0
100043b4:	000e      	movs	r6, r1
100043b6:	0fdd      	lsrs	r5, r3, #31
100043b8:	2b00      	cmp	r3, #0
100043ba:	d117      	bne.n	100043ec <tu_edpt_claim+0x40>
100043bc:	7803      	ldrb	r3, [r0, #0]
100043be:	075b      	lsls	r3, r3, #29
100043c0:	d501      	bpl.n	100043c6 <tu_edpt_claim+0x1a>
100043c2:	0028      	movs	r0, r5
100043c4:	bd70      	pop	{r4, r5, r6, pc}
100043c6:	2101      	movs	r1, #1
100043c8:	0030      	movs	r0, r6
100043ca:	4249      	negs	r1, r1
100043cc:	f001 f920 	bl	10005610 <__mutex_enter_timeout_ms_veneer>
100043d0:	7823      	ldrb	r3, [r4, #0]
100043d2:	07db      	lsls	r3, r3, #31
100043d4:	0fdd      	lsrs	r5, r3, #31
100043d6:	2b00      	cmp	r3, #0
100043d8:	d10a      	bne.n	100043f0 <tu_edpt_claim+0x44>
100043da:	7823      	ldrb	r3, [r4, #0]
100043dc:	075b      	lsls	r3, r3, #29
100043de:	d408      	bmi.n	100043f2 <tu_edpt_claim+0x46>
100043e0:	2204      	movs	r2, #4
100043e2:	7823      	ldrb	r3, [r4, #0]
100043e4:	2501      	movs	r5, #1
100043e6:	4313      	orrs	r3, r2
100043e8:	7023      	strb	r3, [r4, #0]
100043ea:	e002      	b.n	100043f2 <tu_edpt_claim+0x46>
100043ec:	2500      	movs	r5, #0
100043ee:	e7e8      	b.n	100043c2 <tu_edpt_claim+0x16>
100043f0:	2500      	movs	r5, #0
100043f2:	0030      	movs	r0, r6
100043f4:	f001 f8e4 	bl	100055c0 <__mutex_exit_veneer>
100043f8:	e7e3      	b.n	100043c2 <tu_edpt_claim+0x16>
100043fa:	46c0      	nop			@ (mov r8, r8)

100043fc <tu_edpt_release>:
100043fc:	b570      	push	{r4, r5, r6, lr}
100043fe:	000c      	movs	r4, r1
10004400:	2101      	movs	r1, #1
10004402:	0006      	movs	r6, r0
10004404:	4249      	negs	r1, r1
10004406:	0020      	movs	r0, r4
10004408:	f001 f902 	bl	10005610 <__mutex_enter_timeout_ms_veneer>
1000440c:	7833      	ldrb	r3, [r6, #0]
1000440e:	075b      	lsls	r3, r3, #29
10004410:	0fdd      	lsrs	r5, r3, #31
10004412:	2b00      	cmp	r3, #0
10004414:	db04      	blt.n	10004420 <tu_edpt_release+0x24>
10004416:	0020      	movs	r0, r4
10004418:	f001 f8d2 	bl	100055c0 <__mutex_exit_veneer>
1000441c:	0028      	movs	r0, r5
1000441e:	bd70      	pop	{r4, r5, r6, pc}
10004420:	7833      	ldrb	r3, [r6, #0]
10004422:	07db      	lsls	r3, r3, #31
10004424:	d404      	bmi.n	10004430 <tu_edpt_release+0x34>
10004426:	2204      	movs	r2, #4
10004428:	7833      	ldrb	r3, [r6, #0]
1000442a:	4393      	bics	r3, r2
1000442c:	7033      	strb	r3, [r6, #0]
1000442e:	e7f2      	b.n	10004416 <tu_edpt_release+0x1a>
10004430:	2500      	movs	r5, #0
10004432:	e7f0      	b.n	10004416 <tu_edpt_release+0x1a>

10004434 <tu_edpt_validate>:
10004434:	7943      	ldrb	r3, [r0, #5]
10004436:	7902      	ldrb	r2, [r0, #4]
10004438:	021b      	lsls	r3, r3, #8
1000443a:	4313      	orrs	r3, r2
1000443c:	78c2      	ldrb	r2, [r0, #3]
1000443e:	055b      	lsls	r3, r3, #21
10004440:	0792      	lsls	r2, r2, #30
10004442:	0d5b      	lsrs	r3, r3, #21
10004444:	0f92      	lsrs	r2, r2, #30
10004446:	2a02      	cmp	r2, #2
10004448:	d01d      	beq.n	10004486 <tu_edpt_validate+0x52>
1000444a:	2a03      	cmp	r2, #3
1000444c:	d00c      	beq.n	10004468 <tu_edpt_validate+0x34>
1000444e:	2000      	movs	r0, #0
10004450:	2a01      	cmp	r2, #1
10004452:	d108      	bne.n	10004466 <tu_edpt_validate+0x32>
10004454:	3902      	subs	r1, #2
10004456:	424a      	negs	r2, r1
10004458:	4151      	adcs	r1, r2
1000445a:	4a12      	ldr	r2, [pc, #72]	@ (100044a4 <tu_edpt_validate+0x70>)
1000445c:	4694      	mov	ip, r2
1000445e:	4461      	add	r1, ip
10004460:	4299      	cmp	r1, r3
10004462:	4140      	adcs	r0, r0
10004464:	b2c0      	uxtb	r0, r0
10004466:	4770      	bx	lr
10004468:	3902      	subs	r1, #2
1000446a:	1e4a      	subs	r2, r1, #1
1000446c:	4191      	sbcs	r1, r2
1000446e:	4a0e      	ldr	r2, [pc, #56]	@ (100044a8 <tu_edpt_validate+0x74>)
10004470:	4249      	negs	r1, r1
10004472:	4011      	ands	r1, r2
10004474:	2280      	movs	r2, #128	@ 0x80
10004476:	00d2      	lsls	r2, r2, #3
10004478:	4694      	mov	ip, r2
1000447a:	2000      	movs	r0, #0
1000447c:	4461      	add	r1, ip
1000447e:	4299      	cmp	r1, r3
10004480:	4140      	adcs	r0, r0
10004482:	b2c0      	uxtb	r0, r0
10004484:	e7ef      	b.n	10004466 <tu_edpt_validate+0x32>
10004486:	2902      	cmp	r1, #2
10004488:	d005      	beq.n	10004496 <tu_edpt_validate+0x62>
1000448a:	2000      	movs	r0, #0
1000448c:	2240      	movs	r2, #64	@ 0x40
1000448e:	429a      	cmp	r2, r3
10004490:	4140      	adcs	r0, r0
10004492:	b2c0      	uxtb	r0, r0
10004494:	e7e7      	b.n	10004466 <tu_edpt_validate+0x32>
10004496:	4a05      	ldr	r2, [pc, #20]	@ (100044ac <tu_edpt_validate+0x78>)
10004498:	1898      	adds	r0, r3, r2
1000449a:	4243      	negs	r3, r0
1000449c:	4158      	adcs	r0, r3
1000449e:	b2c0      	uxtb	r0, r0
100044a0:	e7e1      	b.n	10004466 <tu_edpt_validate+0x32>
100044a2:	46c0      	nop			@ (mov r8, r8)
100044a4:	000003ff 	.word	0x000003ff
100044a8:	fffffc40 	.word	0xfffffc40
100044ac:	fffffe00 	.word	0xfffffe00

100044b0 <tu_edpt_bind_driver>:
100044b0:	188a      	adds	r2, r1, r2
100044b2:	b570      	push	{r4, r5, r6, lr}
100044b4:	4291      	cmp	r1, r2
100044b6:	d207      	bcs.n	100044c8 <tu_edpt_bind_driver+0x18>
100044b8:	267f      	movs	r6, #127	@ 0x7f
100044ba:	784c      	ldrb	r4, [r1, #1]
100044bc:	2c05      	cmp	r4, #5
100044be:	d004      	beq.n	100044ca <tu_edpt_bind_driver+0x1a>
100044c0:	780c      	ldrb	r4, [r1, #0]
100044c2:	1909      	adds	r1, r1, r4
100044c4:	428a      	cmp	r2, r1
100044c6:	d8f8      	bhi.n	100044ba <tu_edpt_bind_driver+0xa>
100044c8:	bd70      	pop	{r4, r5, r6, pc}
100044ca:	0034      	movs	r4, r6
100044cc:	788d      	ldrb	r5, [r1, #2]
100044ce:	402c      	ands	r4, r5
100044d0:	0064      	lsls	r4, r4, #1
100044d2:	1904      	adds	r4, r0, r4
100044d4:	09ed      	lsrs	r5, r5, #7
100044d6:	5563      	strb	r3, [r4, r5]
100044d8:	780c      	ldrb	r4, [r1, #0]
100044da:	1909      	adds	r1, r1, r4
100044dc:	428a      	cmp	r2, r1
100044de:	d8ec      	bhi.n	100044ba <tu_edpt_bind_driver+0xa>
100044e0:	e7f2      	b.n	100044c8 <tu_edpt_bind_driver+0x18>
100044e2:	46c0      	nop			@ (mov r8, r8)

100044e4 <tu_edpt_stream_init>:
100044e4:	b5f0      	push	{r4, r5, r6, r7, lr}
100044e6:	46c6      	mov	lr, r8
100044e8:	b500      	push	{lr}
100044ea:	b082      	sub	sp, #8
100044ec:	0015      	movs	r5, r2
100044ee:	aa08      	add	r2, sp, #32
100044f0:	ca40      	ldmia	r2!, {r6}
100044f2:	0004      	movs	r4, r0
100044f4:	8817      	ldrh	r7, [r2, #0]
100044f6:	466a      	mov	r2, sp
100044f8:	8d92      	ldrh	r2, [r2, #44]	@ 0x2c
100044fa:	2001      	movs	r0, #1
100044fc:	4690      	mov	r8, r2
100044fe:	000a      	movs	r2, r1
10004500:	7821      	ldrb	r1, [r4, #0]
10004502:	4002      	ands	r2, r0
10004504:	4381      	bics	r1, r0
10004506:	0020      	movs	r0, r4
10004508:	4311      	orrs	r1, r2
1000450a:	7021      	strb	r1, [r4, #0]
1000450c:	003a      	movs	r2, r7
1000450e:	9300      	str	r3, [sp, #0]
10004510:	0031      	movs	r1, r6
10004512:	2301      	movs	r3, #1
10004514:	3008      	adds	r0, #8
10004516:	f000 f8f1 	bl	100046fc <tu_fifo_config>
1000451a:	2e00      	cmp	r6, #0
1000451c:	d001      	beq.n	10004522 <tu_edpt_stream_init+0x3e>
1000451e:	2f00      	cmp	r7, #0
10004520:	d108      	bne.n	10004534 <tu_edpt_stream_init+0x50>
10004522:	9b0a      	ldr	r3, [sp, #40]	@ 0x28
10004524:	2001      	movs	r0, #1
10004526:	6063      	str	r3, [r4, #4]
10004528:	4643      	mov	r3, r8
1000452a:	8063      	strh	r3, [r4, #2]
1000452c:	b002      	add	sp, #8
1000452e:	bc80      	pop	{r7}
10004530:	46b8      	mov	r8, r7
10004532:	bdf0      	pop	{r4, r5, r6, r7, pc}
10004534:	0026      	movs	r6, r4
10004536:	361c      	adds	r6, #28
10004538:	0030      	movs	r0, r6
1000453a:	f7fc fa9d 	bl	10000a78 <mutex_init>
1000453e:	2300      	movs	r3, #0
10004540:	2d00      	cmp	r5, #0
10004542:	d001      	beq.n	10004548 <tu_edpt_stream_init+0x64>
10004544:	0033      	movs	r3, r6
10004546:	2600      	movs	r6, #0
10004548:	6163      	str	r3, [r4, #20]
1000454a:	61a6      	str	r6, [r4, #24]
1000454c:	e7e9      	b.n	10004522 <tu_edpt_stream_init+0x3e>
1000454e:	46c0      	nop			@ (mov r8, r8)

10004550 <tu_edpt_stream_deinit>:
10004550:	2001      	movs	r0, #1
10004552:	4770      	bx	lr

10004554 <tu_edpt_stream_write_zlp_if_needed>:
10004554:	b5f8      	push	{r3, r4, r5, r6, r7, lr}
10004556:	2402      	movs	r4, #2
10004558:	780b      	ldrb	r3, [r1, #0]
1000455a:	0007      	movs	r7, r0
1000455c:	401c      	ands	r4, r3
1000455e:	4263      	negs	r3, r4
10004560:	415c      	adcs	r4, r3
10004562:	4b14      	ldr	r3, [pc, #80]	@ (100045b4 <tu_edpt_stream_write_zlp_if_needed+0x60>)
10004564:	4264      	negs	r4, r4
10004566:	401c      	ands	r4, r3
10004568:	4b13      	ldr	r3, [pc, #76]	@ (100045b8 <tu_edpt_stream_write_zlp_if_needed+0x64>)
1000456a:	0008      	movs	r0, r1
1000456c:	469c      	mov	ip, r3
1000456e:	3008      	adds	r0, #8
10004570:	000d      	movs	r5, r1
10004572:	0016      	movs	r6, r2
10004574:	4464      	add	r4, ip
10004576:	f000 f8f7 	bl	10004768 <tu_fifo_count>
1000457a:	2800      	cmp	r0, #0
1000457c:	d107      	bne.n	1000458e <tu_edpt_stream_write_zlp_if_needed+0x3a>
1000457e:	2e00      	cmp	r6, #0
10004580:	d005      	beq.n	1000458e <tu_edpt_stream_write_zlp_if_needed+0x3a>
10004582:	4234      	tst	r4, r6
10004584:	d103      	bne.n	1000458e <tu_edpt_stream_write_zlp_if_needed+0x3a>
10004586:	2401      	movs	r4, #1
10004588:	782b      	ldrb	r3, [r5, #0]
1000458a:	421c      	tst	r4, r3
1000458c:	d001      	beq.n	10004592 <tu_edpt_stream_write_zlp_if_needed+0x3e>
1000458e:	2000      	movs	r0, #0
10004590:	bdf8      	pop	{r3, r4, r5, r6, r7, pc}
10004592:	0038      	movs	r0, r7
10004594:	7869      	ldrb	r1, [r5, #1]
10004596:	f7ff f9af 	bl	100038f8 <usbd_edpt_claim>
1000459a:	2800      	cmp	r0, #0
1000459c:	d0f7      	beq.n	1000458e <tu_edpt_stream_write_zlp_if_needed+0x3a>
1000459e:	782b      	ldrb	r3, [r5, #0]
100045a0:	421c      	tst	r4, r3
100045a2:	d1f4      	bne.n	1000458e <tu_edpt_stream_write_zlp_if_needed+0x3a>
100045a4:	2300      	movs	r3, #0
100045a6:	2200      	movs	r2, #0
100045a8:	0038      	movs	r0, r7
100045aa:	7869      	ldrb	r1, [r5, #1]
100045ac:	f7ff f9cc 	bl	10003948 <usbd_edpt_xfer>
100045b0:	e7ee      	b.n	10004590 <tu_edpt_stream_write_zlp_if_needed+0x3c>
100045b2:	46c0      	nop			@ (mov r8, r8)
100045b4:	fffffe40 	.word	0xfffffe40
100045b8:	000001ff 	.word	0x000001ff

100045bc <tu_edpt_stream_write_xfer>:
100045bc:	b5f8      	push	{r3, r4, r5, r6, r7, lr}
100045be:	000d      	movs	r5, r1
100045c0:	3508      	adds	r5, #8
100045c2:	0006      	movs	r6, r0
100045c4:	0028      	movs	r0, r5
100045c6:	000c      	movs	r4, r1
100045c8:	f000 f8ce 	bl	10004768 <tu_fifo_count>
100045cc:	2800      	cmp	r0, #0
100045ce:	d003      	beq.n	100045d8 <tu_edpt_stream_write_xfer+0x1c>
100045d0:	2701      	movs	r7, #1
100045d2:	7823      	ldrb	r3, [r4, #0]
100045d4:	421f      	tst	r7, r3
100045d6:	d001      	beq.n	100045dc <tu_edpt_stream_write_xfer+0x20>
100045d8:	2000      	movs	r0, #0
100045da:	bdf8      	pop	{r3, r4, r5, r6, r7, pc}
100045dc:	0030      	movs	r0, r6
100045de:	7861      	ldrb	r1, [r4, #1]
100045e0:	f7ff f98a 	bl	100038f8 <usbd_edpt_claim>
100045e4:	2800      	cmp	r0, #0
100045e6:	d0f7      	beq.n	100045d8 <tu_edpt_stream_write_xfer+0x1c>
100045e8:	0028      	movs	r0, r5
100045ea:	8862      	ldrh	r2, [r4, #2]
100045ec:	6861      	ldr	r1, [r4, #4]
100045ee:	f000 f93d 	bl	1000486c <tu_fifo_read_n>
100045f2:	7823      	ldrb	r3, [r4, #0]
100045f4:	0005      	movs	r5, r0
100045f6:	401f      	ands	r7, r3
100045f8:	2800      	cmp	r0, #0
100045fa:	d00b      	beq.n	10004614 <tu_edpt_stream_write_xfer+0x58>
100045fc:	2f00      	cmp	r7, #0
100045fe:	d1eb      	bne.n	100045d8 <tu_edpt_stream_write_xfer+0x1c>
10004600:	0003      	movs	r3, r0
10004602:	6862      	ldr	r2, [r4, #4]
10004604:	0030      	movs	r0, r6
10004606:	7861      	ldrb	r1, [r4, #1]
10004608:	f7ff f99e 	bl	10003948 <usbd_edpt_xfer>
1000460c:	2800      	cmp	r0, #0
1000460e:	d0e3      	beq.n	100045d8 <tu_edpt_stream_write_xfer+0x1c>
10004610:	0028      	movs	r0, r5
10004612:	e7e2      	b.n	100045da <tu_edpt_stream_write_xfer+0x1e>
10004614:	2f00      	cmp	r7, #0
10004616:	d1df      	bne.n	100045d8 <tu_edpt_stream_write_xfer+0x1c>
10004618:	0030      	movs	r0, r6
1000461a:	7861      	ldrb	r1, [r4, #1]
1000461c:	f7ff f980 	bl	10003920 <usbd_edpt_release>
10004620:	e7da      	b.n	100045d8 <tu_edpt_stream_write_xfer+0x1c>
10004622:	46c0      	nop			@ (mov r8, r8)

10004624 <tu_edpt_stream_read_xfer>:
10004624:	b5f8      	push	{r3, r4, r5, r6, r7, lr}
10004626:	46ce      	mov	lr, r9
10004628:	4647      	mov	r7, r8
1000462a:	b580      	push	{r7, lr}
1000462c:	898a      	ldrh	r2, [r1, #12]
1000462e:	0006      	movs	r6, r0
10004630:	000c      	movs	r4, r1
10004632:	780b      	ldrb	r3, [r1, #0]
10004634:	2a00      	cmp	r2, #0
10004636:	d107      	bne.n	10004648 <tu_edpt_stream_read_xfer+0x24>
10004638:	2501      	movs	r5, #1
1000463a:	421d      	tst	r5, r3
1000463c:	d040      	beq.n	100046c0 <tu_edpt_stream_read_xfer+0x9c>
1000463e:	2000      	movs	r0, #0
10004640:	bcc0      	pop	{r6, r7}
10004642:	46b9      	mov	r9, r7
10004644:	46b0      	mov	r8, r6
10004646:	bdf8      	pop	{r3, r4, r5, r6, r7, pc}
10004648:	079b      	lsls	r3, r3, #30
1000464a:	d433      	bmi.n	100046b4 <tu_edpt_stream_read_xfer+0x90>
1000464c:	4b2a      	ldr	r3, [pc, #168]	@ (100046f8 <tu_edpt_stream_read_xfer+0xd4>)
1000464e:	2540      	movs	r5, #64	@ 0x40
10004650:	4699      	mov	r9, r3
10004652:	0027      	movs	r7, r4
10004654:	3708      	adds	r7, #8
10004656:	0038      	movs	r0, r7
10004658:	f000 f8a4 	bl	100047a4 <tu_fifo_remaining>
1000465c:	4285      	cmp	r5, r0
1000465e:	d8ee      	bhi.n	1000463e <tu_edpt_stream_read_xfer+0x1a>
10004660:	2201      	movs	r2, #1
10004662:	7823      	ldrb	r3, [r4, #0]
10004664:	4690      	mov	r8, r2
10004666:	421a      	tst	r2, r3
10004668:	d1e9      	bne.n	1000463e <tu_edpt_stream_read_xfer+0x1a>
1000466a:	0030      	movs	r0, r6
1000466c:	7861      	ldrb	r1, [r4, #1]
1000466e:	f7ff f943 	bl	100038f8 <usbd_edpt_claim>
10004672:	2800      	cmp	r0, #0
10004674:	d0e3      	beq.n	1000463e <tu_edpt_stream_read_xfer+0x1a>
10004676:	0038      	movs	r0, r7
10004678:	f000 f894 	bl	100047a4 <tu_fifo_remaining>
1000467c:	4642      	mov	r2, r8
1000467e:	7823      	ldrb	r3, [r4, #0]
10004680:	401a      	ands	r2, r3
10004682:	4285      	cmp	r5, r0
10004684:	d831      	bhi.n	100046ea <tu_edpt_stream_read_xfer+0xc6>
10004686:	2a00      	cmp	r2, #0
10004688:	d1d9      	bne.n	1000463e <tu_edpt_stream_read_xfer+0x1a>
1000468a:	464a      	mov	r2, r9
1000468c:	8863      	ldrh	r3, [r4, #2]
1000468e:	4002      	ands	r2, r0
10004690:	1c1d      	adds	r5, r3, #0
10004692:	4293      	cmp	r3, r2
10004694:	d900      	bls.n	10004698 <tu_edpt_stream_read_xfer+0x74>
10004696:	1c15      	adds	r5, r2, #0
10004698:	b2ad      	uxth	r5, r5
1000469a:	2200      	movs	r2, #0
1000469c:	7861      	ldrb	r1, [r4, #1]
1000469e:	2d00      	cmp	r5, #0
100046a0:	d000      	beq.n	100046a4 <tu_edpt_stream_read_xfer+0x80>
100046a2:	6862      	ldr	r2, [r4, #4]
100046a4:	002b      	movs	r3, r5
100046a6:	0030      	movs	r0, r6
100046a8:	f7ff f94e 	bl	10003948 <usbd_edpt_xfer>
100046ac:	2800      	cmp	r0, #0
100046ae:	d0c6      	beq.n	1000463e <tu_edpt_stream_read_xfer+0x1a>
100046b0:	0028      	movs	r0, r5
100046b2:	e7c5      	b.n	10004640 <tu_edpt_stream_read_xfer+0x1c>
100046b4:	23fe      	movs	r3, #254	@ 0xfe
100046b6:	2580      	movs	r5, #128	@ 0x80
100046b8:	021b      	lsls	r3, r3, #8
100046ba:	4699      	mov	r9, r3
100046bc:	00ad      	lsls	r5, r5, #2
100046be:	e7c8      	b.n	10004652 <tu_edpt_stream_read_xfer+0x2e>
100046c0:	7849      	ldrb	r1, [r1, #1]
100046c2:	f7ff f919 	bl	100038f8 <usbd_edpt_claim>
100046c6:	2800      	cmp	r0, #0
100046c8:	d0b9      	beq.n	1000463e <tu_edpt_stream_read_xfer+0x1a>
100046ca:	7823      	ldrb	r3, [r4, #0]
100046cc:	421d      	tst	r5, r3
100046ce:	d1b6      	bne.n	1000463e <tu_edpt_stream_read_xfer+0x1a>
100046d0:	8863      	ldrh	r3, [r4, #2]
100046d2:	2200      	movs	r2, #0
100046d4:	7861      	ldrb	r1, [r4, #1]
100046d6:	2b00      	cmp	r3, #0
100046d8:	d000      	beq.n	100046dc <tu_edpt_stream_read_xfer+0xb8>
100046da:	6862      	ldr	r2, [r4, #4]
100046dc:	0030      	movs	r0, r6
100046de:	f7ff f933 	bl	10003948 <usbd_edpt_xfer>
100046e2:	2800      	cmp	r0, #0
100046e4:	d0ab      	beq.n	1000463e <tu_edpt_stream_read_xfer+0x1a>
100046e6:	8860      	ldrh	r0, [r4, #2]
100046e8:	e7aa      	b.n	10004640 <tu_edpt_stream_read_xfer+0x1c>
100046ea:	2a00      	cmp	r2, #0
100046ec:	d1a7      	bne.n	1000463e <tu_edpt_stream_read_xfer+0x1a>
100046ee:	0030      	movs	r0, r6
100046f0:	7861      	ldrb	r1, [r4, #1]
100046f2:	f7ff f915 	bl	10003920 <usbd_edpt_release>
100046f6:	e7a2      	b.n	1000463e <tu_edpt_stream_read_xfer+0x1a>
100046f8:	0000ffc0 	.word	0x0000ffc0

100046fc <tu_fifo_config>:
100046fc:	b5f0      	push	{r4, r5, r6, r7, lr}
100046fe:	46c6      	mov	lr, r8
10004700:	b500      	push	{lr}
10004702:	0004      	movs	r4, r0
10004704:	4668      	mov	r0, sp
10004706:	7e05      	ldrb	r5, [r0, #24]
10004708:	2080      	movs	r0, #128	@ 0x80
1000470a:	4688      	mov	r8, r1
1000470c:	0017      	movs	r7, r2
1000470e:	001e      	movs	r6, r3
10004710:	0200      	lsls	r0, r0, #8
10004712:	4282      	cmp	r2, r0
10004714:	d826      	bhi.n	10004764 <tu_fifo_config+0x68>
10004716:	68e0      	ldr	r0, [r4, #12]
10004718:	2800      	cmp	r0, #0
1000471a:	d003      	beq.n	10004724 <tu_fifo_config+0x28>
1000471c:	2101      	movs	r1, #1
1000471e:	4249      	negs	r1, r1
10004720:	f000 ff76 	bl	10005610 <__mutex_enter_timeout_ms_veneer>
10004724:	6920      	ldr	r0, [r4, #16]
10004726:	2800      	cmp	r0, #0
10004728:	d003      	beq.n	10004732 <tu_fifo_config+0x36>
1000472a:	2101      	movs	r1, #1
1000472c:	4249      	negs	r1, r1
1000472e:	f000 ff6f 	bl	10005610 <__mutex_enter_timeout_ms_veneer>
10004732:	4643      	mov	r3, r8
10004734:	6023      	str	r3, [r4, #0]
10004736:	0473      	lsls	r3, r6, #17
10004738:	0c5b      	lsrs	r3, r3, #17
1000473a:	03ed      	lsls	r5, r5, #15
1000473c:	431d      	orrs	r5, r3
1000473e:	2300      	movs	r3, #0
10004740:	68e0      	ldr	r0, [r4, #12]
10004742:	8163      	strh	r3, [r4, #10]
10004744:	80a7      	strh	r7, [r4, #4]
10004746:	80e5      	strh	r5, [r4, #6]
10004748:	8123      	strh	r3, [r4, #8]
1000474a:	2800      	cmp	r0, #0
1000474c:	d001      	beq.n	10004752 <tu_fifo_config+0x56>
1000474e:	f000 ff37 	bl	100055c0 <__mutex_exit_veneer>
10004752:	6920      	ldr	r0, [r4, #16]
10004754:	2800      	cmp	r0, #0
10004756:	d001      	beq.n	1000475c <tu_fifo_config+0x60>
10004758:	f000 ff32 	bl	100055c0 <__mutex_exit_veneer>
1000475c:	2001      	movs	r0, #1
1000475e:	bc80      	pop	{r7}
10004760:	46b8      	mov	r8, r7
10004762:	bdf0      	pop	{r4, r5, r6, r7, pc}
10004764:	2000      	movs	r0, #0
10004766:	e7fa      	b.n	1000475e <tu_fifo_config+0x62>

10004768 <tu_fifo_count>:
10004768:	b510      	push	{r4, lr}
1000476a:	8904      	ldrh	r4, [r0, #8]
1000476c:	8941      	ldrh	r1, [r0, #10]
1000476e:	8882      	ldrh	r2, [r0, #4]
10004770:	b2a3      	uxth	r3, r4
10004772:	b288      	uxth	r0, r1
10004774:	428c      	cmp	r4, r1
10004776:	d307      	bcc.n	10004788 <tu_fifo_count+0x20>
10004778:	1a1b      	subs	r3, r3, r0
1000477a:	b29b      	uxth	r3, r3
1000477c:	1c10      	adds	r0, r2, #0
1000477e:	429a      	cmp	r2, r3
10004780:	d900      	bls.n	10004784 <tu_fifo_count+0x1c>
10004782:	1c18      	adds	r0, r3, #0
10004784:	b280      	uxth	r0, r0
10004786:	bd10      	pop	{r4, pc}
10004788:	0051      	lsls	r1, r2, #1
1000478a:	1a09      	subs	r1, r1, r0
1000478c:	185b      	adds	r3, r3, r1
1000478e:	b29b      	uxth	r3, r3
10004790:	e7f4      	b.n	1000477c <tu_fifo_count+0x14>
10004792:	46c0      	nop			@ (mov r8, r8)

10004794 <tu_fifo_empty>:
10004794:	8903      	ldrh	r3, [r0, #8]
10004796:	8940      	ldrh	r0, [r0, #10]
10004798:	1a18      	subs	r0, r3, r0
1000479a:	4243      	negs	r3, r0
1000479c:	4158      	adcs	r0, r3
1000479e:	b2c0      	uxtb	r0, r0
100047a0:	4770      	bx	lr
100047a2:	46c0      	nop			@ (mov r8, r8)

100047a4 <tu_fifo_remaining>:
100047a4:	b510      	push	{r4, lr}
100047a6:	8904      	ldrh	r4, [r0, #8]
100047a8:	8941      	ldrh	r1, [r0, #10]
100047aa:	8882      	ldrh	r2, [r0, #4]
100047ac:	b2a3      	uxth	r3, r4
100047ae:	b288      	uxth	r0, r1
100047b0:	428c      	cmp	r4, r1
100047b2:	d307      	bcc.n	100047c4 <tu_fifo_remaining+0x20>
100047b4:	1a1b      	subs	r3, r3, r0
100047b6:	b29b      	uxth	r3, r3
100047b8:	2000      	movs	r0, #0
100047ba:	429a      	cmp	r2, r3
100047bc:	d901      	bls.n	100047c2 <tu_fifo_remaining+0x1e>
100047be:	1ad2      	subs	r2, r2, r3
100047c0:	b290      	uxth	r0, r2
100047c2:	bd10      	pop	{r4, pc}
100047c4:	0051      	lsls	r1, r2, #1
100047c6:	1a09      	subs	r1, r1, r0
100047c8:	185b      	adds	r3, r3, r1
100047ca:	b29b      	uxth	r3, r3
100047cc:	e7f4      	b.n	100047b8 <tu_fifo_remaining+0x14>
100047ce:	46c0      	nop			@ (mov r8, r8)

100047d0 <tu_fifo_read>:
100047d0:	b570      	push	{r4, r5, r6, lr}
100047d2:	0004      	movs	r4, r0
100047d4:	6900      	ldr	r0, [r0, #16]
100047d6:	000e      	movs	r6, r1
100047d8:	2800      	cmp	r0, #0
100047da:	d003      	beq.n	100047e4 <tu_fifo_read+0x14>
100047dc:	2101      	movs	r1, #1
100047de:	4249      	negs	r1, r1
100047e0:	f000 ff16 	bl	10005610 <__mutex_enter_timeout_ms_veneer>
100047e4:	8925      	ldrh	r5, [r4, #8]
100047e6:	8960      	ldrh	r0, [r4, #10]
100047e8:	88a2      	ldrh	r2, [r4, #4]
100047ea:	b2a9      	uxth	r1, r5
100047ec:	b283      	uxth	r3, r0
100047ee:	4285      	cmp	r5, r0
100047f0:	d332      	bcc.n	10004858 <tu_fifo_read+0x88>
100047f2:	1acd      	subs	r5, r1, r3
100047f4:	b2ad      	uxth	r5, r5
100047f6:	2d00      	cmp	r5, #0
100047f8:	d028      	beq.n	1000484c <tu_fifo_read+0x7c>
100047fa:	42aa      	cmp	r2, r5
100047fc:	d208      	bcs.n	10004810 <tu_fifo_read+0x40>
100047fe:	4291      	cmp	r1, r2
10004800:	d32f      	bcc.n	10004862 <tu_fifo_read+0x92>
10004802:	1a89      	subs	r1, r1, r2
10004804:	b28b      	uxth	r3, r1
10004806:	8163      	strh	r3, [r4, #10]
10004808:	429a      	cmp	r2, r3
1000480a:	d803      	bhi.n	10004814 <tu_fifo_read+0x44>
1000480c:	1a9b      	subs	r3, r3, r2
1000480e:	b29b      	uxth	r3, r3
10004810:	429a      	cmp	r2, r3
10004812:	d9fb      	bls.n	1000480c <tu_fifo_read+0x3c>
10004814:	88e2      	ldrh	r2, [r4, #6]
10004816:	6821      	ldr	r1, [r4, #0]
10004818:	0452      	lsls	r2, r2, #17
1000481a:	0c52      	lsrs	r2, r2, #17
1000481c:	4353      	muls	r3, r2
1000481e:	0030      	movs	r0, r6
10004820:	18c9      	adds	r1, r1, r3
10004822:	f7fd fbe9 	bl	10001ff8 <__wrap___aeabi_memcpy>
10004826:	8963      	ldrh	r3, [r4, #10]
10004828:	2501      	movs	r5, #1
1000482a:	1c59      	adds	r1, r3, #1
1000482c:	b289      	uxth	r1, r1
1000482e:	88a2      	ldrh	r2, [r4, #4]
10004830:	428b      	cmp	r3, r1
10004832:	d90d      	bls.n	10004850 <tu_fifo_read+0x80>
10004834:	2100      	movs	r1, #0
10004836:	0052      	lsls	r2, r2, #1
10004838:	1a89      	subs	r1, r1, r2
1000483a:	b289      	uxth	r1, r1
1000483c:	6920      	ldr	r0, [r4, #16]
1000483e:	8161      	strh	r1, [r4, #10]
10004840:	2800      	cmp	r0, #0
10004842:	d001      	beq.n	10004848 <tu_fifo_read+0x78>
10004844:	f000 febc 	bl	100055c0 <__mutex_exit_veneer>
10004848:	0028      	movs	r0, r5
1000484a:	bd70      	pop	{r4, r5, r6, pc}
1000484c:	8961      	ldrh	r1, [r4, #10]
1000484e:	b289      	uxth	r1, r1
10004850:	0052      	lsls	r2, r2, #1
10004852:	4291      	cmp	r1, r2
10004854:	dbf2      	blt.n	1000483c <tu_fifo_read+0x6c>
10004856:	e7ef      	b.n	10004838 <tu_fifo_read+0x68>
10004858:	0055      	lsls	r5, r2, #1
1000485a:	1aed      	subs	r5, r5, r3
1000485c:	194d      	adds	r5, r1, r5
1000485e:	b2ad      	uxth	r5, r5
10004860:	e7c9      	b.n	100047f6 <tu_fifo_read+0x26>
10004862:	1889      	adds	r1, r1, r2
10004864:	b28b      	uxth	r3, r1
10004866:	8163      	strh	r3, [r4, #10]
10004868:	e7ce      	b.n	10004808 <tu_fifo_read+0x38>
1000486a:	46c0      	nop			@ (mov r8, r8)

1000486c <tu_fifo_read_n>:
1000486c:	b5f0      	push	{r4, r5, r6, r7, lr}
1000486e:	4646      	mov	r6, r8
10004870:	464f      	mov	r7, r9
10004872:	46d6      	mov	lr, sl
10004874:	b5c0      	push	{r6, r7, lr}
10004876:	0006      	movs	r6, r0
10004878:	6900      	ldr	r0, [r0, #16]
1000487a:	4689      	mov	r9, r1
1000487c:	4690      	mov	r8, r2
1000487e:	2800      	cmp	r0, #0
10004880:	d003      	beq.n	1000488a <tu_fifo_read_n+0x1e>
10004882:	2101      	movs	r1, #1
10004884:	4249      	negs	r1, r1
10004886:	f000 fec3 	bl	10005610 <__mutex_enter_timeout_ms_veneer>
1000488a:	8931      	ldrh	r1, [r6, #8]
1000488c:	8972      	ldrh	r2, [r6, #10]
1000488e:	88b5      	ldrh	r5, [r6, #4]
10004890:	b28b      	uxth	r3, r1
10004892:	b294      	uxth	r4, r2
10004894:	4291      	cmp	r1, r2
10004896:	d354      	bcc.n	10004942 <tu_fifo_read_n+0xd6>
10004898:	1b1f      	subs	r7, r3, r4
1000489a:	b2bf      	uxth	r7, r7
1000489c:	2f00      	cmp	r7, #0
1000489e:	d04a      	beq.n	10004936 <tu_fifo_read_n+0xca>
100048a0:	42bd      	cmp	r5, r7
100048a2:	d205      	bcs.n	100048b0 <tu_fifo_read_n+0x44>
100048a4:	42ab      	cmp	r3, r5
100048a6:	d251      	bcs.n	1000494c <tu_fifo_read_n+0xe0>
100048a8:	195b      	adds	r3, r3, r5
100048aa:	b29c      	uxth	r4, r3
100048ac:	002f      	movs	r7, r5
100048ae:	8174      	strh	r4, [r6, #10]
100048b0:	4643      	mov	r3, r8
100048b2:	45b8      	cmp	r8, r7
100048b4:	d83d      	bhi.n	10004932 <tu_fifo_read_n+0xc6>
100048b6:	b29f      	uxth	r7, r3
100048b8:	42a5      	cmp	r5, r4
100048ba:	d803      	bhi.n	100048c4 <tu_fifo_read_n+0x58>
100048bc:	1b64      	subs	r4, r4, r5
100048be:	b2a4      	uxth	r4, r4
100048c0:	42a5      	cmp	r5, r4
100048c2:	d9fb      	bls.n	100048bc <tu_fifo_read_n+0x50>
100048c4:	88f2      	ldrh	r2, [r6, #6]
100048c6:	6831      	ldr	r1, [r6, #0]
100048c8:	0452      	lsls	r2, r2, #17
100048ca:	0c52      	lsrs	r2, r2, #17
100048cc:	4690      	mov	r8, r2
100048ce:	4362      	muls	r2, r4
100048d0:	1b2b      	subs	r3, r5, r4
100048d2:	b29b      	uxth	r3, r3
100048d4:	1889      	adds	r1, r1, r2
100048d6:	4642      	mov	r2, r8
100048d8:	429f      	cmp	r7, r3
100048da:	d925      	bls.n	10004928 <tu_fifo_read_n+0xbc>
100048dc:	4353      	muls	r3, r2
100048de:	b29b      	uxth	r3, r3
100048e0:	001a      	movs	r2, r3
100048e2:	4648      	mov	r0, r9
100048e4:	469a      	mov	sl, r3
100048e6:	f7fd fb87 	bl	10001ff8 <__wrap___aeabi_memcpy>
100048ea:	4643      	mov	r3, r8
100048ec:	4648      	mov	r0, r9
100048ee:	1b7d      	subs	r5, r7, r5
100048f0:	1964      	adds	r4, r4, r5
100048f2:	435c      	muls	r4, r3
100048f4:	6831      	ldr	r1, [r6, #0]
100048f6:	4450      	add	r0, sl
100048f8:	b2a2      	uxth	r2, r4
100048fa:	f7fd fb7d 	bl	10001ff8 <__wrap___aeabi_memcpy>
100048fe:	8971      	ldrh	r1, [r6, #10]
10004900:	88b5      	ldrh	r5, [r6, #4]
10004902:	19cb      	adds	r3, r1, r7
10004904:	b29b      	uxth	r3, r3
10004906:	006a      	lsls	r2, r5, #1
10004908:	4299      	cmp	r1, r3
1000490a:	d916      	bls.n	1000493a <tu_fifo_read_n+0xce>
1000490c:	1a9b      	subs	r3, r3, r2
1000490e:	b29b      	uxth	r3, r3
10004910:	6930      	ldr	r0, [r6, #16]
10004912:	8173      	strh	r3, [r6, #10]
10004914:	2800      	cmp	r0, #0
10004916:	d001      	beq.n	1000491c <tu_fifo_read_n+0xb0>
10004918:	f000 fe52 	bl	100055c0 <__mutex_exit_veneer>
1000491c:	0038      	movs	r0, r7
1000491e:	bce0      	pop	{r5, r6, r7}
10004920:	46ba      	mov	sl, r7
10004922:	46b1      	mov	r9, r6
10004924:	46a8      	mov	r8, r5
10004926:	bdf0      	pop	{r4, r5, r6, r7, pc}
10004928:	4648      	mov	r0, r9
1000492a:	437a      	muls	r2, r7
1000492c:	f7fd fb64 	bl	10001ff8 <__wrap___aeabi_memcpy>
10004930:	e7e5      	b.n	100048fe <tu_fifo_read_n+0x92>
10004932:	1c3b      	adds	r3, r7, #0
10004934:	e7bf      	b.n	100048b6 <tu_fifo_read_n+0x4a>
10004936:	8973      	ldrh	r3, [r6, #10]
10004938:	b29b      	uxth	r3, r3
1000493a:	006a      	lsls	r2, r5, #1
1000493c:	4293      	cmp	r3, r2
1000493e:	dbe7      	blt.n	10004910 <tu_fifo_read_n+0xa4>
10004940:	e7e4      	b.n	1000490c <tu_fifo_read_n+0xa0>
10004942:	006f      	lsls	r7, r5, #1
10004944:	1b3f      	subs	r7, r7, r4
10004946:	19df      	adds	r7, r3, r7
10004948:	b2bf      	uxth	r7, r7
1000494a:	e7a7      	b.n	1000489c <tu_fifo_read_n+0x30>
1000494c:	1b5b      	subs	r3, r3, r5
1000494e:	b29c      	uxth	r4, r3
10004950:	e7ac      	b.n	100048ac <tu_fifo_read_n+0x40>
10004952:	46c0      	nop			@ (mov r8, r8)

10004954 <tu_fifo_write>:
10004954:	b5f8      	push	{r3, r4, r5, r6, r7, lr}
10004956:	0004      	movs	r4, r0
10004958:	68c0      	ldr	r0, [r0, #12]
1000495a:	000e      	movs	r6, r1
1000495c:	2800      	cmp	r0, #0
1000495e:	d003      	beq.n	10004968 <tu_fifo_write+0x14>
10004960:	2101      	movs	r1, #1
10004962:	4249      	negs	r1, r1
10004964:	f000 fe54 	bl	10005610 <__mutex_enter_timeout_ms_veneer>
10004968:	8925      	ldrh	r5, [r4, #8]
1000496a:	8920      	ldrh	r0, [r4, #8]
1000496c:	8961      	ldrh	r1, [r4, #10]
1000496e:	88a2      	ldrh	r2, [r4, #4]
10004970:	b2ad      	uxth	r5, r5
10004972:	b283      	uxth	r3, r0
10004974:	b28f      	uxth	r7, r1
10004976:	4288      	cmp	r0, r1
10004978:	d329      	bcc.n	100049ce <tu_fifo_write+0x7a>
1000497a:	1bdb      	subs	r3, r3, r7
1000497c:	b29b      	uxth	r3, r3
1000497e:	429a      	cmp	r2, r3
10004980:	d809      	bhi.n	10004996 <tu_fifo_write+0x42>
10004982:	79e7      	ldrb	r7, [r4, #7]
10004984:	09ff      	lsrs	r7, r7, #7
10004986:	d106      	bne.n	10004996 <tu_fifo_write+0x42>
10004988:	68e0      	ldr	r0, [r4, #12]
1000498a:	2800      	cmp	r0, #0
1000498c:	d001      	beq.n	10004992 <tu_fifo_write+0x3e>
1000498e:	f000 fe17 	bl	100055c0 <__mutex_exit_veneer>
10004992:	0038      	movs	r0, r7
10004994:	bdf8      	pop	{r3, r4, r5, r6, r7, pc}
10004996:	002b      	movs	r3, r5
10004998:	4295      	cmp	r5, r2
1000499a:	d31d      	bcc.n	100049d8 <tu_fifo_write+0x84>
1000499c:	1a9b      	subs	r3, r3, r2
1000499e:	b29b      	uxth	r3, r3
100049a0:	4293      	cmp	r3, r2
100049a2:	d2fb      	bcs.n	1000499c <tu_fifo_write+0x48>
100049a4:	88e2      	ldrh	r2, [r4, #6]
100049a6:	6820      	ldr	r0, [r4, #0]
100049a8:	0452      	lsls	r2, r2, #17
100049aa:	0c52      	lsrs	r2, r2, #17
100049ac:	4353      	muls	r3, r2
100049ae:	0031      	movs	r1, r6
100049b0:	18c0      	adds	r0, r0, r3
100049b2:	f7fd fb21 	bl	10001ff8 <__wrap___aeabi_memcpy>
100049b6:	1c6b      	adds	r3, r5, #1
100049b8:	b29b      	uxth	r3, r3
100049ba:	88a2      	ldrh	r2, [r4, #4]
100049bc:	429d      	cmp	r5, r3
100049be:	d917      	bls.n	100049f0 <tu_fifo_write+0x9c>
100049c0:	2300      	movs	r3, #0
100049c2:	0052      	lsls	r2, r2, #1
100049c4:	1a9b      	subs	r3, r3, r2
100049c6:	b29b      	uxth	r3, r3
100049c8:	2701      	movs	r7, #1
100049ca:	8123      	strh	r3, [r4, #8]
100049cc:	e7dc      	b.n	10004988 <tu_fifo_write+0x34>
100049ce:	0051      	lsls	r1, r2, #1
100049d0:	1bc9      	subs	r1, r1, r7
100049d2:	185b      	adds	r3, r3, r1
100049d4:	b29b      	uxth	r3, r3
100049d6:	e7d2      	b.n	1000497e <tu_fifo_write+0x2a>
100049d8:	88e2      	ldrh	r2, [r4, #6]
100049da:	6820      	ldr	r0, [r4, #0]
100049dc:	0452      	lsls	r2, r2, #17
100049de:	0c52      	lsrs	r2, r2, #17
100049e0:	4353      	muls	r3, r2
100049e2:	0031      	movs	r1, r6
100049e4:	18c0      	adds	r0, r0, r3
100049e6:	f7fd fb07 	bl	10001ff8 <__wrap___aeabi_memcpy>
100049ea:	3501      	adds	r5, #1
100049ec:	88a2      	ldrh	r2, [r4, #4]
100049ee:	b2ab      	uxth	r3, r5
100049f0:	0052      	lsls	r2, r2, #1
100049f2:	4293      	cmp	r3, r2
100049f4:	dbe8      	blt.n	100049c8 <tu_fifo_write+0x74>
100049f6:	e7e5      	b.n	100049c4 <tu_fifo_write+0x70>

100049f8 <tu_fifo_write_n>:
100049f8:	b5f0      	push	{r4, r5, r6, r7, lr}
100049fa:	464e      	mov	r6, r9
100049fc:	4657      	mov	r7, sl
100049fe:	46de      	mov	lr, fp
10004a00:	4645      	mov	r5, r8
10004a02:	b5e0      	push	{r5, r6, r7, lr}
10004a04:	4689      	mov	r9, r1
10004a06:	0006      	movs	r6, r0
10004a08:	0017      	movs	r7, r2
10004a0a:	b083      	sub	sp, #12
10004a0c:	2a00      	cmp	r2, #0
10004a0e:	d067      	beq.n	10004ae0 <tu_fifo_write_n+0xe8>
10004a10:	68c0      	ldr	r0, [r0, #12]
10004a12:	2800      	cmp	r0, #0
10004a14:	d003      	beq.n	10004a1e <tu_fifo_write_n+0x26>
10004a16:	2101      	movs	r1, #1
10004a18:	4249      	negs	r1, r1
10004a1a:	f000 fdf9 	bl	10005610 <__mutex_enter_timeout_ms_veneer>
10004a1e:	8933      	ldrh	r3, [r6, #8]
10004a20:	79f2      	ldrb	r2, [r6, #7]
10004a22:	b29b      	uxth	r3, r3
10004a24:	4698      	mov	r8, r3
10004a26:	8973      	ldrh	r3, [r6, #10]
10004a28:	88b5      	ldrh	r5, [r6, #4]
10004a2a:	b29b      	uxth	r3, r3
10004a2c:	09d2      	lsrs	r2, r2, #7
10004a2e:	d140      	bne.n	10004ab2 <tu_fifo_write_n+0xba>
10004a30:	4598      	cmp	r8, r3
10004a32:	d25e      	bcs.n	10004af2 <tu_fifo_write_n+0xfa>
10004a34:	006a      	lsls	r2, r5, #1
10004a36:	1ad3      	subs	r3, r2, r3
10004a38:	4443      	add	r3, r8
10004a3a:	b29b      	uxth	r3, r3
10004a3c:	42ab      	cmp	r3, r5
10004a3e:	d25d      	bcs.n	10004afc <tu_fifo_write_n+0x104>
10004a40:	1aeb      	subs	r3, r5, r3
10004a42:	1c1a      	adds	r2, r3, #0
10004a44:	b29b      	uxth	r3, r3
10004a46:	42bb      	cmp	r3, r7
10004a48:	d900      	bls.n	10004a4c <tu_fifo_write_n+0x54>
10004a4a:	1c3a      	adds	r2, r7, #0
10004a4c:	b297      	uxth	r7, r2
10004a4e:	1b7b      	subs	r3, r7, r5
10004a50:	b29b      	uxth	r3, r3
10004a52:	9301      	str	r3, [sp, #4]
10004a54:	88f3      	ldrh	r3, [r6, #6]
10004a56:	045b      	lsls	r3, r3, #17
10004a58:	0c5b      	lsrs	r3, r3, #17
10004a5a:	469a      	mov	sl, r3
10004a5c:	4643      	mov	r3, r8
10004a5e:	19db      	adds	r3, r3, r7
10004a60:	b29b      	uxth	r3, r3
10004a62:	469b      	mov	fp, r3
10004a64:	4644      	mov	r4, r8
10004a66:	45a8      	cmp	r8, r5
10004a68:	d303      	bcc.n	10004a72 <tu_fifo_write_n+0x7a>
10004a6a:	1b64      	subs	r4, r4, r5
10004a6c:	b2a4      	uxth	r4, r4
10004a6e:	42ac      	cmp	r4, r5
10004a70:	d2fb      	bcs.n	10004a6a <tu_fifo_write_n+0x72>
10004a72:	4653      	mov	r3, sl
10004a74:	4363      	muls	r3, r4
10004a76:	6830      	ldr	r0, [r6, #0]
10004a78:	1b2d      	subs	r5, r5, r4
10004a7a:	b2ad      	uxth	r5, r5
10004a7c:	18c0      	adds	r0, r0, r3
10004a7e:	42bd      	cmp	r5, r7
10004a80:	d34b      	bcc.n	10004b1a <tu_fifo_write_n+0x122>
10004a82:	4652      	mov	r2, sl
10004a84:	4649      	mov	r1, r9
10004a86:	437a      	muls	r2, r7
10004a88:	f7fd fab6 	bl	10001ff8 <__wrap___aeabi_memcpy>
10004a8c:	88b3      	ldrh	r3, [r6, #4]
10004a8e:	005b      	lsls	r3, r3, #1
10004a90:	45d8      	cmp	r8, fp
10004a92:	d801      	bhi.n	10004a98 <tu_fifo_write_n+0xa0>
10004a94:	459b      	cmp	fp, r3
10004a96:	db03      	blt.n	10004aa0 <tu_fifo_write_n+0xa8>
10004a98:	465a      	mov	r2, fp
10004a9a:	1ad3      	subs	r3, r2, r3
10004a9c:	b29b      	uxth	r3, r3
10004a9e:	469b      	mov	fp, r3
10004aa0:	465b      	mov	r3, fp
10004aa2:	003d      	movs	r5, r7
10004aa4:	8133      	strh	r3, [r6, #8]
10004aa6:	68f0      	ldr	r0, [r6, #12]
10004aa8:	2800      	cmp	r0, #0
10004aaa:	d01a      	beq.n	10004ae2 <tu_fifo_write_n+0xea>
10004aac:	f000 fd88 	bl	100055c0 <__mutex_exit_veneer>
10004ab0:	e017      	b.n	10004ae2 <tu_fifo_write_n+0xea>
10004ab2:	88f2      	ldrh	r2, [r6, #6]
10004ab4:	0452      	lsls	r2, r2, #17
10004ab6:	0c52      	lsrs	r2, r2, #17
10004ab8:	4692      	mov	sl, r2
10004aba:	42af      	cmp	r7, r5
10004abc:	d220      	bcs.n	10004b00 <tu_fifo_write_n+0x108>
10004abe:	4598      	cmp	r8, r3
10004ac0:	d34d      	bcc.n	10004b5e <tu_fifo_write_n+0x166>
10004ac2:	4642      	mov	r2, r8
10004ac4:	1ad2      	subs	r2, r2, r3
10004ac6:	b292      	uxth	r2, r2
10004ac8:	0069      	lsls	r1, r5, #1
10004aca:	1b78      	subs	r0, r7, r5
10004acc:	b280      	uxth	r0, r0
10004ace:	19d2      	adds	r2, r2, r7
10004ad0:	9001      	str	r0, [sp, #4]
10004ad2:	428a      	cmp	r2, r1
10004ad4:	da33      	bge.n	10004b3e <tu_fifo_write_n+0x146>
10004ad6:	4643      	mov	r3, r8
10004ad8:	18fb      	adds	r3, r7, r3
10004ada:	b29b      	uxth	r3, r3
10004adc:	469b      	mov	fp, r3
10004ade:	e7c1      	b.n	10004a64 <tu_fifo_write_n+0x6c>
10004ae0:	2500      	movs	r5, #0
10004ae2:	0028      	movs	r0, r5
10004ae4:	b003      	add	sp, #12
10004ae6:	bcf0      	pop	{r4, r5, r6, r7}
10004ae8:	46bb      	mov	fp, r7
10004aea:	46b2      	mov	sl, r6
10004aec:	46a9      	mov	r9, r5
10004aee:	46a0      	mov	r8, r4
10004af0:	bdf0      	pop	{r4, r5, r6, r7, pc}
10004af2:	4642      	mov	r2, r8
10004af4:	1ad3      	subs	r3, r2, r3
10004af6:	b29b      	uxth	r3, r3
10004af8:	42ab      	cmp	r3, r5
10004afa:	d3a1      	bcc.n	10004a40 <tu_fifo_write_n+0x48>
10004afc:	2500      	movs	r5, #0
10004afe:	e7d2      	b.n	10004aa6 <tu_fifo_write_n+0xae>
10004b00:	2d00      	cmp	r5, #0
10004b02:	d0d0      	beq.n	10004aa6 <tu_fifo_write_n+0xae>
10004b04:	1b7f      	subs	r7, r7, r5
10004b06:	4357      	muls	r7, r2
10004b08:	4698      	mov	r8, r3
10004b0a:	195a      	adds	r2, r3, r5
10004b0c:	2300      	movs	r3, #0
10004b0e:	b292      	uxth	r2, r2
10004b10:	44b9      	add	r9, r7
10004b12:	4693      	mov	fp, r2
10004b14:	002f      	movs	r7, r5
10004b16:	9301      	str	r3, [sp, #4]
10004b18:	e7a4      	b.n	10004a64 <tu_fifo_write_n+0x6c>
10004b1a:	4653      	mov	r3, sl
10004b1c:	435d      	muls	r5, r3
10004b1e:	b2ad      	uxth	r5, r5
10004b20:	002a      	movs	r2, r5
10004b22:	4649      	mov	r1, r9
10004b24:	f7fd fa68 	bl	10001ff8 <__wrap___aeabi_memcpy>
10004b28:	9b01      	ldr	r3, [sp, #4]
10004b2a:	0029      	movs	r1, r5
10004b2c:	18e2      	adds	r2, r4, r3
10004b2e:	4653      	mov	r3, sl
10004b30:	435a      	muls	r2, r3
10004b32:	6830      	ldr	r0, [r6, #0]
10004b34:	b292      	uxth	r2, r2
10004b36:	4449      	add	r1, r9
10004b38:	f7fd fa5e 	bl	10001ff8 <__wrap___aeabi_memcpy>
10004b3c:	e7a6      	b.n	10004a8c <tu_fifo_write_n+0x94>
10004b3e:	195a      	adds	r2, r3, r5
10004b40:	b292      	uxth	r2, r2
10004b42:	4693      	mov	fp, r2
10004b44:	1bd2      	subs	r2, r2, r7
10004b46:	b292      	uxth	r2, r2
10004b48:	4690      	mov	r8, r2
10004b4a:	4293      	cmp	r3, r2
10004b4c:	d90c      	bls.n	10004b68 <tu_fifo_write_n+0x170>
10004b4e:	4643      	mov	r3, r8
10004b50:	1a59      	subs	r1, r3, r1
10004b52:	b28b      	uxth	r3, r1
10004b54:	4698      	mov	r8, r3
10004b56:	18fb      	adds	r3, r7, r3
10004b58:	b29b      	uxth	r3, r3
10004b5a:	469b      	mov	fp, r3
10004b5c:	e782      	b.n	10004a64 <tu_fifo_write_n+0x6c>
10004b5e:	0069      	lsls	r1, r5, #1
10004b60:	1aca      	subs	r2, r1, r3
10004b62:	4442      	add	r2, r8
10004b64:	b292      	uxth	r2, r2
10004b66:	e7b0      	b.n	10004aca <tu_fifo_write_n+0xd2>
10004b68:	4291      	cmp	r1, r2
10004b6a:	dd00      	ble.n	10004b6e <tu_fifo_write_n+0x176>
10004b6c:	e77a      	b.n	10004a64 <tu_fifo_write_n+0x6c>
10004b6e:	e7ee      	b.n	10004b4e <tu_fifo_write_n+0x156>

10004b70 <tu_fifo_clear>:
10004b70:	b510      	push	{r4, lr}
10004b72:	0004      	movs	r4, r0
10004b74:	68c0      	ldr	r0, [r0, #12]
10004b76:	2800      	cmp	r0, #0
10004b78:	d003      	beq.n	10004b82 <tu_fifo_clear+0x12>
10004b7a:	2101      	movs	r1, #1
10004b7c:	4249      	negs	r1, r1
10004b7e:	f000 fd47 	bl	10005610 <__mutex_enter_timeout_ms_veneer>
10004b82:	6920      	ldr	r0, [r4, #16]
10004b84:	2800      	cmp	r0, #0
10004b86:	d003      	beq.n	10004b90 <tu_fifo_clear+0x20>
10004b88:	2101      	movs	r1, #1
10004b8a:	4249      	negs	r1, r1
10004b8c:	f000 fd40 	bl	10005610 <__mutex_enter_timeout_ms_veneer>
10004b90:	2300      	movs	r3, #0
10004b92:	68e0      	ldr	r0, [r4, #12]
10004b94:	8163      	strh	r3, [r4, #10]
10004b96:	8123      	strh	r3, [r4, #8]
10004b98:	2800      	cmp	r0, #0
10004b9a:	d001      	beq.n	10004ba0 <tu_fifo_clear+0x30>
10004b9c:	f000 fd10 	bl	100055c0 <__mutex_exit_veneer>
10004ba0:	6920      	ldr	r0, [r4, #16]
10004ba2:	2800      	cmp	r0, #0
10004ba4:	d001      	beq.n	10004baa <tu_fifo_clear+0x3a>
10004ba6:	f000 fd0b 	bl	100055c0 <__mutex_exit_veneer>
10004baa:	2001      	movs	r0, #1
10004bac:	bd10      	pop	{r4, pc}
10004bae:	46c0      	nop			@ (mov r8, r8)

10004bb0 <tu_fifo_set_overwritable>:
10004bb0:	b570      	push	{r4, r5, r6, lr}
10004bb2:	0004      	movs	r4, r0
10004bb4:	68c0      	ldr	r0, [r0, #12]
10004bb6:	000d      	movs	r5, r1
10004bb8:	2800      	cmp	r0, #0
10004bba:	d003      	beq.n	10004bc4 <tu_fifo_set_overwritable+0x14>
10004bbc:	2101      	movs	r1, #1
10004bbe:	4249      	negs	r1, r1
10004bc0:	f000 fd26 	bl	10005610 <__mutex_enter_timeout_ms_veneer>
10004bc4:	6920      	ldr	r0, [r4, #16]
10004bc6:	2800      	cmp	r0, #0
10004bc8:	d003      	beq.n	10004bd2 <tu_fifo_set_overwritable+0x22>
10004bca:	2101      	movs	r1, #1
10004bcc:	4249      	negs	r1, r1
10004bce:	f000 fd1f 	bl	10005610 <__mutex_enter_timeout_ms_veneer>
10004bd2:	217f      	movs	r1, #127	@ 0x7f
10004bd4:	79e3      	ldrb	r3, [r4, #7]
10004bd6:	01ed      	lsls	r5, r5, #7
10004bd8:	4019      	ands	r1, r3
10004bda:	68e0      	ldr	r0, [r4, #12]
10004bdc:	4329      	orrs	r1, r5
10004bde:	71e1      	strb	r1, [r4, #7]
10004be0:	2800      	cmp	r0, #0
10004be2:	d001      	beq.n	10004be8 <tu_fifo_set_overwritable+0x38>
10004be4:	f000 fcec 	bl	100055c0 <__mutex_exit_veneer>
10004be8:	6920      	ldr	r0, [r4, #16]
10004bea:	2800      	cmp	r0, #0
10004bec:	d001      	beq.n	10004bf2 <tu_fifo_set_overwritable+0x42>
10004bee:	f000 fce7 	bl	100055c0 <__mutex_exit_veneer>
10004bf2:	2001      	movs	r0, #1
10004bf4:	bd70      	pop	{r4, r5, r6, pc}
10004bf6:	46c0      	nop			@ (mov r8, r8)

10004bf8 <__malloc_lock>:
10004bf8:	b510      	push	{r4, lr}
10004bfa:	4802      	ldr	r0, [pc, #8]	@ (10004c04 <__malloc_lock+0xc>)
10004bfc:	f000 fadc 	bl	100051b8 <__retarget_lock_acquire_recursive>
10004c00:	bd10      	pop	{r4, pc}
10004c02:	46c0      	nop			@ (mov r8, r8)
10004c04:	20001998 	.word	0x20001998

10004c08 <__malloc_unlock>:
10004c08:	b510      	push	{r4, lr}
10004c0a:	4802      	ldr	r0, [pc, #8]	@ (10004c14 <__malloc_unlock+0xc>)
10004c0c:	f000 fad6 	bl	100051bc <__retarget_lock_release_recursive>
10004c10:	bd10      	pop	{r4, pc}
10004c12:	46c0      	nop			@ (mov r8, r8)
10004c14:	20001998 	.word	0x20001998

10004c18 <__sflush_r>:
10004c18:	b5f0      	push	{r4, r5, r6, r7, lr}
10004c1a:	46c6      	mov	lr, r8
10004c1c:	b500      	push	{lr}
10004c1e:	220c      	movs	r2, #12
10004c20:	5e8b      	ldrsh	r3, [r1, r2]
10004c22:	0007      	movs	r7, r0
10004c24:	000c      	movs	r4, r1
10004c26:	071a      	lsls	r2, r3, #28
10004c28:	d44d      	bmi.n	10004cc6 <__sflush_r+0xae>
10004c2a:	2180      	movs	r1, #128	@ 0x80
10004c2c:	6862      	ldr	r2, [r4, #4]
10004c2e:	0109      	lsls	r1, r1, #4
10004c30:	4319      	orrs	r1, r3
10004c32:	81a1      	strh	r1, [r4, #12]
10004c34:	2a00      	cmp	r2, #0
10004c36:	dd69      	ble.n	10004d0c <__sflush_r+0xf4>
10004c38:	6aa5      	ldr	r5, [r4, #40]	@ 0x28
10004c3a:	2d00      	cmp	r5, #0
10004c3c:	d03f      	beq.n	10004cbe <__sflush_r+0xa6>
10004c3e:	2200      	movs	r2, #0
10004c40:	683e      	ldr	r6, [r7, #0]
10004c42:	603a      	str	r2, [r7, #0]
10004c44:	04db      	lsls	r3, r3, #19
10004c46:	d466      	bmi.n	10004d16 <__sflush_r+0xfe>
10004c48:	2200      	movs	r2, #0
10004c4a:	2301      	movs	r3, #1
10004c4c:	0038      	movs	r0, r7
10004c4e:	69e1      	ldr	r1, [r4, #28]
10004c50:	47a8      	blx	r5
10004c52:	0002      	movs	r2, r0
10004c54:	1c43      	adds	r3, r0, #1
10004c56:	d06b      	beq.n	10004d30 <__sflush_r+0x118>
10004c58:	230c      	movs	r3, #12
10004c5a:	5ee1      	ldrsh	r1, [r4, r3]
10004c5c:	6aa5      	ldr	r5, [r4, #40]	@ 0x28
10004c5e:	0749      	lsls	r1, r1, #29
10004c60:	d506      	bpl.n	10004c70 <__sflush_r+0x58>
10004c62:	6863      	ldr	r3, [r4, #4]
10004c64:	1ad2      	subs	r2, r2, r3
10004c66:	6b23      	ldr	r3, [r4, #48]	@ 0x30
10004c68:	2b00      	cmp	r3, #0
10004c6a:	d001      	beq.n	10004c70 <__sflush_r+0x58>
10004c6c:	6be3      	ldr	r3, [r4, #60]	@ 0x3c
10004c6e:	1ad2      	subs	r2, r2, r3
10004c70:	2300      	movs	r3, #0
10004c72:	0038      	movs	r0, r7
10004c74:	69e1      	ldr	r1, [r4, #28]
10004c76:	47a8      	blx	r5
10004c78:	230c      	movs	r3, #12
10004c7a:	5ee2      	ldrsh	r2, [r4, r3]
10004c7c:	1c43      	adds	r3, r0, #1
10004c7e:	d14c      	bne.n	10004d1a <__sflush_r+0x102>
10004c80:	6839      	ldr	r1, [r7, #0]
10004c82:	291d      	cmp	r1, #29
10004c84:	d85e      	bhi.n	10004d44 <__sflush_r+0x12c>
10004c86:	4b31      	ldr	r3, [pc, #196]	@ (10004d4c <__sflush_r+0x134>)
10004c88:	40cb      	lsrs	r3, r1
10004c8a:	07db      	lsls	r3, r3, #31
10004c8c:	d55a      	bpl.n	10004d44 <__sflush_r+0x12c>
10004c8e:	4b30      	ldr	r3, [pc, #192]	@ (10004d50 <__sflush_r+0x138>)
10004c90:	4013      	ands	r3, r2
10004c92:	81a3      	strh	r3, [r4, #12]
10004c94:	2300      	movs	r3, #0
10004c96:	6063      	str	r3, [r4, #4]
10004c98:	6923      	ldr	r3, [r4, #16]
10004c9a:	6023      	str	r3, [r4, #0]
10004c9c:	04d2      	lsls	r2, r2, #19
10004c9e:	d501      	bpl.n	10004ca4 <__sflush_r+0x8c>
10004ca0:	2900      	cmp	r1, #0
10004ca2:	d043      	beq.n	10004d2c <__sflush_r+0x114>
10004ca4:	6b21      	ldr	r1, [r4, #48]	@ 0x30
10004ca6:	603e      	str	r6, [r7, #0]
10004ca8:	2900      	cmp	r1, #0
10004caa:	d008      	beq.n	10004cbe <__sflush_r+0xa6>
10004cac:	0023      	movs	r3, r4
10004cae:	3340      	adds	r3, #64	@ 0x40
10004cb0:	4299      	cmp	r1, r3
10004cb2:	d002      	beq.n	10004cba <__sflush_r+0xa2>
10004cb4:	0038      	movs	r0, r7
10004cb6:	f000 fb19 	bl	100052ec <_free_r>
10004cba:	2300      	movs	r3, #0
10004cbc:	6323      	str	r3, [r4, #48]	@ 0x30
10004cbe:	2000      	movs	r0, #0
10004cc0:	bc80      	pop	{r7}
10004cc2:	46b8      	mov	r8, r7
10004cc4:	bdf0      	pop	{r4, r5, r6, r7, pc}
10004cc6:	690e      	ldr	r6, [r1, #16]
10004cc8:	2e00      	cmp	r6, #0
10004cca:	d0f8      	beq.n	10004cbe <__sflush_r+0xa6>
10004ccc:	680d      	ldr	r5, [r1, #0]
10004cce:	2200      	movs	r2, #0
10004cd0:	1bad      	subs	r5, r5, r6
10004cd2:	600e      	str	r6, [r1, #0]
10004cd4:	079b      	lsls	r3, r3, #30
10004cd6:	d100      	bne.n	10004cda <__sflush_r+0xc2>
10004cd8:	694a      	ldr	r2, [r1, #20]
10004cda:	60a2      	str	r2, [r4, #8]
10004cdc:	2d00      	cmp	r5, #0
10004cde:	dc04      	bgt.n	10004cea <__sflush_r+0xd2>
10004ce0:	e7ed      	b.n	10004cbe <__sflush_r+0xa6>
10004ce2:	1836      	adds	r6, r6, r0
10004ce4:	1a2d      	subs	r5, r5, r0
10004ce6:	2d00      	cmp	r5, #0
10004ce8:	dde9      	ble.n	10004cbe <__sflush_r+0xa6>
10004cea:	6a63      	ldr	r3, [r4, #36]	@ 0x24
10004cec:	0032      	movs	r2, r6
10004cee:	4698      	mov	r8, r3
10004cf0:	0038      	movs	r0, r7
10004cf2:	002b      	movs	r3, r5
10004cf4:	69e1      	ldr	r1, [r4, #28]
10004cf6:	47c0      	blx	r8
10004cf8:	2800      	cmp	r0, #0
10004cfa:	dcf2      	bgt.n	10004ce2 <__sflush_r+0xca>
10004cfc:	2240      	movs	r2, #64	@ 0x40
10004cfe:	89a3      	ldrh	r3, [r4, #12]
10004d00:	4313      	orrs	r3, r2
10004d02:	b21b      	sxth	r3, r3
10004d04:	2001      	movs	r0, #1
10004d06:	81a3      	strh	r3, [r4, #12]
10004d08:	4240      	negs	r0, r0
10004d0a:	e7d9      	b.n	10004cc0 <__sflush_r+0xa8>
10004d0c:	6be2      	ldr	r2, [r4, #60]	@ 0x3c
10004d0e:	2a00      	cmp	r2, #0
10004d10:	dd00      	ble.n	10004d14 <__sflush_r+0xfc>
10004d12:	e791      	b.n	10004c38 <__sflush_r+0x20>
10004d14:	e7d3      	b.n	10004cbe <__sflush_r+0xa6>
10004d16:	6d22      	ldr	r2, [r4, #80]	@ 0x50
10004d18:	e7a1      	b.n	10004c5e <__sflush_r+0x46>
10004d1a:	4b0d      	ldr	r3, [pc, #52]	@ (10004d50 <__sflush_r+0x138>)
10004d1c:	4013      	ands	r3, r2
10004d1e:	81a3      	strh	r3, [r4, #12]
10004d20:	2300      	movs	r3, #0
10004d22:	6063      	str	r3, [r4, #4]
10004d24:	6923      	ldr	r3, [r4, #16]
10004d26:	6023      	str	r3, [r4, #0]
10004d28:	04d2      	lsls	r2, r2, #19
10004d2a:	d5bb      	bpl.n	10004ca4 <__sflush_r+0x8c>
10004d2c:	6520      	str	r0, [r4, #80]	@ 0x50
10004d2e:	e7b9      	b.n	10004ca4 <__sflush_r+0x8c>
10004d30:	683b      	ldr	r3, [r7, #0]
10004d32:	2b00      	cmp	r3, #0
10004d34:	d100      	bne.n	10004d38 <__sflush_r+0x120>
10004d36:	e78f      	b.n	10004c58 <__sflush_r+0x40>
10004d38:	2b1d      	cmp	r3, #29
10004d3a:	d001      	beq.n	10004d40 <__sflush_r+0x128>
10004d3c:	2b16      	cmp	r3, #22
10004d3e:	d1dd      	bne.n	10004cfc <__sflush_r+0xe4>
10004d40:	603e      	str	r6, [r7, #0]
10004d42:	e7bc      	b.n	10004cbe <__sflush_r+0xa6>
10004d44:	2340      	movs	r3, #64	@ 0x40
10004d46:	4313      	orrs	r3, r2
10004d48:	e7dc      	b.n	10004d04 <__sflush_r+0xec>
10004d4a:	46c0      	nop			@ (mov r8, r8)
10004d4c:	20400001 	.word	0x20400001
10004d50:	fffff7ff 	.word	0xfffff7ff

10004d54 <_fflush_r>:
10004d54:	b570      	push	{r4, r5, r6, lr}
10004d56:	0005      	movs	r5, r0
10004d58:	000c      	movs	r4, r1
10004d5a:	2800      	cmp	r0, #0
10004d5c:	d002      	beq.n	10004d64 <_fflush_r+0x10>
10004d5e:	6b43      	ldr	r3, [r0, #52]	@ 0x34
10004d60:	2b00      	cmp	r3, #0
10004d62:	d027      	beq.n	10004db4 <_fflush_r+0x60>
10004d64:	220c      	movs	r2, #12
10004d66:	5ea3      	ldrsh	r3, [r4, r2]
10004d68:	2b00      	cmp	r3, #0
10004d6a:	d011      	beq.n	10004d90 <_fflush_r+0x3c>
10004d6c:	6e62      	ldr	r2, [r4, #100]	@ 0x64
10004d6e:	07d2      	lsls	r2, r2, #31
10004d70:	d401      	bmi.n	10004d76 <_fflush_r+0x22>
10004d72:	059b      	lsls	r3, r3, #22
10004d74:	d50e      	bpl.n	10004d94 <_fflush_r+0x40>
10004d76:	0028      	movs	r0, r5
10004d78:	0021      	movs	r1, r4
10004d7a:	f7ff ff4d 	bl	10004c18 <__sflush_r>
10004d7e:	6e63      	ldr	r3, [r4, #100]	@ 0x64
10004d80:	0005      	movs	r5, r0
10004d82:	07db      	lsls	r3, r3, #31
10004d84:	d402      	bmi.n	10004d8c <_fflush_r+0x38>
10004d86:	89a3      	ldrh	r3, [r4, #12]
10004d88:	059b      	lsls	r3, r3, #22
10004d8a:	d50f      	bpl.n	10004dac <_fflush_r+0x58>
10004d8c:	0028      	movs	r0, r5
10004d8e:	bd70      	pop	{r4, r5, r6, pc}
10004d90:	2500      	movs	r5, #0
10004d92:	e7fb      	b.n	10004d8c <_fflush_r+0x38>
10004d94:	6da0      	ldr	r0, [r4, #88]	@ 0x58
10004d96:	f000 fa0f 	bl	100051b8 <__retarget_lock_acquire_recursive>
10004d9a:	0028      	movs	r0, r5
10004d9c:	0021      	movs	r1, r4
10004d9e:	f7ff ff3b 	bl	10004c18 <__sflush_r>
10004da2:	6e63      	ldr	r3, [r4, #100]	@ 0x64
10004da4:	0005      	movs	r5, r0
10004da6:	07db      	lsls	r3, r3, #31
10004da8:	d4f0      	bmi.n	10004d8c <_fflush_r+0x38>
10004daa:	e7ec      	b.n	10004d86 <_fflush_r+0x32>
10004dac:	6da0      	ldr	r0, [r4, #88]	@ 0x58
10004dae:	f000 fa05 	bl	100051bc <__retarget_lock_release_recursive>
10004db2:	e7eb      	b.n	10004d8c <_fflush_r+0x38>
10004db4:	f000 f8f8 	bl	10004fa8 <__sinit>
10004db8:	e7d4      	b.n	10004d64 <_fflush_r+0x10>
10004dba:	46c0      	nop			@ (mov r8, r8)

10004dbc <fflush>:
10004dbc:	b570      	push	{r4, r5, r6, lr}
10004dbe:	1e04      	subs	r4, r0, #0
10004dc0:	d02a      	beq.n	10004e18 <fflush+0x5c>
10004dc2:	4b19      	ldr	r3, [pc, #100]	@ (10004e28 <fflush+0x6c>)
10004dc4:	681d      	ldr	r5, [r3, #0]
10004dc6:	2d00      	cmp	r5, #0
10004dc8:	d002      	beq.n	10004dd0 <fflush+0x14>
10004dca:	6b6b      	ldr	r3, [r5, #52]	@ 0x34
10004dcc:	2b00      	cmp	r3, #0
10004dce:	d017      	beq.n	10004e00 <fflush+0x44>
10004dd0:	220c      	movs	r2, #12
10004dd2:	5ea3      	ldrsh	r3, [r4, r2]
10004dd4:	2b00      	cmp	r3, #0
10004dd6:	d011      	beq.n	10004dfc <fflush+0x40>
10004dd8:	6e62      	ldr	r2, [r4, #100]	@ 0x64
10004dda:	07d2      	lsls	r2, r2, #31
10004ddc:	d401      	bmi.n	10004de2 <fflush+0x26>
10004dde:	059b      	lsls	r3, r3, #22
10004de0:	d512      	bpl.n	10004e08 <fflush+0x4c>
10004de2:	0028      	movs	r0, r5
10004de4:	0021      	movs	r1, r4
10004de6:	f7ff ff17 	bl	10004c18 <__sflush_r>
10004dea:	6e63      	ldr	r3, [r4, #100]	@ 0x64
10004dec:	0005      	movs	r5, r0
10004dee:	07db      	lsls	r3, r3, #31
10004df0:	d402      	bmi.n	10004df8 <fflush+0x3c>
10004df2:	89a3      	ldrh	r3, [r4, #12]
10004df4:	059b      	lsls	r3, r3, #22
10004df6:	d50b      	bpl.n	10004e10 <fflush+0x54>
10004df8:	0028      	movs	r0, r5
10004dfa:	bd70      	pop	{r4, r5, r6, pc}
10004dfc:	2500      	movs	r5, #0
10004dfe:	e7fb      	b.n	10004df8 <fflush+0x3c>
10004e00:	0028      	movs	r0, r5
10004e02:	f000 f8d1 	bl	10004fa8 <__sinit>
10004e06:	e7e3      	b.n	10004dd0 <fflush+0x14>
10004e08:	6da0      	ldr	r0, [r4, #88]	@ 0x58
10004e0a:	f000 f9d5 	bl	100051b8 <__retarget_lock_acquire_recursive>
10004e0e:	e7e8      	b.n	10004de2 <fflush+0x26>
10004e10:	6da0      	ldr	r0, [r4, #88]	@ 0x58
10004e12:	f000 f9d3 	bl	100051bc <__retarget_lock_release_recursive>
10004e16:	e7ef      	b.n	10004df8 <fflush+0x3c>
10004e18:	4a04      	ldr	r2, [pc, #16]	@ (10004e2c <fflush+0x70>)
10004e1a:	4905      	ldr	r1, [pc, #20]	@ (10004e30 <fflush+0x74>)
10004e1c:	4805      	ldr	r0, [pc, #20]	@ (10004e34 <fflush+0x78>)
10004e1e:	f000 f8ef 	bl	10005000 <_fwalk_sglue>
10004e22:	0005      	movs	r5, r0
10004e24:	e7e8      	b.n	10004df8 <fflush+0x3c>
10004e26:	46c0      	nop			@ (mov r8, r8)
10004e28:	200014c4 	.word	0x200014c4
10004e2c:	200014b8 	.word	0x200014b8
10004e30:	10004d55 	.word	0x10004d55
10004e34:	200014c8 	.word	0x200014c8

10004e38 <stdio_exit_handler>:
10004e38:	b510      	push	{r4, lr}
10004e3a:	4a03      	ldr	r2, [pc, #12]	@ (10004e48 <stdio_exit_handler+0x10>)
10004e3c:	4903      	ldr	r1, [pc, #12]	@ (10004e4c <stdio_exit_handler+0x14>)
10004e3e:	4804      	ldr	r0, [pc, #16]	@ (10004e50 <stdio_exit_handler+0x18>)
10004e40:	f000 f8de 	bl	10005000 <_fwalk_sglue>
10004e44:	bd10      	pop	{r4, pc}
10004e46:	46c0      	nop			@ (mov r8, r8)
10004e48:	200014b8 	.word	0x200014b8
10004e4c:	100054dd 	.word	0x100054dd
10004e50:	200014c8 	.word	0x200014c8

10004e54 <cleanup_stdio>:
10004e54:	6841      	ldr	r1, [r0, #4]
10004e56:	4b0b      	ldr	r3, [pc, #44]	@ (10004e84 <cleanup_stdio+0x30>)
10004e58:	b510      	push	{r4, lr}
10004e5a:	0004      	movs	r4, r0
10004e5c:	4299      	cmp	r1, r3
10004e5e:	d001      	beq.n	10004e64 <cleanup_stdio+0x10>
10004e60:	f000 fb3c 	bl	100054dc <_fclose_r>
10004e64:	68a1      	ldr	r1, [r4, #8]
10004e66:	4b08      	ldr	r3, [pc, #32]	@ (10004e88 <cleanup_stdio+0x34>)
10004e68:	4299      	cmp	r1, r3
10004e6a:	d002      	beq.n	10004e72 <cleanup_stdio+0x1e>
10004e6c:	0020      	movs	r0, r4
10004e6e:	f000 fb35 	bl	100054dc <_fclose_r>
10004e72:	68e1      	ldr	r1, [r4, #12]
10004e74:	4b05      	ldr	r3, [pc, #20]	@ (10004e8c <cleanup_stdio+0x38>)
10004e76:	4299      	cmp	r1, r3
10004e78:	d002      	beq.n	10004e80 <cleanup_stdio+0x2c>
10004e7a:	0020      	movs	r0, r4
10004e7c:	f000 fb2e 	bl	100054dc <_fclose_r>
10004e80:	bd10      	pop	{r4, pc}
10004e82:	46c0      	nop			@ (mov r8, r8)
10004e84:	200019cc 	.word	0x200019cc
10004e88:	20001a34 	.word	0x20001a34
10004e8c:	20001a9c 	.word	0x20001a9c

10004e90 <global_stdio_init.part.0>:
10004e90:	b5f8      	push	{r3, r4, r5, r6, r7, lr}
10004e92:	46ce      	mov	lr, r9
10004e94:	4647      	mov	r7, r8
10004e96:	4c3b      	ldr	r4, [pc, #236]	@ (10004f84 <global_stdio_init.part.0+0xf4>)
10004e98:	4b3b      	ldr	r3, [pc, #236]	@ (10004f88 <global_stdio_init.part.0+0xf8>)
10004e9a:	4a3c      	ldr	r2, [pc, #240]	@ (10004f8c <global_stdio_init.part.0+0xfc>)
10004e9c:	0020      	movs	r0, r4
10004e9e:	2500      	movs	r5, #0
10004ea0:	b580      	push	{r7, lr}
10004ea2:	601a      	str	r2, [r3, #0]
10004ea4:	2304      	movs	r3, #4
10004ea6:	2208      	movs	r2, #8
10004ea8:	2100      	movs	r1, #0
10004eaa:	305c      	adds	r0, #92	@ 0x5c
10004eac:	6025      	str	r5, [r4, #0]
10004eae:	6065      	str	r5, [r4, #4]
10004eb0:	60a5      	str	r5, [r4, #8]
10004eb2:	6665      	str	r5, [r4, #100]	@ 0x64
10004eb4:	6125      	str	r5, [r4, #16]
10004eb6:	6165      	str	r5, [r4, #20]
10004eb8:	61a5      	str	r5, [r4, #24]
10004eba:	60e3      	str	r3, [r4, #12]
10004ebc:	f7fd f896 	bl	10001fec <__wrap_memset>
10004ec0:	0020      	movs	r0, r4
10004ec2:	4b33      	ldr	r3, [pc, #204]	@ (10004f90 <global_stdio_init.part.0+0x100>)
10004ec4:	4f33      	ldr	r7, [pc, #204]	@ (10004f94 <global_stdio_init.part.0+0x104>)
10004ec6:	4e34      	ldr	r6, [pc, #208]	@ (10004f98 <global_stdio_init.part.0+0x108>)
10004ec8:	4699      	mov	r9, r3
10004eca:	6223      	str	r3, [r4, #32]
10004ecc:	4b33      	ldr	r3, [pc, #204]	@ (10004f9c <global_stdio_init.part.0+0x10c>)
10004ece:	3058      	adds	r0, #88	@ 0x58
10004ed0:	4698      	mov	r8, r3
10004ed2:	62a7      	str	r7, [r4, #40]	@ 0x28
10004ed4:	62e6      	str	r6, [r4, #44]	@ 0x2c
10004ed6:	6263      	str	r3, [r4, #36]	@ 0x24
10004ed8:	61e4      	str	r4, [r4, #28]
10004eda:	f000 f969 	bl	100051b0 <__retarget_lock_init_recursive>
10004ede:	23cc      	movs	r3, #204	@ 0xcc
10004ee0:	50e5      	str	r5, [r4, r3]
10004ee2:	4b2f      	ldr	r3, [pc, #188]	@ (10004fa0 <global_stdio_init.part.0+0x110>)
10004ee4:	0020      	movs	r0, r4
10004ee6:	6763      	str	r3, [r4, #116]	@ 0x74
10004ee8:	2380      	movs	r3, #128	@ 0x80
10004eea:	2100      	movs	r1, #0
10004eec:	2208      	movs	r2, #8
10004eee:	30c4      	adds	r0, #196	@ 0xc4
10004ef0:	50e5      	str	r5, [r4, r3]
10004ef2:	66a5      	str	r5, [r4, #104]	@ 0x68
10004ef4:	66e5      	str	r5, [r4, #108]	@ 0x6c
10004ef6:	6725      	str	r5, [r4, #112]	@ 0x70
10004ef8:	67a5      	str	r5, [r4, #120]	@ 0x78
10004efa:	67e5      	str	r5, [r4, #124]	@ 0x7c
10004efc:	f7fd f876 	bl	10001fec <__wrap_memset>
10004f00:	0022      	movs	r2, r4
10004f02:	2384      	movs	r3, #132	@ 0x84
10004f04:	3268      	adds	r2, #104	@ 0x68
10004f06:	50e2      	str	r2, [r4, r3]
10004f08:	464a      	mov	r2, r9
10004f0a:	3304      	adds	r3, #4
10004f0c:	50e2      	str	r2, [r4, r3]
10004f0e:	4642      	mov	r2, r8
10004f10:	0020      	movs	r0, r4
10004f12:	3304      	adds	r3, #4
10004f14:	50e2      	str	r2, [r4, r3]
10004f16:	3304      	adds	r3, #4
10004f18:	50e7      	str	r7, [r4, r3]
10004f1a:	30c0      	adds	r0, #192	@ 0xc0
10004f1c:	3304      	adds	r3, #4
10004f1e:	50e6      	str	r6, [r4, r3]
10004f20:	f000 f946 	bl	100051b0 <__retarget_lock_init_recursive>
10004f24:	23d0      	movs	r3, #208	@ 0xd0
10004f26:	0020      	movs	r0, r4
10004f28:	50e5      	str	r5, [r4, r3]
10004f2a:	3304      	adds	r3, #4
10004f2c:	50e5      	str	r5, [r4, r3]
10004f2e:	3304      	adds	r3, #4
10004f30:	50e5      	str	r5, [r4, r3]
10004f32:	4a1c      	ldr	r2, [pc, #112]	@ (10004fa4 <global_stdio_init.part.0+0x114>)
10004f34:	335c      	adds	r3, #92	@ 0x5c
10004f36:	50e5      	str	r5, [r4, r3]
10004f38:	3b58      	subs	r3, #88	@ 0x58
10004f3a:	50e2      	str	r2, [r4, r3]
10004f3c:	3304      	adds	r3, #4
10004f3e:	50e5      	str	r5, [r4, r3]
10004f40:	302d      	adds	r0, #45	@ 0x2d
10004f42:	3304      	adds	r3, #4
10004f44:	50e5      	str	r5, [r4, r3]
10004f46:	2100      	movs	r1, #0
10004f48:	3304      	adds	r3, #4
10004f4a:	2208      	movs	r2, #8
10004f4c:	30ff      	adds	r0, #255	@ 0xff
10004f4e:	50e5      	str	r5, [r4, r3]
10004f50:	f7fd f84c 	bl	10001fec <__wrap_memset>
10004f54:	0022      	movs	r2, r4
10004f56:	23ec      	movs	r3, #236	@ 0xec
10004f58:	32d0      	adds	r2, #208	@ 0xd0
10004f5a:	50e2      	str	r2, [r4, r3]
10004f5c:	464a      	mov	r2, r9
10004f5e:	3304      	adds	r3, #4
10004f60:	50e2      	str	r2, [r4, r3]
10004f62:	0020      	movs	r0, r4
10004f64:	4642      	mov	r2, r8
10004f66:	3304      	adds	r3, #4
10004f68:	50e2      	str	r2, [r4, r3]
10004f6a:	3029      	adds	r0, #41	@ 0x29
10004f6c:	3304      	adds	r3, #4
10004f6e:	50e7      	str	r7, [r4, r3]
10004f70:	30ff      	adds	r0, #255	@ 0xff
10004f72:	3304      	adds	r3, #4
10004f74:	50e6      	str	r6, [r4, r3]
10004f76:	f000 f91b 	bl	100051b0 <__retarget_lock_init_recursive>
10004f7a:	bcc0      	pop	{r6, r7}
10004f7c:	46b9      	mov	r9, r7
10004f7e:	46b0      	mov	r8, r6
10004f80:	bdf8      	pop	{r3, r4, r5, r6, r7, pc}
10004f82:	46c0      	nop			@ (mov r8, r8)
10004f84:	200019cc 	.word	0x200019cc
10004f88:	20001b04 	.word	0x20001b04
10004f8c:	10004e39 	.word	0x10004e39
10004f90:	10005045 	.word	0x10005045
10004f94:	100050ad 	.word	0x100050ad
10004f98:	100050d9 	.word	0x100050d9
10004f9c:	1000506d 	.word	0x1000506d
10004fa0:	00010009 	.word	0x00010009
10004fa4:	00020012 	.word	0x00020012

10004fa8 <__sinit>:
10004fa8:	b570      	push	{r4, r5, r6, lr}
10004faa:	0004      	movs	r4, r0
10004fac:	4d09      	ldr	r5, [pc, #36]	@ (10004fd4 <__sinit+0x2c>)
10004fae:	0028      	movs	r0, r5
10004fb0:	f000 f902 	bl	100051b8 <__retarget_lock_acquire_recursive>
10004fb4:	6b63      	ldr	r3, [r4, #52]	@ 0x34
10004fb6:	2b00      	cmp	r3, #0
10004fb8:	d105      	bne.n	10004fc6 <__sinit+0x1e>
10004fba:	4b07      	ldr	r3, [pc, #28]	@ (10004fd8 <__sinit+0x30>)
10004fbc:	6363      	str	r3, [r4, #52]	@ 0x34
10004fbe:	4b07      	ldr	r3, [pc, #28]	@ (10004fdc <__sinit+0x34>)
10004fc0:	681b      	ldr	r3, [r3, #0]
10004fc2:	2b00      	cmp	r3, #0
10004fc4:	d003      	beq.n	10004fce <__sinit+0x26>
10004fc6:	0028      	movs	r0, r5
10004fc8:	f000 f8f8 	bl	100051bc <__retarget_lock_release_recursive>
10004fcc:	bd70      	pop	{r4, r5, r6, pc}
10004fce:	f7ff ff5f 	bl	10004e90 <global_stdio_init.part.0>
10004fd2:	e7f8      	b.n	10004fc6 <__sinit+0x1e>
10004fd4:	2000199c 	.word	0x2000199c
10004fd8:	10004e55 	.word	0x10004e55
10004fdc:	20001b04 	.word	0x20001b04

10004fe0 <__sfp_lock_acquire>:
10004fe0:	b510      	push	{r4, lr}
10004fe2:	4802      	ldr	r0, [pc, #8]	@ (10004fec <__sfp_lock_acquire+0xc>)
10004fe4:	f000 f8e8 	bl	100051b8 <__retarget_lock_acquire_recursive>
10004fe8:	bd10      	pop	{r4, pc}
10004fea:	46c0      	nop			@ (mov r8, r8)
10004fec:	2000199c 	.word	0x2000199c

10004ff0 <__sfp_lock_release>:
10004ff0:	b510      	push	{r4, lr}
10004ff2:	4802      	ldr	r0, [pc, #8]	@ (10004ffc <__sfp_lock_release+0xc>)
10004ff4:	f000 f8e2 	bl	100051bc <__retarget_lock_release_recursive>
10004ff8:	bd10      	pop	{r4, pc}
10004ffa:	46c0      	nop			@ (mov r8, r8)
10004ffc:	2000199c 	.word	0x2000199c

10005000 <_fwalk_sglue>:
10005000:	b5f8      	push	{r3, r4, r5, r6, r7, lr}
10005002:	4647      	mov	r7, r8
10005004:	46ce      	mov	lr, r9
10005006:	4688      	mov	r8, r1
10005008:	b580      	push	{r7, lr}
1000500a:	4681      	mov	r9, r0
1000500c:	0017      	movs	r7, r2
1000500e:	2600      	movs	r6, #0
10005010:	687d      	ldr	r5, [r7, #4]
10005012:	68bc      	ldr	r4, [r7, #8]
10005014:	3d01      	subs	r5, #1
10005016:	d40d      	bmi.n	10005034 <_fwalk_sglue+0x34>
10005018:	89a3      	ldrh	r3, [r4, #12]
1000501a:	2b01      	cmp	r3, #1
1000501c:	d907      	bls.n	1000502e <_fwalk_sglue+0x2e>
1000501e:	220e      	movs	r2, #14
10005020:	5ea3      	ldrsh	r3, [r4, r2]
10005022:	3301      	adds	r3, #1
10005024:	d003      	beq.n	1000502e <_fwalk_sglue+0x2e>
10005026:	0021      	movs	r1, r4
10005028:	4648      	mov	r0, r9
1000502a:	47c0      	blx	r8
1000502c:	4306      	orrs	r6, r0
1000502e:	3468      	adds	r4, #104	@ 0x68
10005030:	3d01      	subs	r5, #1
10005032:	d2f1      	bcs.n	10005018 <_fwalk_sglue+0x18>
10005034:	683f      	ldr	r7, [r7, #0]
10005036:	2f00      	cmp	r7, #0
10005038:	d1ea      	bne.n	10005010 <_fwalk_sglue+0x10>
1000503a:	0030      	movs	r0, r6
1000503c:	bcc0      	pop	{r6, r7}
1000503e:	46b9      	mov	r9, r7
10005040:	46b0      	mov	r8, r6
10005042:	bdf8      	pop	{r3, r4, r5, r6, r7, pc}

10005044 <__sread>:
10005044:	b570      	push	{r4, r5, r6, lr}
10005046:	000c      	movs	r4, r1
10005048:	250e      	movs	r5, #14
1000504a:	5f49      	ldrsh	r1, [r1, r5]
1000504c:	f000 f870 	bl	10005130 <_read_r>
10005050:	2800      	cmp	r0, #0
10005052:	db03      	blt.n	1000505c <__sread+0x18>
10005054:	6d23      	ldr	r3, [r4, #80]	@ 0x50
10005056:	181b      	adds	r3, r3, r0
10005058:	6523      	str	r3, [r4, #80]	@ 0x50
1000505a:	bd70      	pop	{r4, r5, r6, pc}
1000505c:	89a3      	ldrh	r3, [r4, #12]
1000505e:	4a02      	ldr	r2, [pc, #8]	@ (10005068 <__sread+0x24>)
10005060:	4013      	ands	r3, r2
10005062:	81a3      	strh	r3, [r4, #12]
10005064:	e7f9      	b.n	1000505a <__sread+0x16>
10005066:	46c0      	nop			@ (mov r8, r8)
10005068:	ffffefff 	.word	0xffffefff

1000506c <__swrite>:
1000506c:	b5f8      	push	{r3, r4, r5, r6, r7, lr}
1000506e:	000c      	movs	r4, r1
10005070:	001f      	movs	r7, r3
10005072:	230c      	movs	r3, #12
10005074:	5ec9      	ldrsh	r1, [r1, r3]
10005076:	0005      	movs	r5, r0
10005078:	0016      	movs	r6, r2
1000507a:	05cb      	lsls	r3, r1, #23
1000507c:	d40a      	bmi.n	10005094 <__swrite+0x28>
1000507e:	4b0a      	ldr	r3, [pc, #40]	@ (100050a8 <__swrite+0x3c>)
10005080:	0032      	movs	r2, r6
10005082:	4019      	ands	r1, r3
10005084:	0028      	movs	r0, r5
10005086:	81a1      	strh	r1, [r4, #12]
10005088:	230e      	movs	r3, #14
1000508a:	5ee1      	ldrsh	r1, [r4, r3]
1000508c:	003b      	movs	r3, r7
1000508e:	f000 f875 	bl	1000517c <_write_r>
10005092:	bdf8      	pop	{r3, r4, r5, r6, r7, pc}
10005094:	230e      	movs	r3, #14
10005096:	5ee1      	ldrsh	r1, [r4, r3]
10005098:	2200      	movs	r2, #0
1000509a:	2302      	movs	r3, #2
1000509c:	f000 f834 	bl	10005108 <_lseek_r>
100050a0:	230c      	movs	r3, #12
100050a2:	5ee1      	ldrsh	r1, [r4, r3]
100050a4:	e7eb      	b.n	1000507e <__swrite+0x12>
100050a6:	46c0      	nop			@ (mov r8, r8)
100050a8:	ffffefff 	.word	0xffffefff

100050ac <__sseek>:
100050ac:	b570      	push	{r4, r5, r6, lr}
100050ae:	000c      	movs	r4, r1
100050b0:	250e      	movs	r5, #14
100050b2:	5f49      	ldrsh	r1, [r1, r5]
100050b4:	f000 f828 	bl	10005108 <_lseek_r>
100050b8:	220c      	movs	r2, #12
100050ba:	5ea3      	ldrsh	r3, [r4, r2]
100050bc:	1c42      	adds	r2, r0, #1
100050be:	d005      	beq.n	100050cc <__sseek+0x20>
100050c0:	2280      	movs	r2, #128	@ 0x80
100050c2:	0152      	lsls	r2, r2, #5
100050c4:	4313      	orrs	r3, r2
100050c6:	6520      	str	r0, [r4, #80]	@ 0x50
100050c8:	81a3      	strh	r3, [r4, #12]
100050ca:	bd70      	pop	{r4, r5, r6, pc}
100050cc:	4a01      	ldr	r2, [pc, #4]	@ (100050d4 <__sseek+0x28>)
100050ce:	4013      	ands	r3, r2
100050d0:	e7fa      	b.n	100050c8 <__sseek+0x1c>
100050d2:	46c0      	nop			@ (mov r8, r8)
100050d4:	ffffefff 	.word	0xffffefff

100050d8 <__sclose>:
100050d8:	b510      	push	{r4, lr}
100050da:	230e      	movs	r3, #14
100050dc:	5ec9      	ldrsh	r1, [r1, r3]
100050de:	f000 f801 	bl	100050e4 <_close_r>
100050e2:	bd10      	pop	{r4, pc}

100050e4 <_close_r>:
100050e4:	2300      	movs	r3, #0
100050e6:	b570      	push	{r4, r5, r6, lr}
100050e8:	4c06      	ldr	r4, [pc, #24]	@ (10005104 <_close_r+0x20>)
100050ea:	0005      	movs	r5, r0
100050ec:	0008      	movs	r0, r1
100050ee:	6023      	str	r3, [r4, #0]
100050f0:	f7fc ffe8 	bl	100020c4 <_close>
100050f4:	1c43      	adds	r3, r0, #1
100050f6:	d000      	beq.n	100050fa <_close_r+0x16>
100050f8:	bd70      	pop	{r4, r5, r6, pc}
100050fa:	6823      	ldr	r3, [r4, #0]
100050fc:	2b00      	cmp	r3, #0
100050fe:	d0fb      	beq.n	100050f8 <_close_r+0x14>
10005100:	602b      	str	r3, [r5, #0]
10005102:	e7f9      	b.n	100050f8 <_close_r+0x14>
10005104:	20002208 	.word	0x20002208

10005108 <_lseek_r>:
10005108:	b570      	push	{r4, r5, r6, lr}
1000510a:	0004      	movs	r4, r0
1000510c:	0008      	movs	r0, r1
1000510e:	0011      	movs	r1, r2
10005110:	001a      	movs	r2, r3
10005112:	2300      	movs	r3, #0
10005114:	4d05      	ldr	r5, [pc, #20]	@ (1000512c <_lseek_r+0x24>)
10005116:	602b      	str	r3, [r5, #0]
10005118:	f7fc ffd8 	bl	100020cc <_lseek>
1000511c:	1c43      	adds	r3, r0, #1
1000511e:	d000      	beq.n	10005122 <_lseek_r+0x1a>
10005120:	bd70      	pop	{r4, r5, r6, pc}
10005122:	682b      	ldr	r3, [r5, #0]
10005124:	2b00      	cmp	r3, #0
10005126:	d0fb      	beq.n	10005120 <_lseek_r+0x18>
10005128:	6023      	str	r3, [r4, #0]
1000512a:	e7f9      	b.n	10005120 <_lseek_r+0x18>
1000512c:	20002208 	.word	0x20002208

10005130 <_read_r>:
10005130:	b570      	push	{r4, r5, r6, lr}
10005132:	0004      	movs	r4, r0
10005134:	0008      	movs	r0, r1
10005136:	0011      	movs	r1, r2
10005138:	001a      	movs	r2, r3
1000513a:	2300      	movs	r3, #0
1000513c:	4d05      	ldr	r5, [pc, #20]	@ (10005154 <_read_r+0x24>)
1000513e:	602b      	str	r3, [r5, #0]
10005140:	f7fc ff9c 	bl	1000207c <_read>
10005144:	1c43      	adds	r3, r0, #1
10005146:	d000      	beq.n	1000514a <_read_r+0x1a>
10005148:	bd70      	pop	{r4, r5, r6, pc}
1000514a:	682b      	ldr	r3, [r5, #0]
1000514c:	2b00      	cmp	r3, #0
1000514e:	d0fb      	beq.n	10005148 <_read_r+0x18>
10005150:	6023      	str	r3, [r4, #0]
10005152:	e7f9      	b.n	10005148 <_read_r+0x18>
10005154:	20002208 	.word	0x20002208

10005158 <_sbrk_r>:
10005158:	2300      	movs	r3, #0
1000515a:	b570      	push	{r4, r5, r6, lr}
1000515c:	4c06      	ldr	r4, [pc, #24]	@ (10005178 <_sbrk_r+0x20>)
1000515e:	0005      	movs	r5, r0
10005160:	0008      	movs	r0, r1
10005162:	6023      	str	r3, [r4, #0]
10005164:	f7fc ff70 	bl	10002048 <_sbrk>
10005168:	1c43      	adds	r3, r0, #1
1000516a:	d000      	beq.n	1000516e <_sbrk_r+0x16>
1000516c:	bd70      	pop	{r4, r5, r6, pc}
1000516e:	6823      	ldr	r3, [r4, #0]
10005170:	2b00      	cmp	r3, #0
10005172:	d0fb      	beq.n	1000516c <_sbrk_r+0x14>
10005174:	602b      	str	r3, [r5, #0]
10005176:	e7f9      	b.n	1000516c <_sbrk_r+0x14>
10005178:	20002208 	.word	0x20002208

1000517c <_write_r>:
1000517c:	b570      	push	{r4, r5, r6, lr}
1000517e:	0004      	movs	r4, r0
10005180:	0008      	movs	r0, r1
10005182:	0011      	movs	r1, r2
10005184:	001a      	movs	r2, r3
10005186:	2300      	movs	r3, #0
10005188:	4d05      	ldr	r5, [pc, #20]	@ (100051a0 <_write_r+0x24>)
1000518a:	602b      	str	r3, [r5, #0]
1000518c:	f7fc ff88 	bl	100020a0 <_write>
10005190:	1c43      	adds	r3, r0, #1
10005192:	d000      	beq.n	10005196 <_write_r+0x1a>
10005194:	bd70      	pop	{r4, r5, r6, pc}
10005196:	682b      	ldr	r3, [r5, #0]
10005198:	2b00      	cmp	r3, #0
1000519a:	d0fb      	beq.n	10005194 <_write_r+0x18>
1000519c:	6023      	str	r3, [r4, #0]
1000519e:	e7f9      	b.n	10005194 <_write_r+0x18>
100051a0:	20002208 	.word	0x20002208

100051a4 <__errno>:
100051a4:	4b01      	ldr	r3, [pc, #4]	@ (100051ac <__errno+0x8>)
100051a6:	6818      	ldr	r0, [r3, #0]
100051a8:	4770      	bx	lr
100051aa:	46c0      	nop			@ (mov r8, r8)
100051ac:	200014c4 	.word	0x200014c4

100051b0 <__retarget_lock_init_recursive>:
100051b0:	4770      	bx	lr
100051b2:	46c0      	nop			@ (mov r8, r8)

100051b4 <__retarget_lock_close_recursive>:
100051b4:	4770      	bx	lr
100051b6:	46c0      	nop			@ (mov r8, r8)

100051b8 <__retarget_lock_acquire_recursive>:
100051b8:	4770      	bx	lr
100051ba:	46c0      	nop			@ (mov r8, r8)

100051bc <__retarget_lock_release_recursive>:
100051bc:	4770      	bx	lr
100051be:	46c0      	nop			@ (mov r8, r8)

100051c0 <sysconf>:
100051c0:	2380      	movs	r3, #128	@ 0x80
100051c2:	b510      	push	{r4, lr}
100051c4:	015b      	lsls	r3, r3, #5
100051c6:	2808      	cmp	r0, #8
100051c8:	d101      	bne.n	100051ce <sysconf+0xe>
100051ca:	0018      	movs	r0, r3
100051cc:	bd10      	pop	{r4, pc}
100051ce:	f7ff ffe9 	bl	100051a4 <__errno>
100051d2:	2316      	movs	r3, #22
100051d4:	6003      	str	r3, [r0, #0]
100051d6:	3b17      	subs	r3, #23
100051d8:	e7f7      	b.n	100051ca <sysconf+0xa>
100051da:	46c0      	nop			@ (mov r8, r8)

100051dc <strlen>:
100051dc:	b510      	push	{r4, lr}
100051de:	0783      	lsls	r3, r0, #30
100051e0:	d00a      	beq.n	100051f8 <strlen+0x1c>
100051e2:	0003      	movs	r3, r0
100051e4:	2103      	movs	r1, #3
100051e6:	e002      	b.n	100051ee <strlen+0x12>
100051e8:	3301      	adds	r3, #1
100051ea:	420b      	tst	r3, r1
100051ec:	d005      	beq.n	100051fa <strlen+0x1e>
100051ee:	781a      	ldrb	r2, [r3, #0]
100051f0:	2a00      	cmp	r2, #0
100051f2:	d1f9      	bne.n	100051e8 <strlen+0xc>
100051f4:	1a18      	subs	r0, r3, r0
100051f6:	bd10      	pop	{r4, pc}
100051f8:	0003      	movs	r3, r0
100051fa:	6819      	ldr	r1, [r3, #0]
100051fc:	4a0c      	ldr	r2, [pc, #48]	@ (10005230 <strlen+0x54>)
100051fe:	4c0d      	ldr	r4, [pc, #52]	@ (10005234 <strlen+0x58>)
10005200:	188a      	adds	r2, r1, r2
10005202:	438a      	bics	r2, r1
10005204:	4222      	tst	r2, r4
10005206:	d10f      	bne.n	10005228 <strlen+0x4c>
10005208:	6859      	ldr	r1, [r3, #4]
1000520a:	4a09      	ldr	r2, [pc, #36]	@ (10005230 <strlen+0x54>)
1000520c:	3304      	adds	r3, #4
1000520e:	188a      	adds	r2, r1, r2
10005210:	438a      	bics	r2, r1
10005212:	4222      	tst	r2, r4
10005214:	d108      	bne.n	10005228 <strlen+0x4c>
10005216:	6859      	ldr	r1, [r3, #4]
10005218:	4a05      	ldr	r2, [pc, #20]	@ (10005230 <strlen+0x54>)
1000521a:	3304      	adds	r3, #4
1000521c:	188a      	adds	r2, r1, r2
1000521e:	438a      	bics	r2, r1
10005220:	4222      	tst	r2, r4
10005222:	d0f1      	beq.n	10005208 <strlen+0x2c>
10005224:	e000      	b.n	10005228 <strlen+0x4c>
10005226:	3301      	adds	r3, #1
10005228:	781a      	ldrb	r2, [r3, #0]
1000522a:	2a00      	cmp	r2, #0
1000522c:	d1fb      	bne.n	10005226 <strlen+0x4a>
1000522e:	e7e1      	b.n	100051f4 <strlen+0x18>
10005230:	fefefeff 	.word	0xfefefeff
10005234:	80808080 	.word	0x80808080

10005238 <_malloc_trim_r>:
10005238:	b5f0      	push	{r4, r5, r6, r7, lr}
1000523a:	46c6      	mov	lr, r8
1000523c:	0006      	movs	r6, r0
1000523e:	b500      	push	{lr}
10005240:	2008      	movs	r0, #8
10005242:	000d      	movs	r5, r1
10005244:	f7ff ffbc 	bl	100051c0 <sysconf>
10005248:	0004      	movs	r4, r0
1000524a:	0030      	movs	r0, r6
1000524c:	f7ff fcd4 	bl	10004bf8 <__malloc_lock>
10005250:	4b23      	ldr	r3, [pc, #140]	@ (100052e0 <_malloc_trim_r+0xa8>)
10005252:	0021      	movs	r1, r4
10005254:	4698      	mov	r8, r3
10005256:	689b      	ldr	r3, [r3, #8]
10005258:	685f      	ldr	r7, [r3, #4]
1000525a:	2303      	movs	r3, #3
1000525c:	439f      	bics	r7, r3
1000525e:	0038      	movs	r0, r7
10005260:	3811      	subs	r0, #17
10005262:	1b40      	subs	r0, r0, r5
10005264:	1900      	adds	r0, r0, r4
10005266:	f7fc fbb7 	bl	100019d8 <__wrap___aeabi_uidiv>
1000526a:	1e45      	subs	r5, r0, #1
1000526c:	4365      	muls	r5, r4
1000526e:	42ac      	cmp	r4, r5
10005270:	dc08      	bgt.n	10005284 <_malloc_trim_r+0x4c>
10005272:	2100      	movs	r1, #0
10005274:	0030      	movs	r0, r6
10005276:	f7ff ff6f 	bl	10005158 <_sbrk_r>
1000527a:	4643      	mov	r3, r8
1000527c:	689b      	ldr	r3, [r3, #8]
1000527e:	19db      	adds	r3, r3, r7
10005280:	4298      	cmp	r0, r3
10005282:	d006      	beq.n	10005292 <_malloc_trim_r+0x5a>
10005284:	0030      	movs	r0, r6
10005286:	f7ff fcbf 	bl	10004c08 <__malloc_unlock>
1000528a:	2000      	movs	r0, #0
1000528c:	bc80      	pop	{r7}
1000528e:	46b8      	mov	r8, r7
10005290:	bdf0      	pop	{r4, r5, r6, r7, pc}
10005292:	0030      	movs	r0, r6
10005294:	4269      	negs	r1, r5
10005296:	f7ff ff5f 	bl	10005158 <_sbrk_r>
1000529a:	3001      	adds	r0, #1
1000529c:	d00e      	beq.n	100052bc <_malloc_trim_r+0x84>
1000529e:	2201      	movs	r2, #1
100052a0:	4643      	mov	r3, r8
100052a2:	1b7f      	subs	r7, r7, r5
100052a4:	689b      	ldr	r3, [r3, #8]
100052a6:	4317      	orrs	r7, r2
100052a8:	4a0e      	ldr	r2, [pc, #56]	@ (100052e4 <_malloc_trim_r+0xac>)
100052aa:	605f      	str	r7, [r3, #4]
100052ac:	6813      	ldr	r3, [r2, #0]
100052ae:	0030      	movs	r0, r6
100052b0:	1b5b      	subs	r3, r3, r5
100052b2:	6013      	str	r3, [r2, #0]
100052b4:	f7ff fca8 	bl	10004c08 <__malloc_unlock>
100052b8:	2001      	movs	r0, #1
100052ba:	e7e7      	b.n	1000528c <_malloc_trim_r+0x54>
100052bc:	2100      	movs	r1, #0
100052be:	0030      	movs	r0, r6
100052c0:	f7ff ff4a 	bl	10005158 <_sbrk_r>
100052c4:	4643      	mov	r3, r8
100052c6:	689a      	ldr	r2, [r3, #8]
100052c8:	1a83      	subs	r3, r0, r2
100052ca:	2b0f      	cmp	r3, #15
100052cc:	ddda      	ble.n	10005284 <_malloc_trim_r+0x4c>
100052ce:	4c06      	ldr	r4, [pc, #24]	@ (100052e8 <_malloc_trim_r+0xb0>)
100052d0:	4904      	ldr	r1, [pc, #16]	@ (100052e4 <_malloc_trim_r+0xac>)
100052d2:	6824      	ldr	r4, [r4, #0]
100052d4:	1b00      	subs	r0, r0, r4
100052d6:	6008      	str	r0, [r1, #0]
100052d8:	2101      	movs	r1, #1
100052da:	430b      	orrs	r3, r1
100052dc:	6053      	str	r3, [r2, #4]
100052de:	e7d1      	b.n	10005284 <_malloc_trim_r+0x4c>
100052e0:	200010b0 	.word	0x200010b0
100052e4:	200019a0 	.word	0x200019a0
100052e8:	200010a8 	.word	0x200010a8

100052ec <_free_r>:
100052ec:	b5f0      	push	{r4, r5, r6, r7, lr}
100052ee:	46d6      	mov	lr, sl
100052f0:	464f      	mov	r7, r9
100052f2:	4646      	mov	r6, r8
100052f4:	0005      	movs	r5, r0
100052f6:	000c      	movs	r4, r1
100052f8:	b5c0      	push	{r6, r7, lr}
100052fa:	2900      	cmp	r1, #0
100052fc:	d048      	beq.n	10005390 <_free_r+0xa4>
100052fe:	f7ff fc7b 	bl	10004bf8 <__malloc_lock>
10005302:	0021      	movs	r1, r4
10005304:	2701      	movs	r7, #1
10005306:	3908      	subs	r1, #8
10005308:	684b      	ldr	r3, [r1, #4]
1000530a:	2003      	movs	r0, #3
1000530c:	469c      	mov	ip, r3
1000530e:	43bb      	bics	r3, r7
10005310:	18ce      	adds	r6, r1, r3
10005312:	6872      	ldr	r2, [r6, #4]
10005314:	4382      	bics	r2, r0
10005316:	4660      	mov	r0, ip
10005318:	4038      	ands	r0, r7
1000531a:	4680      	mov	r8, r0
1000531c:	486a      	ldr	r0, [pc, #424]	@ (100054c8 <_free_r+0x1dc>)
1000531e:	4691      	mov	r9, r2
10005320:	6884      	ldr	r4, [r0, #8]
10005322:	42b4      	cmp	r4, r6
10005324:	d100      	bne.n	10005328 <_free_r+0x3c>
10005326:	e07c      	b.n	10005422 <_free_r+0x136>
10005328:	6072      	str	r2, [r6, #4]
1000532a:	18b4      	adds	r4, r6, r2
1000532c:	6864      	ldr	r4, [r4, #4]
1000532e:	403c      	ands	r4, r7
10005330:	46a2      	mov	sl, r4
10005332:	4644      	mov	r4, r8
10005334:	2c00      	cmp	r4, #0
10005336:	d130      	bne.n	1000539a <_free_r+0xae>
10005338:	680c      	ldr	r4, [r1, #0]
1000533a:	46a4      	mov	ip, r4
1000533c:	1b09      	subs	r1, r1, r4
1000533e:	688c      	ldr	r4, [r1, #8]
10005340:	4463      	add	r3, ip
10005342:	46a4      	mov	ip, r4
10005344:	2408      	movs	r4, #8
10005346:	46a0      	mov	r8, r4
10005348:	4480      	add	r8, r0
1000534a:	45c4      	cmp	ip, r8
1000534c:	d05c      	beq.n	10005408 <_free_r+0x11c>
1000534e:	68cc      	ldr	r4, [r1, #12]
10005350:	46a0      	mov	r8, r4
10005352:	4664      	mov	r4, ip
10005354:	4642      	mov	r2, r8
10005356:	60e2      	str	r2, [r4, #12]
10005358:	6094      	str	r4, [r2, #8]
1000535a:	4652      	mov	r2, sl
1000535c:	2a00      	cmp	r2, #0
1000535e:	d01f      	beq.n	100053a0 <_free_r+0xb4>
10005360:	431f      	orrs	r7, r3
10005362:	604f      	str	r7, [r1, #4]
10005364:	6033      	str	r3, [r6, #0]
10005366:	2280      	movs	r2, #128	@ 0x80
10005368:	0092      	lsls	r2, r2, #2
1000536a:	4293      	cmp	r3, r2
1000536c:	d230      	bcs.n	100053d0 <_free_r+0xe4>
1000536e:	08da      	lsrs	r2, r3, #3
10005370:	095c      	lsrs	r4, r3, #5
10005372:	2301      	movs	r3, #1
10005374:	40a3      	lsls	r3, r4
10005376:	6844      	ldr	r4, [r0, #4]
10005378:	4323      	orrs	r3, r4
1000537a:	6043      	str	r3, [r0, #4]
1000537c:	00d3      	lsls	r3, r2, #3
1000537e:	181b      	adds	r3, r3, r0
10005380:	689a      	ldr	r2, [r3, #8]
10005382:	60cb      	str	r3, [r1, #12]
10005384:	608a      	str	r2, [r1, #8]
10005386:	6099      	str	r1, [r3, #8]
10005388:	60d1      	str	r1, [r2, #12]
1000538a:	0028      	movs	r0, r5
1000538c:	f7ff fc3c 	bl	10004c08 <__malloc_unlock>
10005390:	bce0      	pop	{r5, r6, r7}
10005392:	46ba      	mov	sl, r7
10005394:	46b1      	mov	r9, r6
10005396:	46a8      	mov	r8, r5
10005398:	bdf0      	pop	{r4, r5, r6, r7, pc}
1000539a:	4652      	mov	r2, sl
1000539c:	2a00      	cmp	r2, #0
1000539e:	d10f      	bne.n	100053c0 <_free_r+0xd4>
100053a0:	2201      	movs	r2, #1
100053a2:	444b      	add	r3, r9
100053a4:	18cf      	adds	r7, r1, r3
100053a6:	46bc      	mov	ip, r7
100053a8:	68b4      	ldr	r4, [r6, #8]
100053aa:	4f48      	ldr	r7, [pc, #288]	@ (100054cc <_free_r+0x1e0>)
100053ac:	431a      	orrs	r2, r3
100053ae:	42bc      	cmp	r4, r7
100053b0:	d05b      	beq.n	1000546a <_free_r+0x17e>
100053b2:	68f6      	ldr	r6, [r6, #12]
100053b4:	60e6      	str	r6, [r4, #12]
100053b6:	60b4      	str	r4, [r6, #8]
100053b8:	604a      	str	r2, [r1, #4]
100053ba:	4662      	mov	r2, ip
100053bc:	6013      	str	r3, [r2, #0]
100053be:	e7d2      	b.n	10005366 <_free_r+0x7a>
100053c0:	4662      	mov	r2, ip
100053c2:	433a      	orrs	r2, r7
100053c4:	604a      	str	r2, [r1, #4]
100053c6:	2280      	movs	r2, #128	@ 0x80
100053c8:	6033      	str	r3, [r6, #0]
100053ca:	0092      	lsls	r2, r2, #2
100053cc:	4293      	cmp	r3, r2
100053ce:	d3ce      	bcc.n	1000536e <_free_r+0x82>
100053d0:	0a5c      	lsrs	r4, r3, #9
100053d2:	2c04      	cmp	r4, #4
100053d4:	d83f      	bhi.n	10005456 <_free_r+0x16a>
100053d6:	099c      	lsrs	r4, r3, #6
100053d8:	0026      	movs	r6, r4
100053da:	3439      	adds	r4, #57	@ 0x39
100053dc:	3638      	adds	r6, #56	@ 0x38
100053de:	00e4      	lsls	r4, r4, #3
100053e0:	1904      	adds	r4, r0, r4
100053e2:	6822      	ldr	r2, [r4, #0]
100053e4:	3c08      	subs	r4, #8
100053e6:	2703      	movs	r7, #3
100053e8:	4294      	cmp	r4, r2
100053ea:	d103      	bne.n	100053f4 <_free_r+0x108>
100053ec:	e04e      	b.n	1000548c <_free_r+0x1a0>
100053ee:	6892      	ldr	r2, [r2, #8]
100053f0:	4294      	cmp	r4, r2
100053f2:	d003      	beq.n	100053fc <_free_r+0x110>
100053f4:	6850      	ldr	r0, [r2, #4]
100053f6:	43b8      	bics	r0, r7
100053f8:	4298      	cmp	r0, r3
100053fa:	d8f8      	bhi.n	100053ee <_free_r+0x102>
100053fc:	68d4      	ldr	r4, [r2, #12]
100053fe:	60cc      	str	r4, [r1, #12]
10005400:	608a      	str	r2, [r1, #8]
10005402:	60a1      	str	r1, [r4, #8]
10005404:	60d1      	str	r1, [r2, #12]
10005406:	e7c0      	b.n	1000538a <_free_r+0x9e>
10005408:	4652      	mov	r2, sl
1000540a:	2a00      	cmp	r2, #0
1000540c:	d135      	bne.n	1000547a <_free_r+0x18e>
1000540e:	444b      	add	r3, r9
10005410:	001a      	movs	r2, r3
10005412:	68b0      	ldr	r0, [r6, #8]
10005414:	68f3      	ldr	r3, [r6, #12]
10005416:	4317      	orrs	r7, r2
10005418:	60c3      	str	r3, [r0, #12]
1000541a:	6098      	str	r0, [r3, #8]
1000541c:	604f      	str	r7, [r1, #4]
1000541e:	508a      	str	r2, [r1, r2]
10005420:	e7b3      	b.n	1000538a <_free_r+0x9e>
10005422:	444b      	add	r3, r9
10005424:	001a      	movs	r2, r3
10005426:	4643      	mov	r3, r8
10005428:	2b00      	cmp	r3, #0
1000542a:	d106      	bne.n	1000543a <_free_r+0x14e>
1000542c:	680b      	ldr	r3, [r1, #0]
1000542e:	1ac9      	subs	r1, r1, r3
10005430:	688c      	ldr	r4, [r1, #8]
10005432:	18d2      	adds	r2, r2, r3
10005434:	68cb      	ldr	r3, [r1, #12]
10005436:	60e3      	str	r3, [r4, #12]
10005438:	609c      	str	r4, [r3, #8]
1000543a:	2301      	movs	r3, #1
1000543c:	4313      	orrs	r3, r2
1000543e:	604b      	str	r3, [r1, #4]
10005440:	4b23      	ldr	r3, [pc, #140]	@ (100054d0 <_free_r+0x1e4>)
10005442:	6081      	str	r1, [r0, #8]
10005444:	681b      	ldr	r3, [r3, #0]
10005446:	4293      	cmp	r3, r2
10005448:	d89f      	bhi.n	1000538a <_free_r+0x9e>
1000544a:	4b22      	ldr	r3, [pc, #136]	@ (100054d4 <_free_r+0x1e8>)
1000544c:	0028      	movs	r0, r5
1000544e:	6819      	ldr	r1, [r3, #0]
10005450:	f7ff fef2 	bl	10005238 <_malloc_trim_r>
10005454:	e799      	b.n	1000538a <_free_r+0x9e>
10005456:	2c14      	cmp	r4, #20
10005458:	d913      	bls.n	10005482 <_free_r+0x196>
1000545a:	2c54      	cmp	r4, #84	@ 0x54
1000545c:	d81d      	bhi.n	1000549a <_free_r+0x1ae>
1000545e:	0b1c      	lsrs	r4, r3, #12
10005460:	0026      	movs	r6, r4
10005462:	346f      	adds	r4, #111	@ 0x6f
10005464:	366e      	adds	r6, #110	@ 0x6e
10005466:	00e4      	lsls	r4, r4, #3
10005468:	e7ba      	b.n	100053e0 <_free_r+0xf4>
1000546a:	60e1      	str	r1, [r4, #12]
1000546c:	60a1      	str	r1, [r4, #8]
1000546e:	604a      	str	r2, [r1, #4]
10005470:	4662      	mov	r2, ip
10005472:	60cc      	str	r4, [r1, #12]
10005474:	608c      	str	r4, [r1, #8]
10005476:	6013      	str	r3, [r2, #0]
10005478:	e787      	b.n	1000538a <_free_r+0x9e>
1000547a:	431f      	orrs	r7, r3
1000547c:	604f      	str	r7, [r1, #4]
1000547e:	6033      	str	r3, [r6, #0]
10005480:	e783      	b.n	1000538a <_free_r+0x9e>
10005482:	0026      	movs	r6, r4
10005484:	345c      	adds	r4, #92	@ 0x5c
10005486:	365b      	adds	r6, #91	@ 0x5b
10005488:	00e4      	lsls	r4, r4, #3
1000548a:	e7a9      	b.n	100053e0 <_free_r+0xf4>
1000548c:	2301      	movs	r3, #1
1000548e:	10b6      	asrs	r6, r6, #2
10005490:	40b3      	lsls	r3, r6
10005492:	6846      	ldr	r6, [r0, #4]
10005494:	4333      	orrs	r3, r6
10005496:	6043      	str	r3, [r0, #4]
10005498:	e7b1      	b.n	100053fe <_free_r+0x112>
1000549a:	22aa      	movs	r2, #170	@ 0xaa
1000549c:	0052      	lsls	r2, r2, #1
1000549e:	4294      	cmp	r4, r2
100054a0:	d805      	bhi.n	100054ae <_free_r+0x1c2>
100054a2:	0bdc      	lsrs	r4, r3, #15
100054a4:	0026      	movs	r6, r4
100054a6:	3478      	adds	r4, #120	@ 0x78
100054a8:	3677      	adds	r6, #119	@ 0x77
100054aa:	00e4      	lsls	r4, r4, #3
100054ac:	e798      	b.n	100053e0 <_free_r+0xf4>
100054ae:	4a0a      	ldr	r2, [pc, #40]	@ (100054d8 <_free_r+0x1ec>)
100054b0:	4294      	cmp	r4, r2
100054b2:	d805      	bhi.n	100054c0 <_free_r+0x1d4>
100054b4:	0c9c      	lsrs	r4, r3, #18
100054b6:	0026      	movs	r6, r4
100054b8:	347d      	adds	r4, #125	@ 0x7d
100054ba:	367c      	adds	r6, #124	@ 0x7c
100054bc:	00e4      	lsls	r4, r4, #3
100054be:	e78f      	b.n	100053e0 <_free_r+0xf4>
100054c0:	24fe      	movs	r4, #254	@ 0xfe
100054c2:	267e      	movs	r6, #126	@ 0x7e
100054c4:	00a4      	lsls	r4, r4, #2
100054c6:	e78b      	b.n	100053e0 <_free_r+0xf4>
100054c8:	200010b0 	.word	0x200010b0
100054cc:	200010b8 	.word	0x200010b8
100054d0:	200010ac 	.word	0x200010ac
100054d4:	200019c8 	.word	0x200019c8
100054d8:	00000554 	.word	0x00000554

100054dc <_fclose_r>:
100054dc:	b570      	push	{r4, r5, r6, lr}
100054de:	0006      	movs	r6, r0
100054e0:	1e0c      	subs	r4, r1, #0
100054e2:	d03f      	beq.n	10005564 <_fclose_r+0x88>
100054e4:	2800      	cmp	r0, #0
100054e6:	d002      	beq.n	100054ee <_fclose_r+0x12>
100054e8:	6b43      	ldr	r3, [r0, #52]	@ 0x34
100054ea:	2b00      	cmp	r3, #0
100054ec:	d047      	beq.n	1000557e <_fclose_r+0xa2>
100054ee:	2501      	movs	r5, #1
100054f0:	220c      	movs	r2, #12
100054f2:	5ea3      	ldrsh	r3, [r4, r2]
100054f4:	6e62      	ldr	r2, [r4, #100]	@ 0x64
100054f6:	422a      	tst	r2, r5
100054f8:	d132      	bne.n	10005560 <_fclose_r+0x84>
100054fa:	059b      	lsls	r3, r3, #22
100054fc:	d542      	bpl.n	10005584 <_fclose_r+0xa8>
100054fe:	0021      	movs	r1, r4
10005500:	0030      	movs	r0, r6
10005502:	f7ff fb89 	bl	10004c18 <__sflush_r>
10005506:	6ae3      	ldr	r3, [r4, #44]	@ 0x2c
10005508:	0005      	movs	r5, r0
1000550a:	2b00      	cmp	r3, #0
1000550c:	d004      	beq.n	10005518 <_fclose_r+0x3c>
1000550e:	0030      	movs	r0, r6
10005510:	69e1      	ldr	r1, [r4, #28]
10005512:	4798      	blx	r3
10005514:	2800      	cmp	r0, #0
10005516:	db28      	blt.n	1000556a <_fclose_r+0x8e>
10005518:	89a3      	ldrh	r3, [r4, #12]
1000551a:	061b      	lsls	r3, r3, #24
1000551c:	d42a      	bmi.n	10005574 <_fclose_r+0x98>
1000551e:	6b21      	ldr	r1, [r4, #48]	@ 0x30
10005520:	2900      	cmp	r1, #0
10005522:	d008      	beq.n	10005536 <_fclose_r+0x5a>
10005524:	0023      	movs	r3, r4
10005526:	3340      	adds	r3, #64	@ 0x40
10005528:	4299      	cmp	r1, r3
1000552a:	d002      	beq.n	10005532 <_fclose_r+0x56>
1000552c:	0030      	movs	r0, r6
1000552e:	f7ff fedd 	bl	100052ec <_free_r>
10005532:	2300      	movs	r3, #0
10005534:	6323      	str	r3, [r4, #48]	@ 0x30
10005536:	6c61      	ldr	r1, [r4, #68]	@ 0x44
10005538:	2900      	cmp	r1, #0
1000553a:	d004      	beq.n	10005546 <_fclose_r+0x6a>
1000553c:	0030      	movs	r0, r6
1000553e:	f7ff fed5 	bl	100052ec <_free_r>
10005542:	2300      	movs	r3, #0
10005544:	6463      	str	r3, [r4, #68]	@ 0x44
10005546:	f7ff fd4b 	bl	10004fe0 <__sfp_lock_acquire>
1000554a:	2300      	movs	r3, #0
1000554c:	81a3      	strh	r3, [r4, #12]
1000554e:	6e63      	ldr	r3, [r4, #100]	@ 0x64
10005550:	07db      	lsls	r3, r3, #31
10005552:	d525      	bpl.n	100055a0 <_fclose_r+0xc4>
10005554:	6da0      	ldr	r0, [r4, #88]	@ 0x58
10005556:	f7ff fe2d 	bl	100051b4 <__retarget_lock_close_recursive>
1000555a:	f7ff fd49 	bl	10004ff0 <__sfp_lock_release>
1000555e:	e002      	b.n	10005566 <_fclose_r+0x8a>
10005560:	2b00      	cmp	r3, #0
10005562:	d1cc      	bne.n	100054fe <_fclose_r+0x22>
10005564:	2500      	movs	r5, #0
10005566:	0028      	movs	r0, r5
10005568:	bd70      	pop	{r4, r5, r6, pc}
1000556a:	2501      	movs	r5, #1
1000556c:	89a3      	ldrh	r3, [r4, #12]
1000556e:	426d      	negs	r5, r5
10005570:	061b      	lsls	r3, r3, #24
10005572:	d5d4      	bpl.n	1000551e <_fclose_r+0x42>
10005574:	0030      	movs	r0, r6
10005576:	6921      	ldr	r1, [r4, #16]
10005578:	f7ff feb8 	bl	100052ec <_free_r>
1000557c:	e7cf      	b.n	1000551e <_fclose_r+0x42>
1000557e:	f7ff fd13 	bl	10004fa8 <__sinit>
10005582:	e7b4      	b.n	100054ee <_fclose_r+0x12>
10005584:	6da0      	ldr	r0, [r4, #88]	@ 0x58
10005586:	f7ff fe17 	bl	100051b8 <__retarget_lock_acquire_recursive>
1000558a:	220c      	movs	r2, #12
1000558c:	5ea3      	ldrsh	r3, [r4, r2]
1000558e:	2b00      	cmp	r3, #0
10005590:	d1b5      	bne.n	100054fe <_fclose_r+0x22>
10005592:	6e63      	ldr	r3, [r4, #100]	@ 0x64
10005594:	422b      	tst	r3, r5
10005596:	d1e5      	bne.n	10005564 <_fclose_r+0x88>
10005598:	6da0      	ldr	r0, [r4, #88]	@ 0x58
1000559a:	f7ff fe0f 	bl	100051bc <__retarget_lock_release_recursive>
1000559e:	e7e1      	b.n	10005564 <_fclose_r+0x88>
100055a0:	6da0      	ldr	r0, [r4, #88]	@ 0x58
100055a2:	f7ff fe0b 	bl	100051bc <__retarget_lock_release_recursive>
100055a6:	e7d5      	b.n	10005554 <_fclose_r+0x78>

100055a8 <_fini>:
100055a8:	b5f8      	push	{r3, r4, r5, r6, r7, lr}
100055aa:	46c0      	nop			@ (mov r8, r8)
100055ac:	0000      	movs	r0, r0
	...

100055b0 <__flash_do_cmd_veneer>:
100055b0:	b401      	push	{r0}
100055b2:	4802      	ldr	r0, [pc, #8]	@ (100055bc <__flash_do_cmd_veneer+0xc>)
100055b4:	4684      	mov	ip, r0
100055b6:	bc01      	pop	{r0}
100055b8:	4760      	bx	ip
100055ba:	bf00      	nop
100055bc:	20000301 	.word	0x20000301

100055c0 <__mutex_exit_veneer>:
100055c0:	b401      	push	{r0}
100055c2:	4802      	ldr	r0, [pc, #8]	@ (100055cc <__mutex_exit_veneer+0xc>)
100055c4:	4684      	mov	ip, r0
100055c6:	bc01      	pop	{r0}
100055c8:	4760      	bx	ip
100055ca:	bf00      	nop
100055cc:	20000225 	.word	0x20000225

100055d0 <____aeabi_ldiv0_veneer>:
100055d0:	b401      	push	{r0}
100055d2:	4802      	ldr	r0, [pc, #8]	@ (100055dc <____aeabi_ldiv0_veneer+0xc>)
100055d4:	4684      	mov	ip, r0
100055d6:	bc01      	pop	{r0}
100055d8:	4760      	bx	ip
100055da:	bf00      	nop
100055dc:	20000f5d 	.word	0x20000f5d

100055e0 <__e15_is_bulkin_ep_veneer>:
100055e0:	b401      	push	{r0}
100055e2:	4802      	ldr	r0, [pc, #8]	@ (100055ec <__e15_is_bulkin_ep_veneer+0xc>)
100055e4:	4684      	mov	ip, r0
100055e6:	bc01      	pop	{r0}
100055e8:	4760      	bx	ip
100055ea:	bf00      	nop
100055ec:	20000c19 	.word	0x20000c19

100055f0 <____aeabi_idiv0_veneer>:
100055f0:	b401      	push	{r0}
100055f2:	4802      	ldr	r0, [pc, #8]	@ (100055fc <____aeabi_idiv0_veneer+0xc>)
100055f4:	4684      	mov	ip, r0
100055f6:	bc01      	pop	{r0}
100055f8:	4760      	bx	ip
100055fa:	bf00      	nop
100055fc:	20000f5d 	.word	0x20000f5d

10005600 <__mutex_try_enter_veneer>:
10005600:	b401      	push	{r0}
10005602:	4802      	ldr	r0, [pc, #8]	@ (1000560c <__mutex_try_enter_veneer+0xc>)
10005604:	4684      	mov	ip, r0
10005606:	bc01      	pop	{r0}
10005608:	4760      	bx	ip
1000560a:	bf00      	nop
1000560c:	200000c1 	.word	0x200000c1

10005610 <__mutex_enter_timeout_ms_veneer>:
10005610:	b401      	push	{r0}
10005612:	4802      	ldr	r0, [pc, #8]	@ (1000561c <__mutex_enter_timeout_ms_veneer+0xc>)
10005614:	4684      	mov	ip, r0
10005616:	bc01      	pop	{r0}
10005618:	4760      	bx	ip
1000561a:	bf00      	nop
1000561c:	20000199 	.word	0x20000199

10005620 <__e15_is_critical_frame_period_veneer>:
10005620:	b401      	push	{r0}
10005622:	4802      	ldr	r0, [pc, #8]	@ (1000562c <__e15_is_critical_frame_period_veneer+0xc>)
10005624:	4684      	mov	ip, r0
10005626:	bc01      	pop	{r0}
10005628:	4760      	bx	ip
1000562a:	bf00      	nop
1000562c:	20000c41 	.word	0x20000c41

10005630 <__mutex_try_enter_block_until_veneer>:
10005630:	b401      	push	{r0}
10005632:	4802      	ldr	r0, [pc, #8]	@ (1000563c <__mutex_try_enter_block_until_veneer+0xc>)
10005634:	4684      	mov	ip, r0
10005636:	bc01      	pop	{r0}
10005638:	4760      	bx	ip
1000563a:	bf00      	nop
1000563c:	20000101 	.word	0x20000101

10005640 <__hw_endpoint_start_next_buffer_veneer>:
10005640:	b401      	push	{r0}
10005642:	4802      	ldr	r0, [pc, #8]	@ (1000564c <__hw_endpoint_start_next_buffer_veneer+0xc>)
10005644:	4684      	mov	ip, r0
10005646:	bc01      	pop	{r0}
10005648:	4760      	bx	ip
1000564a:	bf00      	nop
1000564c:	20000cd1 	.word	0x20000cd1

10005650 <__reset_non_control_endpoints_veneer>:
10005650:	b401      	push	{r0}
10005652:	4802      	ldr	r0, [pc, #8]	@ (1000565c <__reset_non_control_endpoints_veneer+0xc>)
10005654:	4684      	mov	ip, r0
10005656:	bc01      	pop	{r0}
10005658:	4760      	bx	ip
1000565a:	bf00      	nop
1000565c:	2000043d 	.word	0x2000043d

10005660 <___hw_endpoint_buffer_control_update32_veneer>:
10005660:	b401      	push	{r0}
10005662:	4802      	ldr	r0, [pc, #8]	@ (1000566c <___hw_endpoint_buffer_control_update32_veneer+0xc>)
10005664:	4684      	mov	ip, r0
10005666:	bc01      	pop	{r0}
10005668:	4760      	bx	ip
1000566a:	bf00      	nop
1000566c:	20000c81 	.word	0x20000c81

10005670 <__pre_init_runtime_init_early_resets>:
10005670:	100017b9                                ....

10005674 <__pre_init_runtime_init_usb_power_down>:
10005674:	100017e5 100019c9 10001fdd 10001e49     ............I...
10005684:	10001f4d                                M...

10005688 <__pre_init_runtime_init_clocks>:
10005688:	100018f1                                ....

1000568c <__pre_init_runtime_init_post_clock_resets>:
1000568c:	10001801                                ....

10005690 <__pre_init_runtime_init_rp2040_gpio_ie_disable>:
10005690:	10001821                                !...

10005694 <__pre_init_runtime_init_spin_locks_reset>:
10005694:	10001835                                5...

10005698 <__pre_init_runtime_init_mutex>:
10005698:	10000a29                                )...

1000569c <__pre_init_runtime_init_install_ram_vector_table>:
1000569c:	1000183d                                =...

100056a0 <__pre_init_runtime_init_default_alarm_pool>:
100056a0:	10000df5                                ....

100056a4 <__pre_init_first_per_core_initializer>:
100056a4:	10001781                                ....

100056a8 <__pre_init_runtime_init_per_core_irq_priorities>:
100056a8:	1000065d                                ]...

100056ac <__init_array_start>:
100056ac:	100029ed 	.word	0x100029ed

100056b0 <__frame_dummy_init_array_entry>:
100056b0:	100002b1                                ....

Disassembly of section .data:

200000c0 <mutex_try_enter>:
200000c0:	0003      	movs	r3, r0
200000c2:	6800      	ldr	r0, [r0, #0]
200000c4:	f3ef 8c10 	mrs	ip, PRIMASK
200000c8:	b672      	cpsid	i
200000ca:	6802      	ldr	r2, [r0, #0]
200000cc:	2a00      	cmp	r2, #0
200000ce:	d0fc      	beq.n	200000ca <mutex_try_enter+0xa>
200000d0:	f3bf 8f5f 	dmb	sy
200000d4:	2204      	movs	r2, #4
200000d6:	569a      	ldrsb	r2, [r3, r2]
200000d8:	2a00      	cmp	r2, #0
200000da:	db0b      	blt.n	200000f4 <mutex_try_enter+0x34>
200000dc:	2900      	cmp	r1, #0
200000de:	d000      	beq.n	200000e2 <mutex_try_enter+0x22>
200000e0:	600a      	str	r2, [r1, #0]
200000e2:	2000      	movs	r0, #0
200000e4:	681b      	ldr	r3, [r3, #0]
200000e6:	f3bf 8f5f 	dmb	sy
200000ea:	2200      	movs	r2, #0
200000ec:	601a      	str	r2, [r3, #0]
200000ee:	f38c 8810 	msr	PRIMASK, ip
200000f2:	4770      	bx	lr
200000f4:	22d0      	movs	r2, #208	@ 0xd0
200000f6:	0612      	lsls	r2, r2, #24
200000f8:	6812      	ldr	r2, [r2, #0]
200000fa:	2001      	movs	r0, #1
200000fc:	711a      	strb	r2, [r3, #4]
200000fe:	e7f1      	b.n	200000e4 <mutex_try_enter+0x24>

20000100 <mutex_try_enter_block_until>:
20000100:	b5f0      	push	{r4, r5, r6, r7, lr}
20000102:	46c6      	mov	lr, r8
20000104:	0015      	movs	r5, r2
20000106:	b500      	push	{lr}
20000108:	0004      	movs	r4, r0
2000010a:	001e      	movs	r6, r3
2000010c:	6802      	ldr	r2, [r0, #0]
2000010e:	f3ef 8110 	mrs	r1, PRIMASK
20000112:	b672      	cpsid	i
20000114:	6813      	ldr	r3, [r2, #0]
20000116:	2b00      	cmp	r3, #0
20000118:	d0fc      	beq.n	20000114 <mutex_try_enter_block_until+0x14>
2000011a:	f3bf 8f5f 	dmb	sy
2000011e:	2304      	movs	r3, #4
20000120:	56e3      	ldrsb	r3, [r4, r3]
20000122:	6822      	ldr	r2, [r4, #0]
20000124:	2b00      	cmp	r3, #0
20000126:	db2b      	blt.n	20000180 <mutex_try_enter_block_until+0x80>
20000128:	f3bf 8f5f 	dmb	sy
2000012c:	2000      	movs	r0, #0
2000012e:	6010      	str	r0, [r2, #0]
20000130:	f381 8810 	msr	PRIMASK, r1
20000134:	22d0      	movs	r2, #208	@ 0xd0
20000136:	0612      	lsls	r2, r2, #24
20000138:	7812      	ldrb	r2, [r2, #0]
2000013a:	2700      	movs	r7, #0
2000013c:	b252      	sxtb	r2, r2
2000013e:	4690      	mov	r8, r2
20000140:	429a      	cmp	r2, r3
20000142:	d10e      	bne.n	20000162 <mutex_try_enter_block_until+0x62>
20000144:	2000      	movs	r0, #0
20000146:	bc80      	pop	{r7}
20000148:	46b8      	mov	r8, r7
2000014a:	bdf0      	pop	{r4, r5, r6, r7, pc}
2000014c:	f3bf 8f5f 	dmb	sy
20000150:	6017      	str	r7, [r2, #0]
20000152:	f381 8810 	msr	PRIMASK, r1
20000156:	0028      	movs	r0, r5
20000158:	0031      	movs	r1, r6
2000015a:	f000 ff09 	bl	20000f70 <__best_effort_wfe_or_timeout_veneer>
2000015e:	2800      	cmp	r0, #0
20000160:	d1f0      	bne.n	20000144 <mutex_try_enter_block_until+0x44>
20000162:	6822      	ldr	r2, [r4, #0]
20000164:	f3ef 8110 	mrs	r1, PRIMASK
20000168:	b672      	cpsid	i
2000016a:	6813      	ldr	r3, [r2, #0]
2000016c:	2b00      	cmp	r3, #0
2000016e:	d0fc      	beq.n	2000016a <mutex_try_enter_block_until+0x6a>
20000170:	f3bf 8f5f 	dmb	sy
20000174:	7923      	ldrb	r3, [r4, #4]
20000176:	6822      	ldr	r2, [r4, #0]
20000178:	2b7f      	cmp	r3, #127	@ 0x7f
2000017a:	d9e7      	bls.n	2000014c <mutex_try_enter_block_until+0x4c>
2000017c:	4643      	mov	r3, r8
2000017e:	e002      	b.n	20000186 <mutex_try_enter_block_until+0x86>
20000180:	23d0      	movs	r3, #208	@ 0xd0
20000182:	061b      	lsls	r3, r3, #24
20000184:	681b      	ldr	r3, [r3, #0]
20000186:	7123      	strb	r3, [r4, #4]
20000188:	f3bf 8f5f 	dmb	sy
2000018c:	2300      	movs	r3, #0
2000018e:	6013      	str	r3, [r2, #0]
20000190:	f381 8810 	msr	PRIMASK, r1
20000194:	2001      	movs	r0, #1
20000196:	e7d6      	b.n	20000146 <mutex_try_enter_block_until+0x46>

20000198 <mutex_enter_timeout_ms>:
20000198:	b5f0      	push	{r4, r5, r6, r7, lr}
2000019a:	46c6      	mov	lr, r8
2000019c:	b500      	push	{lr}
2000019e:	000d      	movs	r5, r1
200001a0:	0004      	movs	r4, r0
200001a2:	f000 ff05 	bl	20000fb0 <__time_us_64_veneer>
200001a6:	22fa      	movs	r2, #250	@ 0xfa
200001a8:	0006      	movs	r6, r0
200001aa:	000f      	movs	r7, r1
200001ac:	2300      	movs	r3, #0
200001ae:	0028      	movs	r0, r5
200001b0:	2100      	movs	r1, #0
200001b2:	0092      	lsls	r2, r2, #2
200001b4:	f000 ff04 	bl	20000fc0 <____wrap___aeabi_lmul_veneer>
200001b8:	1836      	adds	r6, r6, r0
200001ba:	414f      	adcs	r7, r1
200001bc:	2f00      	cmp	r7, #0
200001be:	da02      	bge.n	200001c6 <mutex_enter_timeout_ms+0x2e>
200001c0:	2601      	movs	r6, #1
200001c2:	4f17      	ldr	r7, [pc, #92]	@ (20000220 <mutex_enter_timeout_ms+0x88>)
200001c4:	4276      	negs	r6, r6
200001c6:	23d0      	movs	r3, #208	@ 0xd0
200001c8:	061b      	lsls	r3, r3, #24
200001ca:	681b      	ldr	r3, [r3, #0]
200001cc:	2500      	movs	r5, #0
200001ce:	4698      	mov	r8, r3
200001d0:	e00a      	b.n	200001e8 <mutex_enter_timeout_ms+0x50>
200001d2:	f3bf 8f5f 	dmb	sy
200001d6:	6015      	str	r5, [r2, #0]
200001d8:	f381 8810 	msr	PRIMASK, r1
200001dc:	0030      	movs	r0, r6
200001de:	0039      	movs	r1, r7
200001e0:	f000 fec6 	bl	20000f70 <__best_effort_wfe_or_timeout_veneer>
200001e4:	2800      	cmp	r0, #0
200001e6:	d118      	bne.n	2000021a <mutex_enter_timeout_ms+0x82>
200001e8:	6822      	ldr	r2, [r4, #0]
200001ea:	f3ef 8110 	mrs	r1, PRIMASK
200001ee:	b672      	cpsid	i
200001f0:	6813      	ldr	r3, [r2, #0]
200001f2:	2b00      	cmp	r3, #0
200001f4:	d0fc      	beq.n	200001f0 <mutex_enter_timeout_ms+0x58>
200001f6:	f3bf 8f5f 	dmb	sy
200001fa:	7923      	ldrb	r3, [r4, #4]
200001fc:	6822      	ldr	r2, [r4, #0]
200001fe:	2b7f      	cmp	r3, #127	@ 0x7f
20000200:	d9e7      	bls.n	200001d2 <mutex_enter_timeout_ms+0x3a>
20000202:	4643      	mov	r3, r8
20000204:	7123      	strb	r3, [r4, #4]
20000206:	f3bf 8f5f 	dmb	sy
2000020a:	2300      	movs	r3, #0
2000020c:	6013      	str	r3, [r2, #0]
2000020e:	f381 8810 	msr	PRIMASK, r1
20000212:	2001      	movs	r0, #1
20000214:	bc80      	pop	{r7}
20000216:	46b8      	mov	r8, r7
20000218:	bdf0      	pop	{r4, r5, r6, r7, pc}
2000021a:	2000      	movs	r0, #0
2000021c:	e7fa      	b.n	20000214 <mutex_enter_timeout_ms+0x7c>
2000021e:	46c0      	nop			@ (mov r8, r8)
20000220:	7fffffff 	.word	0x7fffffff

20000224 <mutex_exit>:
20000224:	6802      	ldr	r2, [r0, #0]
20000226:	f3ef 8110 	mrs	r1, PRIMASK
2000022a:	b672      	cpsid	i
2000022c:	6813      	ldr	r3, [r2, #0]
2000022e:	2b00      	cmp	r3, #0
20000230:	d0fc      	beq.n	2000022c <mutex_exit+0x8>
20000232:	f3bf 8f5f 	dmb	sy
20000236:	23ff      	movs	r3, #255	@ 0xff
20000238:	7103      	strb	r3, [r0, #4]
2000023a:	6803      	ldr	r3, [r0, #0]
2000023c:	f3bf 8f5f 	dmb	sy
20000240:	2200      	movs	r2, #0
20000242:	601a      	str	r2, [r3, #0]
20000244:	f381 8810 	msr	PRIMASK, r1
20000248:	bf40      	sev
2000024a:	4770      	bx	lr

2000024c <flash_init_boot2_copyout>:
2000024c:	b510      	push	{r4, lr}
2000024e:	4c08      	ldr	r4, [pc, #32]	@ (20000270 <flash_init_boot2_copyout+0x24>)
20000250:	7823      	ldrb	r3, [r4, #0]
20000252:	2b00      	cmp	r3, #0
20000254:	d10a      	bne.n	2000026c <flash_init_boot2_copyout+0x20>
20000256:	2380      	movs	r3, #128	@ 0x80
20000258:	4806      	ldr	r0, [pc, #24]	@ (20000274 <flash_init_boot2_copyout+0x28>)
2000025a:	4907      	ldr	r1, [pc, #28]	@ (20000278 <flash_init_boot2_copyout+0x2c>)
2000025c:	055b      	lsls	r3, r3, #21
2000025e:	681a      	ldr	r2, [r3, #0]
20000260:	50c2      	str	r2, [r0, r3]
20000262:	3304      	adds	r3, #4
20000264:	428b      	cmp	r3, r1
20000266:	d1fa      	bne.n	2000025e <flash_init_boot2_copyout+0x12>
20000268:	2301      	movs	r3, #1
2000026a:	7023      	strb	r3, [r4, #0]
2000026c:	bd10      	pop	{r4, pc}
2000026e:	46c0      	nop			@ (mov r8, r8)
20000270:	2000267c 	.word	0x2000267c
20000274:	100020a0 	.word	0x100020a0
20000278:	10000100 	.word	0x10000100

2000027c <flash_enable_xip_via_boot2>:
2000027c:	b510      	push	{r4, lr}
2000027e:	4b01      	ldr	r3, [pc, #4]	@ (20000284 <flash_enable_xip_via_boot2+0x8>)
20000280:	4798      	blx	r3
20000282:	bd10      	pop	{r4, pc}
20000284:	200020a1 	.word	0x200020a1

20000288 <flash_save_hardware_state>:
20000288:	4b06      	ldr	r3, [pc, #24]	@ (200002a4 <flash_save_hardware_state+0x1c>)
2000028a:	685a      	ldr	r2, [r3, #4]
2000028c:	6002      	str	r2, [r0, #0]
2000028e:	689a      	ldr	r2, [r3, #8]
20000290:	6042      	str	r2, [r0, #4]
20000292:	68da      	ldr	r2, [r3, #12]
20000294:	6082      	str	r2, [r0, #8]
20000296:	691a      	ldr	r2, [r3, #16]
20000298:	60c2      	str	r2, [r0, #12]
2000029a:	695a      	ldr	r2, [r3, #20]
2000029c:	6102      	str	r2, [r0, #16]
2000029e:	699b      	ldr	r3, [r3, #24]
200002a0:	6143      	str	r3, [r0, #20]
200002a2:	4770      	bx	lr
200002a4:	40020000 	.word	0x40020000

200002a8 <flash_restore_hardware_state>:
200002a8:	6802      	ldr	r2, [r0, #0]
200002aa:	4b06      	ldr	r3, [pc, #24]	@ (200002c4 <flash_restore_hardware_state+0x1c>)
200002ac:	605a      	str	r2, [r3, #4]
200002ae:	6842      	ldr	r2, [r0, #4]
200002b0:	609a      	str	r2, [r3, #8]
200002b2:	6882      	ldr	r2, [r0, #8]
200002b4:	60da      	str	r2, [r3, #12]
200002b6:	68c2      	ldr	r2, [r0, #12]
200002b8:	611a      	str	r2, [r3, #16]
200002ba:	6902      	ldr	r2, [r0, #16]
200002bc:	615a      	str	r2, [r3, #20]
200002be:	6942      	ldr	r2, [r0, #20]
200002c0:	619a      	str	r2, [r3, #24]
200002c2:	4770      	bx	lr
200002c4:	40020000 	.word	0x40020000

200002c8 <flash_cs_force.constprop.0>:
200002c8:	4b03      	ldr	r3, [pc, #12]	@ (200002d8 <flash_cs_force.constprop.0+0x10>)
200002ca:	681a      	ldr	r2, [r3, #0]
200002cc:	23c0      	movs	r3, #192	@ 0xc0
200002ce:	009b      	lsls	r3, r3, #2
200002d0:	4393      	bics	r3, r2
200002d2:	4a02      	ldr	r2, [pc, #8]	@ (200002dc <flash_cs_force.constprop.0+0x14>)
200002d4:	6013      	str	r3, [r2, #0]
200002d6:	4770      	bx	lr
200002d8:	4001800c 	.word	0x4001800c
200002dc:	4001900c 	.word	0x4001900c

200002e0 <flash_cs_force.constprop.1>:
200002e0:	4b05      	ldr	r3, [pc, #20]	@ (200002f8 <flash_cs_force.constprop.1+0x18>)
200002e2:	681a      	ldr	r2, [r3, #0]
200002e4:	2380      	movs	r3, #128	@ 0x80
200002e6:	009b      	lsls	r3, r3, #2
200002e8:	4053      	eors	r3, r2
200002ea:	22c0      	movs	r2, #192	@ 0xc0
200002ec:	0092      	lsls	r2, r2, #2
200002ee:	4013      	ands	r3, r2
200002f0:	4a02      	ldr	r2, [pc, #8]	@ (200002fc <flash_cs_force.constprop.1+0x1c>)
200002f2:	6013      	str	r3, [r2, #0]
200002f4:	4770      	bx	lr
200002f6:	46c0      	nop			@ (mov r8, r8)
200002f8:	4001800c 	.word	0x4001800c
200002fc:	4001900c 	.word	0x4001900c

20000300 <flash_do_cmd>:
20000300:	2300      	movs	r3, #0
20000302:	b5f0      	push	{r4, r5, r6, r7, lr}
20000304:	46de      	mov	lr, fp
20000306:	4657      	mov	r7, sl
20000308:	464e      	mov	r6, r9
2000030a:	4645      	mov	r5, r8
2000030c:	469a      	mov	sl, r3
2000030e:	b5e0      	push	{r5, r6, r7, lr}
20000310:	b089      	sub	sp, #36	@ 0x24
20000312:	9001      	str	r0, [sp, #4]
20000314:	000e      	movs	r6, r1
20000316:	8a98      	ldrh	r0, [r3, #20]
20000318:	4945      	ldr	r1, [pc, #276]	@ (20000430 <flash_do_cmd+0x130>)
2000031a:	8b1b      	ldrh	r3, [r3, #24]
2000031c:	0014      	movs	r4, r2
2000031e:	4798      	blx	r3
20000320:	4653      	mov	r3, sl
20000322:	4681      	mov	r9, r0
20000324:	4943      	ldr	r1, [pc, #268]	@ (20000434 <flash_do_cmd+0x134>)
20000326:	8a98      	ldrh	r0, [r3, #20]
20000328:	8b1b      	ldrh	r3, [r3, #24]
2000032a:	4798      	blx	r3
2000032c:	4653      	mov	r3, sl
2000032e:	4942      	ldr	r1, [pc, #264]	@ (20000438 <flash_do_cmd+0x138>)
20000330:	0005      	movs	r5, r0
20000332:	8a98      	ldrh	r0, [r3, #20]
20000334:	8b1b      	ldrh	r3, [r3, #24]
20000336:	4798      	blx	r3
20000338:	4680      	mov	r8, r0
2000033a:	f7ff ff87 	bl	2000024c <flash_init_boot2_copyout>
2000033e:	a802      	add	r0, sp, #8
20000340:	f7ff ffa2 	bl	20000288 <flash_save_hardware_state>
20000344:	47c8      	blx	r9
20000346:	47a8      	blx	r5
20000348:	f7ff ffca 	bl	200002e0 <flash_cs_force.constprop.1>
2000034c:	1e25      	subs	r5, r4, #0
2000034e:	d022      	beq.n	20000396 <flash_do_cmd+0x96>
20000350:	2308      	movs	r3, #8
20000352:	21c0      	movs	r1, #192	@ 0xc0
20000354:	469c      	mov	ip, r3
20000356:	2002      	movs	r0, #2
20000358:	0549      	lsls	r1, r1, #21
2000035a:	4662      	mov	r2, ip
2000035c:	6a8b      	ldr	r3, [r1, #40]	@ 0x28
2000035e:	401a      	ands	r2, r3
20000360:	4218      	tst	r0, r3
20000362:	d03f      	beq.n	200003e4 <flash_do_cmd+0xe4>
20000364:	1b63      	subs	r3, r4, r5
20000366:	2d00      	cmp	r5, #0
20000368:	d12f      	bne.n	200003ca <flash_do_cmd+0xca>
2000036a:	2a00      	cmp	r2, #0
2000036c:	d111      	bne.n	20000392 <flash_do_cmd+0x92>
2000036e:	2c00      	cmp	r4, #0
20000370:	d011      	beq.n	20000396 <flash_do_cmd+0x96>
20000372:	23c0      	movs	r3, #192	@ 0xc0
20000374:	055b      	lsls	r3, r3, #21
20000376:	469b      	mov	fp, r3
20000378:	2302      	movs	r3, #2
2000037a:	469a      	mov	sl, r3
2000037c:	3306      	adds	r3, #6
2000037e:	4699      	mov	r9, r3
20000380:	465b      	mov	r3, fp
20000382:	464a      	mov	r2, r9
20000384:	4657      	mov	r7, sl
20000386:	6a9b      	ldr	r3, [r3, #40]	@ 0x28
20000388:	401a      	ands	r2, r3
2000038a:	421f      	tst	r7, r3
2000038c:	d042      	beq.n	20000414 <flash_do_cmd+0x114>
2000038e:	2a00      	cmp	r2, #0
20000390:	d0f6      	beq.n	20000380 <flash_do_cmd+0x80>
20000392:	2c00      	cmp	r4, #0
20000394:	d130      	bne.n	200003f8 <flash_do_cmd+0xf8>
20000396:	f7ff ff97 	bl	200002c8 <flash_cs_force.constprop.0>
2000039a:	47c0      	blx	r8
2000039c:	f7ff ff6e 	bl	2000027c <flash_enable_xip_via_boot2>
200003a0:	a802      	add	r0, sp, #8
200003a2:	f7ff ff81 	bl	200002a8 <flash_restore_hardware_state>
200003a6:	b009      	add	sp, #36	@ 0x24
200003a8:	bcf0      	pop	{r4, r5, r6, r7}
200003aa:	46bb      	mov	fp, r7
200003ac:	46b2      	mov	sl, r6
200003ae:	46a9      	mov	r9, r5
200003b0:	46a0      	mov	r8, r4
200003b2:	bdf0      	pop	{r4, r5, r6, r7, pc}
200003b4:	2c00      	cmp	r4, #0
200003b6:	d12f      	bne.n	20000418 <flash_do_cmd+0x118>
200003b8:	22c0      	movs	r2, #192	@ 0xc0
200003ba:	0552      	lsls	r2, r2, #21
200003bc:	6a92      	ldr	r2, [r2, #40]	@ 0x28
200003be:	4691      	mov	r9, r2
200003c0:	2208      	movs	r2, #8
200003c2:	464f      	mov	r7, r9
200003c4:	403a      	ands	r2, r7
200003c6:	07bf      	lsls	r7, r7, #30
200003c8:	d52d      	bpl.n	20000426 <flash_do_cmd+0x126>
200003ca:	2b0d      	cmp	r3, #13
200003cc:	d91b      	bls.n	20000406 <flash_do_cmd+0x106>
200003ce:	2a00      	cmp	r2, #0
200003d0:	d1f0      	bne.n	200003b4 <flash_do_cmd+0xb4>
200003d2:	22c0      	movs	r2, #192	@ 0xc0
200003d4:	0552      	lsls	r2, r2, #21
200003d6:	6a92      	ldr	r2, [r2, #40]	@ 0x28
200003d8:	4691      	mov	r9, r2
200003da:	2208      	movs	r2, #8
200003dc:	464f      	mov	r7, r9
200003de:	403a      	ands	r2, r7
200003e0:	07bf      	lsls	r7, r7, #30
200003e2:	d4f2      	bmi.n	200003ca <flash_do_cmd+0xca>
200003e4:	2a00      	cmp	r2, #0
200003e6:	d104      	bne.n	200003f2 <flash_do_cmd+0xf2>
200003e8:	002b      	movs	r3, r5
200003ea:	4323      	orrs	r3, r4
200003ec:	2b00      	cmp	r3, #0
200003ee:	d1b4      	bne.n	2000035a <flash_do_cmd+0x5a>
200003f0:	e7d1      	b.n	20000396 <flash_do_cmd+0x96>
200003f2:	002b      	movs	r3, r5
200003f4:	2c00      	cmp	r4, #0
200003f6:	d0f9      	beq.n	200003ec <flash_do_cmd+0xec>
200003f8:	6e0b      	ldr	r3, [r1, #96]	@ 0x60
200003fa:	3c01      	subs	r4, #1
200003fc:	7033      	strb	r3, [r6, #0]
200003fe:	0023      	movs	r3, r4
20000400:	3601      	adds	r6, #1
20000402:	432b      	orrs	r3, r5
20000404:	e7f2      	b.n	200003ec <flash_do_cmd+0xec>
20000406:	9f01      	ldr	r7, [sp, #4]
20000408:	3d01      	subs	r5, #1
2000040a:	783b      	ldrb	r3, [r7, #0]
2000040c:	3701      	adds	r7, #1
2000040e:	660b      	str	r3, [r1, #96]	@ 0x60
20000410:	9701      	str	r7, [sp, #4]
20000412:	e7e7      	b.n	200003e4 <flash_do_cmd+0xe4>
20000414:	2500      	movs	r5, #0
20000416:	e7e5      	b.n	200003e4 <flash_do_cmd+0xe4>
20000418:	23c0      	movs	r3, #192	@ 0xc0
2000041a:	055b      	lsls	r3, r3, #21
2000041c:	6e1b      	ldr	r3, [r3, #96]	@ 0x60
2000041e:	3c01      	subs	r4, #1
20000420:	7033      	strb	r3, [r6, #0]
20000422:	3601      	adds	r6, #1
20000424:	e799      	b.n	2000035a <flash_do_cmd+0x5a>
20000426:	002b      	movs	r3, r5
20000428:	2a00      	cmp	r2, #0
2000042a:	d1df      	bne.n	200003ec <flash_do_cmd+0xec>
2000042c:	e7dc      	b.n	200003e8 <flash_do_cmd+0xe8>
2000042e:	46c0      	nop			@ (mov r8, r8)
20000430:	00004649 	.word	0x00004649
20000434:	00005845 	.word	0x00005845
20000438:	00004346 	.word	0x00004346

2000043c <reset_non_control_endpoints>:
2000043c:	2200      	movs	r2, #0
2000043e:	4b15      	ldr	r3, [pc, #84]	@ (20000494 <reset_non_control_endpoints+0x58>)
20000440:	b510      	push	{r4, lr}
20000442:	609a      	str	r2, [r3, #8]
20000444:	60da      	str	r2, [r3, #12]
20000446:	611a      	str	r2, [r3, #16]
20000448:	615a      	str	r2, [r3, #20]
2000044a:	619a      	str	r2, [r3, #24]
2000044c:	61da      	str	r2, [r3, #28]
2000044e:	621a      	str	r2, [r3, #32]
20000450:	625a      	str	r2, [r3, #36]	@ 0x24
20000452:	629a      	str	r2, [r3, #40]	@ 0x28
20000454:	62da      	str	r2, [r3, #44]	@ 0x2c
20000456:	631a      	str	r2, [r3, #48]	@ 0x30
20000458:	635a      	str	r2, [r3, #52]	@ 0x34
2000045a:	639a      	str	r2, [r3, #56]	@ 0x38
2000045c:	63da      	str	r2, [r3, #60]	@ 0x3c
2000045e:	641a      	str	r2, [r3, #64]	@ 0x40
20000460:	645a      	str	r2, [r3, #68]	@ 0x44
20000462:	649a      	str	r2, [r3, #72]	@ 0x48
20000464:	64da      	str	r2, [r3, #76]	@ 0x4c
20000466:	651a      	str	r2, [r3, #80]	@ 0x50
20000468:	655a      	str	r2, [r3, #84]	@ 0x54
2000046a:	659a      	str	r2, [r3, #88]	@ 0x58
2000046c:	65da      	str	r2, [r3, #92]	@ 0x5c
2000046e:	661a      	str	r2, [r3, #96]	@ 0x60
20000470:	665a      	str	r2, [r3, #100]	@ 0x64
20000472:	669a      	str	r2, [r3, #104]	@ 0x68
20000474:	66da      	str	r2, [r3, #108]	@ 0x6c
20000476:	671a      	str	r2, [r3, #112]	@ 0x70
20000478:	675a      	str	r2, [r3, #116]	@ 0x74
2000047a:	679a      	str	r2, [r3, #120]	@ 0x78
2000047c:	67da      	str	r2, [r3, #124]	@ 0x7c
2000047e:	32f0      	adds	r2, #240	@ 0xf0
20000480:	0092      	lsls	r2, r2, #2
20000482:	2100      	movs	r1, #0
20000484:	4804      	ldr	r0, [pc, #16]	@ (20000498 <reset_non_control_endpoints+0x5c>)
20000486:	f000 fd6b 	bl	20000f60 <____wrap_memset_veneer>
2000048a:	4b04      	ldr	r3, [pc, #16]	@ (2000049c <reset_non_control_endpoints+0x60>)
2000048c:	4a04      	ldr	r2, [pc, #16]	@ (200004a0 <reset_non_control_endpoints+0x64>)
2000048e:	601a      	str	r2, [r3, #0]
20000490:	bd10      	pop	{r4, pc}
20000492:	46c0      	nop			@ (mov r8, r8)
20000494:	50100000 	.word	0x50100000
20000498:	20002254 	.word	0x20002254
2000049c:	2000261c 	.word	0x2000261c
200004a0:	50100180 	.word	0x50100180

200004a4 <hw_handle_buff_status>:
200004a4:	b5f0      	push	{r4, r5, r6, r7, lr}
200004a6:	464e      	mov	r6, r9
200004a8:	4645      	mov	r5, r8
200004aa:	46de      	mov	lr, fp
200004ac:	4657      	mov	r7, sl
200004ae:	b5e0      	push	{r5, r6, r7, lr}
200004b0:	4b21      	ldr	r3, [pc, #132]	@ (20000538 <hw_handle_buff_status+0x94>)
200004b2:	2400      	movs	r4, #0
200004b4:	6d9e      	ldr	r6, [r3, #88]	@ 0x58
200004b6:	2501      	movs	r5, #1
200004b8:	b085      	sub	sp, #20
200004ba:	2e00      	cmp	r6, #0
200004bc:	d022      	beq.n	20000504 <hw_handle_buff_status+0x60>
200004be:	4b1f      	ldr	r3, [pc, #124]	@ (2000053c <hw_handle_buff_status+0x98>)
200004c0:	469a      	mov	sl, r3
200004c2:	2301      	movs	r3, #1
200004c4:	4699      	mov	r9, r3
200004c6:	4b1e      	ldr	r3, [pc, #120]	@ (20000540 <hw_handle_buff_status+0x9c>)
200004c8:	4698      	mov	r8, r3
200004ca:	e001      	b.n	200004d0 <hw_handle_buff_status+0x2c>
200004cc:	2c20      	cmp	r4, #32
200004ce:	d019      	beq.n	20000504 <hw_handle_buff_status+0x60>
200004d0:	002a      	movs	r2, r5
200004d2:	0023      	movs	r3, r4
200004d4:	3401      	adds	r4, #1
200004d6:	002f      	movs	r7, r5
200004d8:	4032      	ands	r2, r6
200004da:	b2e4      	uxtb	r4, r4
200004dc:	006d      	lsls	r5, r5, #1
200004de:	2a00      	cmp	r2, #0
200004e0:	d0f4      	beq.n	200004cc <hw_handle_buff_status+0x28>
200004e2:	4652      	mov	r2, sl
200004e4:	6597      	str	r7, [r2, #88]	@ 0x58
200004e6:	464a      	mov	r2, r9
200004e8:	085b      	lsrs	r3, r3, #1
200004ea:	005b      	lsls	r3, r3, #1
200004ec:	4022      	ands	r2, r4
200004ee:	189b      	adds	r3, r3, r2
200004f0:	015b      	lsls	r3, r3, #5
200004f2:	4443      	add	r3, r8
200004f4:	0018      	movs	r0, r3
200004f6:	469b      	mov	fp, r3
200004f8:	f000 fc1e 	bl	20000d38 <hw_endpoint_xfer_continue>
200004fc:	2800      	cmp	r0, #0
200004fe:	d108      	bne.n	20000512 <hw_handle_buff_status+0x6e>
20000500:	43be      	bics	r6, r7
20000502:	d1e3      	bne.n	200004cc <hw_handle_buff_status+0x28>
20000504:	b005      	add	sp, #20
20000506:	bcf0      	pop	{r4, r5, r6, r7}
20000508:	46bb      	mov	fp, r7
2000050a:	46b2      	mov	sl, r6
2000050c:	46a9      	mov	r9, r5
2000050e:	46a0      	mov	r8, r4
20000510:	bdf0      	pop	{r4, r5, r6, r7, pc}
20000512:	465b      	mov	r3, fp
20000514:	21e0      	movs	r1, #224	@ 0xe0
20000516:	789a      	ldrb	r2, [r3, #2]
20000518:	8adb      	ldrh	r3, [r3, #22]
2000051a:	a801      	add	r0, sp, #4
2000051c:	6083      	str	r3, [r0, #8]
2000051e:	2300      	movs	r3, #0
20000520:	00c9      	lsls	r1, r1, #3
20000522:	8001      	strh	r1, [r0, #0]
20000524:	2101      	movs	r1, #1
20000526:	7102      	strb	r2, [r0, #4]
20000528:	7143      	strb	r3, [r0, #5]
2000052a:	f000 fc25 	bl	20000d78 <dcd_event_handler>
2000052e:	4658      	mov	r0, fp
20000530:	f000 fba0 	bl	20000c74 <hw_endpoint_reset_transfer>
20000534:	e7e4      	b.n	20000500 <hw_handle_buff_status+0x5c>
20000536:	46c0      	nop			@ (mov r8, r8)
20000538:	50110000 	.word	0x50110000
2000053c:	50113000 	.word	0x50113000
20000540:	20002214 	.word	0x20002214

20000544 <dcd_rp2040_irq>:
20000544:	2398      	movs	r3, #152	@ 0x98
20000546:	b5f0      	push	{r4, r5, r6, r7, lr}
20000548:	46c6      	mov	lr, r8
2000054a:	4ac8      	ldr	r2, [pc, #800]	@ (2000086c <dcd_rp2040_irq+0x328>)
2000054c:	b500      	push	{lr}
2000054e:	58d5      	ldr	r5, [r2, r3]
20000550:	2380      	movs	r3, #128	@ 0x80
20000552:	002e      	movs	r6, r5
20000554:	029b      	lsls	r3, r3, #10
20000556:	2410      	movs	r4, #16
20000558:	b084      	sub	sp, #16
2000055a:	401e      	ands	r6, r3
2000055c:	421d      	tst	r5, r3
2000055e:	d074      	beq.n	2000064a <dcd_rp2040_irq+0x106>
20000560:	4bc3      	ldr	r3, [pc, #780]	@ (20000870 <dcd_rp2040_irq+0x32c>)
20000562:	4cc4      	ldr	r4, [pc, #784]	@ (20000874 <dcd_rp2040_irq+0x330>)
20000564:	6a9a      	ldr	r2, [r3, #40]	@ 0x28
20000566:	4bc4      	ldr	r3, [pc, #784]	@ (20000878 <dcd_rp2040_irq+0x334>)
20000568:	2600      	movs	r6, #0
2000056a:	601a      	str	r2, [r3, #0]
2000056c:	233b      	movs	r3, #59	@ 0x3b
2000056e:	5ce3      	ldrb	r3, [r4, r3]
20000570:	2b02      	cmp	r3, #2
20000572:	d100      	bne.n	20000576 <dcd_rp2040_irq+0x32>
20000574:	e14f      	b.n	20000816 <dcd_rp2040_irq+0x2d2>
20000576:	237b      	movs	r3, #123	@ 0x7b
20000578:	5ce3      	ldrb	r3, [r4, r3]
2000057a:	2b02      	cmp	r3, #2
2000057c:	d100      	bne.n	20000580 <dcd_rp2040_irq+0x3c>
2000057e:	e0f3      	b.n	20000768 <dcd_rp2040_irq+0x224>
20000580:	23bb      	movs	r3, #187	@ 0xbb
20000582:	5ce3      	ldrb	r3, [r4, r3]
20000584:	2b02      	cmp	r3, #2
20000586:	d100      	bne.n	2000058a <dcd_rp2040_irq+0x46>
20000588:	e0fa      	b.n	20000780 <dcd_rp2040_irq+0x23c>
2000058a:	23fb      	movs	r3, #251	@ 0xfb
2000058c:	5ce3      	ldrb	r3, [r4, r3]
2000058e:	2b02      	cmp	r3, #2
20000590:	d100      	bne.n	20000594 <dcd_rp2040_irq+0x50>
20000592:	e101      	b.n	20000798 <dcd_rp2040_irq+0x254>
20000594:	233c      	movs	r3, #60	@ 0x3c
20000596:	33ff      	adds	r3, #255	@ 0xff
20000598:	5ce3      	ldrb	r3, [r4, r3]
2000059a:	2b02      	cmp	r3, #2
2000059c:	d100      	bne.n	200005a0 <dcd_rp2040_irq+0x5c>
2000059e:	e12d      	b.n	200007fc <dcd_rp2040_irq+0x2b8>
200005a0:	237c      	movs	r3, #124	@ 0x7c
200005a2:	33ff      	adds	r3, #255	@ 0xff
200005a4:	5ce3      	ldrb	r3, [r4, r3]
200005a6:	2b02      	cmp	r3, #2
200005a8:	d100      	bne.n	200005ac <dcd_rp2040_irq+0x68>
200005aa:	e10e      	b.n	200007ca <dcd_rp2040_irq+0x286>
200005ac:	23bc      	movs	r3, #188	@ 0xbc
200005ae:	33ff      	adds	r3, #255	@ 0xff
200005b0:	5ce3      	ldrb	r3, [r4, r3]
200005b2:	2b02      	cmp	r3, #2
200005b4:	d100      	bne.n	200005b8 <dcd_rp2040_irq+0x74>
200005b6:	e13f      	b.n	20000838 <dcd_rp2040_irq+0x2f4>
200005b8:	23fc      	movs	r3, #252	@ 0xfc
200005ba:	33ff      	adds	r3, #255	@ 0xff
200005bc:	5ce3      	ldrb	r3, [r4, r3]
200005be:	2b02      	cmp	r3, #2
200005c0:	d100      	bne.n	200005c4 <dcd_rp2040_irq+0x80>
200005c2:	e0f5      	b.n	200007b0 <dcd_rp2040_irq+0x26c>
200005c4:	4bad      	ldr	r3, [pc, #692]	@ (2000087c <dcd_rp2040_irq+0x338>)
200005c6:	5ce3      	ldrb	r3, [r4, r3]
200005c8:	2b02      	cmp	r3, #2
200005ca:	d100      	bne.n	200005ce <dcd_rp2040_irq+0x8a>
200005cc:	e174      	b.n	200008b8 <dcd_rp2040_irq+0x374>
200005ce:	4bac      	ldr	r3, [pc, #688]	@ (20000880 <dcd_rp2040_irq+0x33c>)
200005d0:	5ce3      	ldrb	r3, [r4, r3]
200005d2:	2b02      	cmp	r3, #2
200005d4:	d100      	bne.n	200005d8 <dcd_rp2040_irq+0x94>
200005d6:	e105      	b.n	200007e4 <dcd_rp2040_irq+0x2a0>
200005d8:	4baa      	ldr	r3, [pc, #680]	@ (20000884 <dcd_rp2040_irq+0x340>)
200005da:	5ce3      	ldrb	r3, [r4, r3]
200005dc:	2b02      	cmp	r3, #2
200005de:	d100      	bne.n	200005e2 <dcd_rp2040_irq+0x9e>
200005e0:	e175      	b.n	200008ce <dcd_rp2040_irq+0x38a>
200005e2:	4ba9      	ldr	r3, [pc, #676]	@ (20000888 <dcd_rp2040_irq+0x344>)
200005e4:	5ce3      	ldrb	r3, [r4, r3]
200005e6:	2b02      	cmp	r3, #2
200005e8:	d100      	bne.n	200005ec <dcd_rp2040_irq+0xa8>
200005ea:	e132      	b.n	20000852 <dcd_rp2040_irq+0x30e>
200005ec:	4ba7      	ldr	r3, [pc, #668]	@ (2000088c <dcd_rp2040_irq+0x348>)
200005ee:	5ce3      	ldrb	r3, [r4, r3]
200005f0:	2b02      	cmp	r3, #2
200005f2:	d100      	bne.n	200005f6 <dcd_rp2040_irq+0xb2>
200005f4:	e1a0      	b.n	20000938 <dcd_rp2040_irq+0x3f4>
200005f6:	4ba6      	ldr	r3, [pc, #664]	@ (20000890 <dcd_rp2040_irq+0x34c>)
200005f8:	5ce3      	ldrb	r3, [r4, r3]
200005fa:	2b02      	cmp	r3, #2
200005fc:	d100      	bne.n	20000600 <dcd_rp2040_irq+0xbc>
200005fe:	e171      	b.n	200008e4 <dcd_rp2040_irq+0x3a0>
20000600:	4ba4      	ldr	r3, [pc, #656]	@ (20000894 <dcd_rp2040_irq+0x350>)
20000602:	5ce3      	ldrb	r3, [r4, r3]
20000604:	2b02      	cmp	r3, #2
20000606:	d100      	bne.n	2000060a <dcd_rp2040_irq+0xc6>
20000608:	e1a1      	b.n	2000094e <dcd_rp2040_irq+0x40a>
2000060a:	4ba3      	ldr	r3, [pc, #652]	@ (20000898 <dcd_rp2040_irq+0x354>)
2000060c:	5ce3      	ldrb	r3, [r4, r3]
2000060e:	2b02      	cmp	r3, #2
20000610:	d100      	bne.n	20000614 <dcd_rp2040_irq+0xd0>
20000612:	e17f      	b.n	20000914 <dcd_rp2040_irq+0x3d0>
20000614:	2e00      	cmp	r6, #0
20000616:	d108      	bne.n	2000062a <dcd_rp2040_irq+0xe6>
20000618:	4ba0      	ldr	r3, [pc, #640]	@ (2000089c <dcd_rp2040_irq+0x358>)
2000061a:	781b      	ldrb	r3, [r3, #0]
2000061c:	2b00      	cmp	r3, #0
2000061e:	d104      	bne.n	2000062a <dcd_rp2040_irq+0xe6>
20000620:	2180      	movs	r1, #128	@ 0x80
20000622:	4a9f      	ldr	r2, [pc, #636]	@ (200008a0 <dcd_rp2040_irq+0x35c>)
20000624:	3390      	adds	r3, #144	@ 0x90
20000626:	0289      	lsls	r1, r1, #10
20000628:	50d1      	str	r1, [r2, r3]
2000062a:	22c0      	movs	r2, #192	@ 0xc0
2000062c:	4669      	mov	r1, sp
2000062e:	4b8f      	ldr	r3, [pc, #572]	@ (2000086c <dcd_rp2040_irq+0x328>)
20000630:	0092      	lsls	r2, r2, #2
20000632:	6c9b      	ldr	r3, [r3, #72]	@ 0x48
20000634:	2680      	movs	r6, #128	@ 0x80
20000636:	055b      	lsls	r3, r3, #21
20000638:	808a      	strh	r2, [r1, #4]
2000063a:	0d5b      	lsrs	r3, r3, #21
2000063c:	2101      	movs	r1, #1
2000063e:	a801      	add	r0, sp, #4
20000640:	9302      	str	r3, [sp, #8]
20000642:	f000 fb99 	bl	20000d78 <dcd_event_handler>
20000646:	4c97      	ldr	r4, [pc, #604]	@ (200008a4 <dcd_rp2040_irq+0x360>)
20000648:	02b6      	lsls	r6, r6, #10
2000064a:	06eb      	lsls	r3, r5, #27
2000064c:	d500      	bpl.n	20000650 <dcd_rp2040_irq+0x10c>
2000064e:	e07f      	b.n	20000750 <dcd_rp2040_irq+0x20c>
20000650:	2380      	movs	r3, #128	@ 0x80
20000652:	025b      	lsls	r3, r3, #9
20000654:	421d      	tst	r5, r3
20000656:	d031      	beq.n	200006bc <dcd_rp2040_irq+0x178>
20000658:	431e      	orrs	r6, r3
2000065a:	2301      	movs	r3, #1
2000065c:	2402      	movs	r4, #2
2000065e:	4698      	mov	r8, r3
20000660:	4f84      	ldr	r7, [pc, #528]	@ (20000874 <dcd_rp2040_irq+0x330>)
20000662:	7ebb      	ldrb	r3, [r7, #26]
20000664:	2b00      	cmp	r3, #0
20000666:	d014      	beq.n	20000692 <dcd_rp2040_irq+0x14e>
20000668:	f000 fc8a 	bl	20000f80 <__rp2040_chip_version_veneer>
2000066c:	2801      	cmp	r0, #1
2000066e:	d900      	bls.n	20000672 <dcd_rp2040_irq+0x12e>
20000670:	e072      	b.n	20000758 <dcd_rp2040_irq+0x214>
20000672:	22c0      	movs	r2, #192	@ 0xc0
20000674:	2100      	movs	r1, #0
20000676:	0038      	movs	r0, r7
20000678:	0192      	lsls	r2, r2, #6
2000067a:	f000 fb01 	bl	20000c80 <_hw_endpoint_buffer_control_update32>
2000067e:	0038      	movs	r0, r7
20000680:	f000 faf8 	bl	20000c74 <hw_endpoint_reset_transfer>
20000684:	f000 fc7c 	bl	20000f80 <__rp2040_chip_version_veneer>
20000688:	2801      	cmp	r0, #1
2000068a:	d902      	bls.n	20000692 <dcd_rp2040_irq+0x14e>
2000068c:	4b84      	ldr	r3, [pc, #528]	@ (200008a0 <dcd_rp2040_irq+0x35c>)
2000068e:	665c      	str	r4, [r3, #100]	@ 0x64
20000690:	661c      	str	r4, [r3, #96]	@ 0x60
20000692:	4643      	mov	r3, r8
20000694:	70fb      	strb	r3, [r7, #3]
20000696:	3720      	adds	r7, #32
20000698:	2c01      	cmp	r4, #1
2000069a:	d122      	bne.n	200006e2 <dcd_rp2040_irq+0x19e>
2000069c:	23c0      	movs	r3, #192	@ 0xc0
2000069e:	466a      	mov	r2, sp
200006a0:	00db      	lsls	r3, r3, #3
200006a2:	8093      	strh	r3, [r2, #4]
200006a4:	4a80      	ldr	r2, [pc, #512]	@ (200008a8 <dcd_rp2040_irq+0x364>)
200006a6:	ab02      	add	r3, sp, #8
200006a8:	ca03      	ldmia	r2!, {r0, r1}
200006aa:	c303      	stmia	r3!, {r0, r1}
200006ac:	2101      	movs	r1, #1
200006ae:	a801      	add	r0, sp, #4
200006b0:	f000 fb62 	bl	20000d78 <dcd_event_handler>
200006b4:	2280      	movs	r2, #128	@ 0x80
200006b6:	4b7a      	ldr	r3, [pc, #488]	@ (200008a0 <dcd_rp2040_irq+0x35c>)
200006b8:	0292      	lsls	r2, r2, #10
200006ba:	651a      	str	r2, [r3, #80]	@ 0x50
200006bc:	2380      	movs	r3, #128	@ 0x80
200006be:	015b      	lsls	r3, r3, #5
200006c0:	421d      	tst	r5, r3
200006c2:	d110      	bne.n	200006e6 <dcd_rp2040_irq+0x1a2>
200006c4:	2380      	movs	r3, #128	@ 0x80
200006c6:	01db      	lsls	r3, r3, #7
200006c8:	421d      	tst	r5, r3
200006ca:	d123      	bne.n	20000714 <dcd_rp2040_irq+0x1d0>
200006cc:	2380      	movs	r3, #128	@ 0x80
200006ce:	021b      	lsls	r3, r3, #8
200006d0:	421d      	tst	r5, r3
200006d2:	d12f      	bne.n	20000734 <dcd_rp2040_irq+0x1f0>
200006d4:	42ae      	cmp	r6, r5
200006d6:	d000      	beq.n	200006da <dcd_rp2040_irq+0x196>
200006d8:	e1c0      	b.n	20000a5c <dcd_rp2040_irq+0x518>
200006da:	b004      	add	sp, #16
200006dc:	bc80      	pop	{r7}
200006de:	46b8      	mov	r8, r7
200006e0:	bdf0      	pop	{r4, r5, r6, r7, pc}
200006e2:	2401      	movs	r4, #1
200006e4:	e7bd      	b.n	20000662 <dcd_rp2040_irq+0x11e>
200006e6:	2400      	movs	r4, #0
200006e8:	431e      	orrs	r6, r3
200006ea:	4b60      	ldr	r3, [pc, #384]	@ (2000086c <dcd_rp2040_irq+0x328>)
200006ec:	601c      	str	r4, [r3, #0]
200006ee:	f7ff fea5 	bl	2000043c <reset_non_control_endpoints>
200006f2:	2380      	movs	r3, #128	@ 0x80
200006f4:	466a      	mov	r2, sp
200006f6:	005b      	lsls	r3, r3, #1
200006f8:	8093      	strh	r3, [r2, #4]
200006fa:	7214      	strb	r4, [r2, #8]
200006fc:	2101      	movs	r1, #1
200006fe:	a801      	add	r0, sp, #4
20000700:	f000 fb3a 	bl	20000d78 <dcd_event_handler>
20000704:	2280      	movs	r2, #128	@ 0x80
20000706:	4b66      	ldr	r3, [pc, #408]	@ (200008a0 <dcd_rp2040_irq+0x35c>)
20000708:	0312      	lsls	r2, r2, #12
2000070a:	651a      	str	r2, [r3, #80]	@ 0x50
2000070c:	2380      	movs	r3, #128	@ 0x80
2000070e:	01db      	lsls	r3, r3, #7
20000710:	421d      	tst	r5, r3
20000712:	d0db      	beq.n	200006cc <dcd_rp2040_irq+0x188>
20000714:	431e      	orrs	r6, r3
20000716:	2380      	movs	r3, #128	@ 0x80
20000718:	466a      	mov	r2, sp
2000071a:	00db      	lsls	r3, r3, #3
2000071c:	8093      	strh	r3, [r2, #4]
2000071e:	2101      	movs	r1, #1
20000720:	a801      	add	r0, sp, #4
20000722:	f000 fb29 	bl	20000d78 <dcd_event_handler>
20000726:	2210      	movs	r2, #16
20000728:	4b5d      	ldr	r3, [pc, #372]	@ (200008a0 <dcd_rp2040_irq+0x35c>)
2000072a:	651a      	str	r2, [r3, #80]	@ 0x50
2000072c:	2380      	movs	r3, #128	@ 0x80
2000072e:	021b      	lsls	r3, r3, #8
20000730:	421d      	tst	r5, r3
20000732:	d0cf      	beq.n	200006d4 <dcd_rp2040_irq+0x190>
20000734:	431e      	orrs	r6, r3
20000736:	23a0      	movs	r3, #160	@ 0xa0
20000738:	466a      	mov	r2, sp
2000073a:	00db      	lsls	r3, r3, #3
2000073c:	8093      	strh	r3, [r2, #4]
2000073e:	2101      	movs	r1, #1
20000740:	a801      	add	r0, sp, #4
20000742:	f000 fb19 	bl	20000d78 <dcd_event_handler>
20000746:	2280      	movs	r2, #128	@ 0x80
20000748:	4b55      	ldr	r3, [pc, #340]	@ (200008a0 <dcd_rp2040_irq+0x35c>)
2000074a:	0112      	lsls	r2, r2, #4
2000074c:	651a      	str	r2, [r3, #80]	@ 0x50
2000074e:	e7c1      	b.n	200006d4 <dcd_rp2040_irq+0x190>
20000750:	f7ff fea8 	bl	200004a4 <hw_handle_buff_status>
20000754:	0026      	movs	r6, r4
20000756:	e77b      	b.n	20000650 <dcd_rp2040_irq+0x10c>
20000758:	4b54      	ldr	r3, [pc, #336]	@ (200008ac <dcd_rp2040_irq+0x368>)
2000075a:	4a44      	ldr	r2, [pc, #272]	@ (2000086c <dcd_rp2040_irq+0x328>)
2000075c:	661c      	str	r4, [r3, #96]	@ 0x60
2000075e:	6e53      	ldr	r3, [r2, #100]	@ 0x64
20000760:	4023      	ands	r3, r4
20000762:	42a3      	cmp	r3, r4
20000764:	d1fb      	bne.n	2000075e <dcd_rp2040_irq+0x21a>
20000766:	e784      	b.n	20000672 <dcd_rp2040_irq+0x12e>
20000768:	3378      	adds	r3, #120	@ 0x78
2000076a:	5ce7      	ldrb	r7, [r4, r3]
2000076c:	2f00      	cmp	r7, #0
2000076e:	d100      	bne.n	20000772 <dcd_rp2040_irq+0x22e>
20000770:	e706      	b.n	20000580 <dcd_rp2040_irq+0x3c>
20000772:	3302      	adds	r3, #2
20000774:	5ce2      	ldrb	r2, [r4, r3]
20000776:	2a00      	cmp	r2, #0
20000778:	d000      	beq.n	2000077c <dcd_rp2040_irq+0x238>
2000077a:	e10d      	b.n	20000998 <dcd_rp2040_irq+0x454>
2000077c:	003e      	movs	r6, r7
2000077e:	e6ff      	b.n	20000580 <dcd_rp2040_irq+0x3c>
20000780:	33b8      	adds	r3, #184	@ 0xb8
20000782:	5ce7      	ldrb	r7, [r4, r3]
20000784:	2f00      	cmp	r7, #0
20000786:	d100      	bne.n	2000078a <dcd_rp2040_irq+0x246>
20000788:	e6ff      	b.n	2000058a <dcd_rp2040_irq+0x46>
2000078a:	3302      	adds	r3, #2
2000078c:	5ce2      	ldrb	r2, [r4, r3]
2000078e:	2a00      	cmp	r2, #0
20000790:	d000      	beq.n	20000794 <dcd_rp2040_irq+0x250>
20000792:	e0f9      	b.n	20000988 <dcd_rp2040_irq+0x444>
20000794:	003e      	movs	r6, r7
20000796:	e6f8      	b.n	2000058a <dcd_rp2040_irq+0x46>
20000798:	33f8      	adds	r3, #248	@ 0xf8
2000079a:	5ce7      	ldrb	r7, [r4, r3]
2000079c:	2f00      	cmp	r7, #0
2000079e:	d100      	bne.n	200007a2 <dcd_rp2040_irq+0x25e>
200007a0:	e6f8      	b.n	20000594 <dcd_rp2040_irq+0x50>
200007a2:	3302      	adds	r3, #2
200007a4:	5ce2      	ldrb	r2, [r4, r3]
200007a6:	2a00      	cmp	r2, #0
200007a8:	d000      	beq.n	200007ac <dcd_rp2040_irq+0x268>
200007aa:	e141      	b.n	20000a30 <dcd_rp2040_irq+0x4ec>
200007ac:	003e      	movs	r6, r7
200007ae:	e6f1      	b.n	20000594 <dcd_rp2040_irq+0x50>
200007b0:	33f9      	adds	r3, #249	@ 0xf9
200007b2:	33ff      	adds	r3, #255	@ 0xff
200007b4:	5ce7      	ldrb	r7, [r4, r3]
200007b6:	2f00      	cmp	r7, #0
200007b8:	d100      	bne.n	200007bc <dcd_rp2040_irq+0x278>
200007ba:	e703      	b.n	200005c4 <dcd_rp2040_irq+0x80>
200007bc:	3302      	adds	r3, #2
200007be:	5ce2      	ldrb	r2, [r4, r3]
200007c0:	2a00      	cmp	r2, #0
200007c2:	d000      	beq.n	200007c6 <dcd_rp2040_irq+0x282>
200007c4:	e12b      	b.n	20000a1e <dcd_rp2040_irq+0x4da>
200007c6:	003e      	movs	r6, r7
200007c8:	e6fc      	b.n	200005c4 <dcd_rp2040_irq+0x80>
200007ca:	3379      	adds	r3, #121	@ 0x79
200007cc:	33ff      	adds	r3, #255	@ 0xff
200007ce:	5ce7      	ldrb	r7, [r4, r3]
200007d0:	2f00      	cmp	r7, #0
200007d2:	d100      	bne.n	200007d6 <dcd_rp2040_irq+0x292>
200007d4:	e6ea      	b.n	200005ac <dcd_rp2040_irq+0x68>
200007d6:	3302      	adds	r3, #2
200007d8:	5ce2      	ldrb	r2, [r4, r3]
200007da:	2a00      	cmp	r2, #0
200007dc:	d000      	beq.n	200007e0 <dcd_rp2040_irq+0x29c>
200007de:	e115      	b.n	20000a0c <dcd_rp2040_irq+0x4c8>
200007e0:	003e      	movs	r6, r7
200007e2:	e6e3      	b.n	200005ac <dcd_rp2040_irq+0x68>
200007e4:	4b32      	ldr	r3, [pc, #200]	@ (200008b0 <dcd_rp2040_irq+0x36c>)
200007e6:	5ce7      	ldrb	r7, [r4, r3]
200007e8:	2f00      	cmp	r7, #0
200007ea:	d100      	bne.n	200007ee <dcd_rp2040_irq+0x2aa>
200007ec:	e6f4      	b.n	200005d8 <dcd_rp2040_irq+0x94>
200007ee:	3302      	adds	r3, #2
200007f0:	5ce2      	ldrb	r2, [r4, r3]
200007f2:	2a00      	cmp	r2, #0
200007f4:	d000      	beq.n	200007f8 <dcd_rp2040_irq+0x2b4>
200007f6:	e101      	b.n	200009fc <dcd_rp2040_irq+0x4b8>
200007f8:	003e      	movs	r6, r7
200007fa:	e6ed      	b.n	200005d8 <dcd_rp2040_irq+0x94>
200007fc:	3339      	adds	r3, #57	@ 0x39
200007fe:	33ff      	adds	r3, #255	@ 0xff
20000800:	5ce7      	ldrb	r7, [r4, r3]
20000802:	2f00      	cmp	r7, #0
20000804:	d100      	bne.n	20000808 <dcd_rp2040_irq+0x2c4>
20000806:	e6cb      	b.n	200005a0 <dcd_rp2040_irq+0x5c>
20000808:	3302      	adds	r3, #2
2000080a:	5ce2      	ldrb	r2, [r4, r3]
2000080c:	2a00      	cmp	r2, #0
2000080e:	d000      	beq.n	20000812 <dcd_rp2040_irq+0x2ce>
20000810:	e0eb      	b.n	200009ea <dcd_rp2040_irq+0x4a6>
20000812:	003e      	movs	r6, r7
20000814:	e6c4      	b.n	200005a0 <dcd_rp2040_irq+0x5c>
20000816:	3338      	adds	r3, #56	@ 0x38
20000818:	5ce6      	ldrb	r6, [r4, r3]
2000081a:	2e00      	cmp	r6, #0
2000081c:	d100      	bne.n	20000820 <dcd_rp2040_irq+0x2dc>
2000081e:	e6aa      	b.n	20000576 <dcd_rp2040_irq+0x32>
20000820:	3302      	adds	r3, #2
20000822:	5ce2      	ldrb	r2, [r4, r3]
20000824:	2a00      	cmp	r2, #0
20000826:	d100      	bne.n	2000082a <dcd_rp2040_irq+0x2e6>
20000828:	e6a5      	b.n	20000576 <dcd_rp2040_irq+0x32>
2000082a:	0020      	movs	r0, r4
2000082c:	2200      	movs	r2, #0
2000082e:	3020      	adds	r0, #32
20000830:	54e2      	strb	r2, [r4, r3]
20000832:	f000 fa4d 	bl	20000cd0 <hw_endpoint_start_next_buffer>
20000836:	e69e      	b.n	20000576 <dcd_rp2040_irq+0x32>
20000838:	33b9      	adds	r3, #185	@ 0xb9
2000083a:	33ff      	adds	r3, #255	@ 0xff
2000083c:	5ce7      	ldrb	r7, [r4, r3]
2000083e:	2f00      	cmp	r7, #0
20000840:	d100      	bne.n	20000844 <dcd_rp2040_irq+0x300>
20000842:	e6b9      	b.n	200005b8 <dcd_rp2040_irq+0x74>
20000844:	3302      	adds	r3, #2
20000846:	5ce2      	ldrb	r2, [r4, r3]
20000848:	2a00      	cmp	r2, #0
2000084a:	d000      	beq.n	2000084e <dcd_rp2040_irq+0x30a>
2000084c:	e0c4      	b.n	200009d8 <dcd_rp2040_irq+0x494>
2000084e:	003e      	movs	r6, r7
20000850:	e6b2      	b.n	200005b8 <dcd_rp2040_irq+0x74>
20000852:	4b18      	ldr	r3, [pc, #96]	@ (200008b4 <dcd_rp2040_irq+0x370>)
20000854:	5ce7      	ldrb	r7, [r4, r3]
20000856:	2f00      	cmp	r7, #0
20000858:	d100      	bne.n	2000085c <dcd_rp2040_irq+0x318>
2000085a:	e6c7      	b.n	200005ec <dcd_rp2040_irq+0xa8>
2000085c:	3302      	adds	r3, #2
2000085e:	5ce2      	ldrb	r2, [r4, r3]
20000860:	2a00      	cmp	r2, #0
20000862:	d000      	beq.n	20000866 <dcd_rp2040_irq+0x322>
20000864:	e0b0      	b.n	200009c8 <dcd_rp2040_irq+0x484>
20000866:	003e      	movs	r6, r7
20000868:	e6c0      	b.n	200005ec <dcd_rp2040_irq+0xa8>
2000086a:	46c0      	nop			@ (mov r8, r8)
2000086c:	50110000 	.word	0x50110000
20000870:	40054000 	.word	0x40054000
20000874:	20002214 	.word	0x20002214
20000878:	20002204 	.word	0x20002204
2000087c:	0000023b 	.word	0x0000023b
20000880:	0000027b 	.word	0x0000027b
20000884:	000002bb 	.word	0x000002bb
20000888:	000002fb 	.word	0x000002fb
2000088c:	0000033b 	.word	0x0000033b
20000890:	0000037b 	.word	0x0000037b
20000894:	000003bb 	.word	0x000003bb
20000898:	000003fb 	.word	0x000003fb
2000089c:	2000267a 	.word	0x2000267a
200008a0:	50113000 	.word	0x50113000
200008a4:	00020010 	.word	0x00020010
200008a8:	50100000 	.word	0x50100000
200008ac:	50112000 	.word	0x50112000
200008b0:	0000027a 	.word	0x0000027a
200008b4:	000002fa 	.word	0x000002fa
200008b8:	4b6b      	ldr	r3, [pc, #428]	@ (20000a68 <dcd_rp2040_irq+0x524>)
200008ba:	5ce7      	ldrb	r7, [r4, r3]
200008bc:	2f00      	cmp	r7, #0
200008be:	d100      	bne.n	200008c2 <dcd_rp2040_irq+0x37e>
200008c0:	e685      	b.n	200005ce <dcd_rp2040_irq+0x8a>
200008c2:	3302      	adds	r3, #2
200008c4:	5ce2      	ldrb	r2, [r4, r3]
200008c6:	2a00      	cmp	r2, #0
200008c8:	d176      	bne.n	200009b8 <dcd_rp2040_irq+0x474>
200008ca:	003e      	movs	r6, r7
200008cc:	e67f      	b.n	200005ce <dcd_rp2040_irq+0x8a>
200008ce:	4b67      	ldr	r3, [pc, #412]	@ (20000a6c <dcd_rp2040_irq+0x528>)
200008d0:	5ce7      	ldrb	r7, [r4, r3]
200008d2:	2f00      	cmp	r7, #0
200008d4:	d100      	bne.n	200008d8 <dcd_rp2040_irq+0x394>
200008d6:	e684      	b.n	200005e2 <dcd_rp2040_irq+0x9e>
200008d8:	3302      	adds	r3, #2
200008da:	5ce2      	ldrb	r2, [r4, r3]
200008dc:	2a00      	cmp	r2, #0
200008de:	d163      	bne.n	200009a8 <dcd_rp2040_irq+0x464>
200008e0:	003e      	movs	r6, r7
200008e2:	e67e      	b.n	200005e2 <dcd_rp2040_irq+0x9e>
200008e4:	4b62      	ldr	r3, [pc, #392]	@ (20000a70 <dcd_rp2040_irq+0x52c>)
200008e6:	5ce7      	ldrb	r7, [r4, r3]
200008e8:	2f00      	cmp	r7, #0
200008ea:	d100      	bne.n	200008ee <dcd_rp2040_irq+0x3aa>
200008ec:	e688      	b.n	20000600 <dcd_rp2040_irq+0xbc>
200008ee:	3302      	adds	r3, #2
200008f0:	5ce2      	ldrb	r2, [r4, r3]
200008f2:	2a00      	cmp	r2, #0
200008f4:	d000      	beq.n	200008f8 <dcd_rp2040_irq+0x3b4>
200008f6:	e0a3      	b.n	20000a40 <dcd_rp2040_irq+0x4fc>
200008f8:	4b5e      	ldr	r3, [pc, #376]	@ (20000a74 <dcd_rp2040_irq+0x530>)
200008fa:	5ce3      	ldrb	r3, [r4, r3]
200008fc:	2b02      	cmp	r3, #2
200008fe:	d130      	bne.n	20000962 <dcd_rp2040_irq+0x41e>
20000900:	4b5d      	ldr	r3, [pc, #372]	@ (20000a78 <dcd_rp2040_irq+0x534>)
20000902:	5ce3      	ldrb	r3, [r4, r3]
20000904:	2b00      	cmp	r3, #0
20000906:	d127      	bne.n	20000958 <dcd_rp2040_irq+0x414>
20000908:	4b5c      	ldr	r3, [pc, #368]	@ (20000a7c <dcd_rp2040_irq+0x538>)
2000090a:	5ce3      	ldrb	r3, [r4, r3]
2000090c:	2b02      	cmp	r3, #2
2000090e:	d000      	beq.n	20000912 <dcd_rp2040_irq+0x3ce>
20000910:	e68b      	b.n	2000062a <dcd_rp2040_irq+0xe6>
20000912:	003e      	movs	r6, r7
20000914:	4b5a      	ldr	r3, [pc, #360]	@ (20000a80 <dcd_rp2040_irq+0x53c>)
20000916:	5ce3      	ldrb	r3, [r4, r3]
20000918:	2b00      	cmp	r3, #0
2000091a:	d100      	bne.n	2000091e <dcd_rp2040_irq+0x3da>
2000091c:	e67a      	b.n	20000614 <dcd_rp2040_irq+0xd0>
2000091e:	23ff      	movs	r3, #255	@ 0xff
20000920:	009b      	lsls	r3, r3, #2
20000922:	5ce2      	ldrb	r2, [r4, r3]
20000924:	2a00      	cmp	r2, #0
20000926:	d100      	bne.n	2000092a <dcd_rp2040_irq+0x3e6>
20000928:	e67f      	b.n	2000062a <dcd_rp2040_irq+0xe6>
2000092a:	2200      	movs	r2, #0
2000092c:	54e2      	strb	r2, [r4, r3]
2000092e:	3b1c      	subs	r3, #28
20000930:	18e0      	adds	r0, r4, r3
20000932:	f000 f9cd 	bl	20000cd0 <hw_endpoint_start_next_buffer>
20000936:	e678      	b.n	2000062a <dcd_rp2040_irq+0xe6>
20000938:	4b52      	ldr	r3, [pc, #328]	@ (20000a84 <dcd_rp2040_irq+0x540>)
2000093a:	5ce7      	ldrb	r7, [r4, r3]
2000093c:	2f00      	cmp	r7, #0
2000093e:	d100      	bne.n	20000942 <dcd_rp2040_irq+0x3fe>
20000940:	e659      	b.n	200005f6 <dcd_rp2040_irq+0xb2>
20000942:	3302      	adds	r3, #2
20000944:	5ce2      	ldrb	r2, [r4, r3]
20000946:	2a00      	cmp	r2, #0
20000948:	d116      	bne.n	20000978 <dcd_rp2040_irq+0x434>
2000094a:	003e      	movs	r6, r7
2000094c:	e653      	b.n	200005f6 <dcd_rp2040_irq+0xb2>
2000094e:	4b4a      	ldr	r3, [pc, #296]	@ (20000a78 <dcd_rp2040_irq+0x534>)
20000950:	5ce3      	ldrb	r3, [r4, r3]
20000952:	2b00      	cmp	r3, #0
20000954:	d100      	bne.n	20000958 <dcd_rp2040_irq+0x414>
20000956:	e658      	b.n	2000060a <dcd_rp2040_irq+0xc6>
20000958:	23ef      	movs	r3, #239	@ 0xef
2000095a:	009b      	lsls	r3, r3, #2
2000095c:	5ce2      	ldrb	r2, [r4, r3]
2000095e:	2a00      	cmp	r2, #0
20000960:	d175      	bne.n	20000a4e <dcd_rp2040_irq+0x50a>
20000962:	4b46      	ldr	r3, [pc, #280]	@ (20000a7c <dcd_rp2040_irq+0x538>)
20000964:	5ce3      	ldrb	r3, [r4, r3]
20000966:	2b02      	cmp	r3, #2
20000968:	d000      	beq.n	2000096c <dcd_rp2040_irq+0x428>
2000096a:	e65e      	b.n	2000062a <dcd_rp2040_irq+0xe6>
2000096c:	4b44      	ldr	r3, [pc, #272]	@ (20000a80 <dcd_rp2040_irq+0x53c>)
2000096e:	5ce3      	ldrb	r3, [r4, r3]
20000970:	2b00      	cmp	r3, #0
20000972:	d100      	bne.n	20000976 <dcd_rp2040_irq+0x432>
20000974:	e659      	b.n	2000062a <dcd_rp2040_irq+0xe6>
20000976:	e7d2      	b.n	2000091e <dcd_rp2040_irq+0x3da>
20000978:	2200      	movs	r2, #0
2000097a:	54e2      	strb	r2, [r4, r3]
2000097c:	3b1c      	subs	r3, #28
2000097e:	18e0      	adds	r0, r4, r3
20000980:	f000 f9a6 	bl	20000cd0 <hw_endpoint_start_next_buffer>
20000984:	003e      	movs	r6, r7
20000986:	e636      	b.n	200005f6 <dcd_rp2040_irq+0xb2>
20000988:	0020      	movs	r0, r4
2000098a:	2200      	movs	r2, #0
2000098c:	30a0      	adds	r0, #160	@ 0xa0
2000098e:	54e2      	strb	r2, [r4, r3]
20000990:	003e      	movs	r6, r7
20000992:	f000 f99d 	bl	20000cd0 <hw_endpoint_start_next_buffer>
20000996:	e5f8      	b.n	2000058a <dcd_rp2040_irq+0x46>
20000998:	0020      	movs	r0, r4
2000099a:	2200      	movs	r2, #0
2000099c:	3060      	adds	r0, #96	@ 0x60
2000099e:	54e2      	strb	r2, [r4, r3]
200009a0:	003e      	movs	r6, r7
200009a2:	f000 f995 	bl	20000cd0 <hw_endpoint_start_next_buffer>
200009a6:	e5eb      	b.n	20000580 <dcd_rp2040_irq+0x3c>
200009a8:	2200      	movs	r2, #0
200009aa:	54e2      	strb	r2, [r4, r3]
200009ac:	3b1c      	subs	r3, #28
200009ae:	18e0      	adds	r0, r4, r3
200009b0:	f000 f98e 	bl	20000cd0 <hw_endpoint_start_next_buffer>
200009b4:	003e      	movs	r6, r7
200009b6:	e614      	b.n	200005e2 <dcd_rp2040_irq+0x9e>
200009b8:	2200      	movs	r2, #0
200009ba:	54e2      	strb	r2, [r4, r3]
200009bc:	3b1c      	subs	r3, #28
200009be:	18e0      	adds	r0, r4, r3
200009c0:	f000 f986 	bl	20000cd0 <hw_endpoint_start_next_buffer>
200009c4:	003e      	movs	r6, r7
200009c6:	e602      	b.n	200005ce <dcd_rp2040_irq+0x8a>
200009c8:	2200      	movs	r2, #0
200009ca:	54e2      	strb	r2, [r4, r3]
200009cc:	3b1c      	subs	r3, #28
200009ce:	18e0      	adds	r0, r4, r3
200009d0:	f000 f97e 	bl	20000cd0 <hw_endpoint_start_next_buffer>
200009d4:	003e      	movs	r6, r7
200009d6:	e609      	b.n	200005ec <dcd_rp2040_irq+0xa8>
200009d8:	0020      	movs	r0, r4
200009da:	2200      	movs	r2, #0
200009dc:	30a1      	adds	r0, #161	@ 0xa1
200009de:	30ff      	adds	r0, #255	@ 0xff
200009e0:	54e2      	strb	r2, [r4, r3]
200009e2:	003e      	movs	r6, r7
200009e4:	f000 f974 	bl	20000cd0 <hw_endpoint_start_next_buffer>
200009e8:	e5e6      	b.n	200005b8 <dcd_rp2040_irq+0x74>
200009ea:	0020      	movs	r0, r4
200009ec:	2200      	movs	r2, #0
200009ee:	3021      	adds	r0, #33	@ 0x21
200009f0:	30ff      	adds	r0, #255	@ 0xff
200009f2:	54e2      	strb	r2, [r4, r3]
200009f4:	003e      	movs	r6, r7
200009f6:	f000 f96b 	bl	20000cd0 <hw_endpoint_start_next_buffer>
200009fa:	e5d1      	b.n	200005a0 <dcd_rp2040_irq+0x5c>
200009fc:	2200      	movs	r2, #0
200009fe:	54e2      	strb	r2, [r4, r3]
20000a00:	3b1c      	subs	r3, #28
20000a02:	18e0      	adds	r0, r4, r3
20000a04:	f000 f964 	bl	20000cd0 <hw_endpoint_start_next_buffer>
20000a08:	003e      	movs	r6, r7
20000a0a:	e5e5      	b.n	200005d8 <dcd_rp2040_irq+0x94>
20000a0c:	0020      	movs	r0, r4
20000a0e:	2200      	movs	r2, #0
20000a10:	3061      	adds	r0, #97	@ 0x61
20000a12:	30ff      	adds	r0, #255	@ 0xff
20000a14:	54e2      	strb	r2, [r4, r3]
20000a16:	003e      	movs	r6, r7
20000a18:	f000 f95a 	bl	20000cd0 <hw_endpoint_start_next_buffer>
20000a1c:	e5c6      	b.n	200005ac <dcd_rp2040_irq+0x68>
20000a1e:	0020      	movs	r0, r4
20000a20:	2200      	movs	r2, #0
20000a22:	30e1      	adds	r0, #225	@ 0xe1
20000a24:	30ff      	adds	r0, #255	@ 0xff
20000a26:	54e2      	strb	r2, [r4, r3]
20000a28:	003e      	movs	r6, r7
20000a2a:	f000 f951 	bl	20000cd0 <hw_endpoint_start_next_buffer>
20000a2e:	e5c9      	b.n	200005c4 <dcd_rp2040_irq+0x80>
20000a30:	0020      	movs	r0, r4
20000a32:	2200      	movs	r2, #0
20000a34:	30e0      	adds	r0, #224	@ 0xe0
20000a36:	54e2      	strb	r2, [r4, r3]
20000a38:	003e      	movs	r6, r7
20000a3a:	f000 f949 	bl	20000cd0 <hw_endpoint_start_next_buffer>
20000a3e:	e5a9      	b.n	20000594 <dcd_rp2040_irq+0x50>
20000a40:	2200      	movs	r2, #0
20000a42:	54e2      	strb	r2, [r4, r3]
20000a44:	3b1c      	subs	r3, #28
20000a46:	18e0      	adds	r0, r4, r3
20000a48:	f000 f942 	bl	20000cd0 <hw_endpoint_start_next_buffer>
20000a4c:	e754      	b.n	200008f8 <dcd_rp2040_irq+0x3b4>
20000a4e:	2200      	movs	r2, #0
20000a50:	54e2      	strb	r2, [r4, r3]
20000a52:	3b1c      	subs	r3, #28
20000a54:	18e0      	adds	r0, r4, r3
20000a56:	f000 f93b 	bl	20000cd0 <hw_endpoint_start_next_buffer>
20000a5a:	e782      	b.n	20000962 <dcd_rp2040_irq+0x41e>
20000a5c:	0031      	movs	r1, r6
20000a5e:	480a      	ldr	r0, [pc, #40]	@ (20000a88 <dcd_rp2040_irq+0x544>)
20000a60:	4069      	eors	r1, r5
20000a62:	f000 fa95 	bl	20000f90 <__panic_veneer>
20000a66:	46c0      	nop			@ (mov r8, r8)
20000a68:	0000023a 	.word	0x0000023a
20000a6c:	000002ba 	.word	0x000002ba
20000a70:	0000037a 	.word	0x0000037a
20000a74:	000003bb 	.word	0x000003bb
20000a78:	000003ba 	.word	0x000003ba
20000a7c:	000003fb 	.word	0x000003fb
20000a80:	000003fa 	.word	0x000003fa
20000a84:	0000033a 	.word	0x0000033a
20000a88:	100057b4 	.word	0x100057b4

20000a8c <prepare_ep_buffer>:
20000a8c:	b5f0      	push	{r4, r5, r6, r7, lr}
20000a8e:	46c6      	mov	lr, r8
20000a90:	b500      	push	{lr}
20000a92:	0002      	movs	r2, r0
20000a94:	8a83      	ldrh	r3, [r0, #20]
20000a96:	8b00      	ldrh	r0, [r0, #24]
20000a98:	468c      	mov	ip, r1
20000a9a:	1c01      	adds	r1, r0, #0
20000a9c:	4298      	cmp	r0, r3
20000a9e:	d900      	bls.n	20000aa2 <prepare_ep_buffer+0x16>
20000aa0:	1c19      	adds	r1, r3, #0
20000aa2:	78d4      	ldrb	r4, [r2, #3]
20000aa4:	2580      	movs	r5, #128	@ 0x80
20000aa6:	0020      	movs	r0, r4
20000aa8:	1e46      	subs	r6, r0, #1
20000aaa:	41b0      	sbcs	r0, r6
20000aac:	b289      	uxth	r1, r1
20000aae:	00ed      	lsls	r5, r5, #3
20000ab0:	430d      	orrs	r5, r1
20000ab2:	0340      	lsls	r0, r0, #13
20000ab4:	4328      	orrs	r0, r5
20000ab6:	2501      	movs	r5, #1
20000ab8:	406c      	eors	r4, r5
20000aba:	1a5b      	subs	r3, r3, r1
20000abc:	70d4      	strb	r4, [r2, #3]
20000abe:	7854      	ldrb	r4, [r2, #1]
20000ac0:	b29b      	uxth	r3, r3
20000ac2:	8293      	strh	r3, [r2, #20]
20000ac4:	2c00      	cmp	r4, #0
20000ac6:	d131      	bne.n	20000b2c <prepare_ep_buffer+0xa0>
20000ac8:	4664      	mov	r4, ip
20000aca:	68d5      	ldr	r5, [r2, #12]
20000acc:	01a4      	lsls	r4, r4, #6
20000ace:	1e4e      	subs	r6, r1, #1
20000ad0:	192d      	adds	r5, r5, r4
20000ad2:	46b0      	mov	r8, r6
20000ad4:	6914      	ldr	r4, [r2, #16]
20000ad6:	2900      	cmp	r1, #0
20000ad8:	d023      	beq.n	20000b22 <prepare_ep_buffer+0x96>
20000ada:	2e06      	cmp	r6, #6
20000adc:	d932      	bls.n	20000b44 <prepare_ep_buffer+0xb8>
20000ade:	002b      	movs	r3, r5
20000ae0:	4323      	orrs	r3, r4
20000ae2:	079b      	lsls	r3, r3, #30
20000ae4:	d12e      	bne.n	20000b44 <prepare_ep_buffer+0xb8>
20000ae6:	1c63      	adds	r3, r4, #1
20000ae8:	1aeb      	subs	r3, r5, r3
20000aea:	2b02      	cmp	r3, #2
20000aec:	d92a      	bls.n	20000b44 <prepare_ep_buffer+0xb8>
20000aee:	2300      	movs	r3, #0
20000af0:	088f      	lsrs	r7, r1, #2
20000af2:	00bf      	lsls	r7, r7, #2
20000af4:	58e6      	ldr	r6, [r4, r3]
20000af6:	50ee      	str	r6, [r5, r3]
20000af8:	3304      	adds	r3, #4
20000afa:	429f      	cmp	r7, r3
20000afc:	d1fa      	bne.n	20000af4 <prepare_ep_buffer+0x68>
20000afe:	4643      	mov	r3, r8
20000b00:	19ed      	adds	r5, r5, r7
20000b02:	1bdb      	subs	r3, r3, r7
20000b04:	19e4      	adds	r4, r4, r7
20000b06:	42b9      	cmp	r1, r7
20000b08:	d009      	beq.n	20000b1e <prepare_ep_buffer+0x92>
20000b0a:	7826      	ldrb	r6, [r4, #0]
20000b0c:	702e      	strb	r6, [r5, #0]
20000b0e:	2b00      	cmp	r3, #0
20000b10:	d005      	beq.n	20000b1e <prepare_ep_buffer+0x92>
20000b12:	7866      	ldrb	r6, [r4, #1]
20000b14:	706e      	strb	r6, [r5, #1]
20000b16:	2b01      	cmp	r3, #1
20000b18:	d001      	beq.n	20000b1e <prepare_ep_buffer+0x92>
20000b1a:	78a3      	ldrb	r3, [r4, #2]
20000b1c:	70ab      	strb	r3, [r5, #2]
20000b1e:	6914      	ldr	r4, [r2, #16]
20000b20:	8a93      	ldrh	r3, [r2, #20]
20000b22:	1864      	adds	r4, r4, r1
20000b24:	6114      	str	r4, [r2, #16]
20000b26:	2280      	movs	r2, #128	@ 0x80
20000b28:	0212      	lsls	r2, r2, #8
20000b2a:	4310      	orrs	r0, r2
20000b2c:	2b00      	cmp	r3, #0
20000b2e:	d102      	bne.n	20000b36 <prepare_ep_buffer+0xaa>
20000b30:	2380      	movs	r3, #128	@ 0x80
20000b32:	01db      	lsls	r3, r3, #7
20000b34:	4318      	orrs	r0, r3
20000b36:	4663      	mov	r3, ip
20000b38:	2b00      	cmp	r3, #0
20000b3a:	d000      	beq.n	20000b3e <prepare_ep_buffer+0xb2>
20000b3c:	0400      	lsls	r0, r0, #16
20000b3e:	bc80      	pop	{r7}
20000b40:	46b8      	mov	r8, r7
20000b42:	bdf0      	pop	{r4, r5, r6, r7, pc}
20000b44:	2300      	movs	r3, #0
20000b46:	5ce6      	ldrb	r6, [r4, r3]
20000b48:	54ee      	strb	r6, [r5, r3]
20000b4a:	3301      	adds	r3, #1
20000b4c:	4299      	cmp	r1, r3
20000b4e:	d1fa      	bne.n	20000b46 <prepare_ep_buffer+0xba>
20000b50:	e7e5      	b.n	20000b1e <prepare_ep_buffer+0x92>
20000b52:	46c0      	nop			@ (mov r8, r8)

20000b54 <sync_ep_buffer>:
20000b54:	6883      	ldr	r3, [r0, #8]
20000b56:	b5f0      	push	{r4, r5, r6, r7, lr}
20000b58:	681a      	ldr	r2, [r3, #0]
20000b5a:	0004      	movs	r4, r0
20000b5c:	2900      	cmp	r1, #0
20000b5e:	d000      	beq.n	20000b62 <sync_ep_buffer+0xe>
20000b60:	0c12      	lsrs	r2, r2, #16
20000b62:	7863      	ldrb	r3, [r4, #1]
20000b64:	0592      	lsls	r2, r2, #22
20000b66:	0d90      	lsrs	r0, r2, #22
20000b68:	2b00      	cmp	r3, #0
20000b6a:	d108      	bne.n	20000b7e <sync_ep_buffer+0x2a>
20000b6c:	8ae3      	ldrh	r3, [r4, #22]
20000b6e:	18c3      	adds	r3, r0, r3
20000b70:	82e3      	strh	r3, [r4, #22]
20000b72:	8b23      	ldrh	r3, [r4, #24]
20000b74:	4283      	cmp	r3, r0
20000b76:	d901      	bls.n	20000b7c <sync_ep_buffer+0x28>
20000b78:	2300      	movs	r3, #0
20000b7a:	82a3      	strh	r3, [r4, #20]
20000b7c:	bdf0      	pop	{r4, r5, r6, r7, pc}
20000b7e:	68e3      	ldr	r3, [r4, #12]
20000b80:	0189      	lsls	r1, r1, #6
20000b82:	6925      	ldr	r5, [r4, #16]
20000b84:	185e      	adds	r6, r3, r1
20000b86:	1e47      	subs	r7, r0, #1
20000b88:	2800      	cmp	r0, #0
20000b8a:	d022      	beq.n	20000bd2 <sync_ep_buffer+0x7e>
20000b8c:	2f06      	cmp	r7, #6
20000b8e:	d926      	bls.n	20000bde <sync_ep_buffer+0x8a>
20000b90:	3101      	adds	r1, #1
20000b92:	185b      	adds	r3, r3, r1
20000b94:	1aeb      	subs	r3, r5, r3
20000b96:	2b02      	cmp	r3, #2
20000b98:	d921      	bls.n	20000bde <sync_ep_buffer+0x8a>
20000b9a:	002b      	movs	r3, r5
20000b9c:	4333      	orrs	r3, r6
20000b9e:	079b      	lsls	r3, r3, #30
20000ba0:	d11d      	bne.n	20000bde <sync_ep_buffer+0x8a>
20000ba2:	2300      	movs	r3, #0
20000ba4:	0e12      	lsrs	r2, r2, #24
20000ba6:	0092      	lsls	r2, r2, #2
20000ba8:	58f1      	ldr	r1, [r6, r3]
20000baa:	50e9      	str	r1, [r5, r3]
20000bac:	3304      	adds	r3, #4
20000bae:	429a      	cmp	r2, r3
20000bb0:	d1fa      	bne.n	20000ba8 <sync_ep_buffer+0x54>
20000bb2:	1abf      	subs	r7, r7, r2
20000bb4:	18ad      	adds	r5, r5, r2
20000bb6:	18b6      	adds	r6, r6, r2
20000bb8:	4290      	cmp	r0, r2
20000bba:	d009      	beq.n	20000bd0 <sync_ep_buffer+0x7c>
20000bbc:	7832      	ldrb	r2, [r6, #0]
20000bbe:	702a      	strb	r2, [r5, #0]
20000bc0:	2f00      	cmp	r7, #0
20000bc2:	d005      	beq.n	20000bd0 <sync_ep_buffer+0x7c>
20000bc4:	7872      	ldrb	r2, [r6, #1]
20000bc6:	706a      	strb	r2, [r5, #1]
20000bc8:	2f01      	cmp	r7, #1
20000bca:	d001      	beq.n	20000bd0 <sync_ep_buffer+0x7c>
20000bcc:	78b2      	ldrb	r2, [r6, #2]
20000bce:	70aa      	strb	r2, [r5, #2]
20000bd0:	6925      	ldr	r5, [r4, #16]
20000bd2:	8ae3      	ldrh	r3, [r4, #22]
20000bd4:	182d      	adds	r5, r5, r0
20000bd6:	18c3      	adds	r3, r0, r3
20000bd8:	82e3      	strh	r3, [r4, #22]
20000bda:	6125      	str	r5, [r4, #16]
20000bdc:	e7c9      	b.n	20000b72 <sync_ep_buffer+0x1e>
20000bde:	2200      	movs	r2, #0
20000be0:	5cb3      	ldrb	r3, [r6, r2]
20000be2:	54ab      	strb	r3, [r5, r2]
20000be4:	3201      	adds	r2, #1
20000be6:	4290      	cmp	r0, r2
20000be8:	d1fa      	bne.n	20000be0 <sync_ep_buffer+0x8c>
20000bea:	6925      	ldr	r5, [r4, #16]
20000bec:	e7f1      	b.n	20000bd2 <sync_ep_buffer+0x7e>
20000bee:	46c0      	nop			@ (mov r8, r8)

20000bf0 <_hw_endpoint_xfer_sync>:
20000bf0:	b510      	push	{r4, lr}
20000bf2:	0004      	movs	r4, r0
20000bf4:	6883      	ldr	r3, [r0, #8]
20000bf6:	2100      	movs	r1, #0
20000bf8:	681b      	ldr	r3, [r3, #0]
20000bfa:	f7ff ffab 	bl	20000b54 <sync_ep_buffer>
20000bfe:	6863      	ldr	r3, [r4, #4]
20000c00:	681b      	ldr	r3, [r3, #0]
20000c02:	005b      	lsls	r3, r3, #1
20000c04:	d502      	bpl.n	20000c0c <_hw_endpoint_xfer_sync+0x1c>
20000c06:	8b23      	ldrh	r3, [r4, #24]
20000c08:	4283      	cmp	r3, r0
20000c0a:	d000      	beq.n	20000c0e <_hw_endpoint_xfer_sync+0x1e>
20000c0c:	bd10      	pop	{r4, pc}
20000c0e:	2101      	movs	r1, #1
20000c10:	0020      	movs	r0, r4
20000c12:	f7ff ff9f 	bl	20000b54 <sync_ep_buffer>
20000c16:	e7f9      	b.n	20000c0c <_hw_endpoint_xfer_sync+0x1c>

20000c18 <e15_is_bulkin_ep>:
20000c18:	4a08      	ldr	r2, [pc, #32]	@ (20000c3c <e15_is_bulkin_ep+0x24>)
20000c1a:	0003      	movs	r3, r0
20000c1c:	6c12      	ldr	r2, [r2, #64]	@ 0x40
20000c1e:	2000      	movs	r0, #0
20000c20:	0792      	lsls	r2, r2, #30
20000c22:	d403      	bmi.n	20000c2c <e15_is_bulkin_ep+0x14>
20000c24:	789a      	ldrb	r2, [r3, #2]
20000c26:	09d2      	lsrs	r2, r2, #7
20000c28:	2a01      	cmp	r2, #1
20000c2a:	d000      	beq.n	20000c2e <e15_is_bulkin_ep+0x16>
20000c2c:	4770      	bx	lr
20000c2e:	7ed8      	ldrb	r0, [r3, #27]
20000c30:	3802      	subs	r0, #2
20000c32:	4243      	negs	r3, r0
20000c34:	4158      	adcs	r0, r3
20000c36:	b2c0      	uxtb	r0, r0
20000c38:	e7f8      	b.n	20000c2c <e15_is_bulkin_ep+0x14>
20000c3a:	46c0      	nop			@ (mov r8, r8)
20000c3c:	50110000 	.word	0x50110000

20000c40 <e15_is_critical_frame_period>:
20000c40:	b510      	push	{r4, lr}
20000c42:	f7ff ffe9 	bl	20000c18 <e15_is_bulkin_ep>
20000c46:	2800      	cmp	r0, #0
20000c48:	d00c      	beq.n	20000c64 <e15_is_critical_frame_period+0x24>
20000c4a:	4907      	ldr	r1, [pc, #28]	@ (20000c68 <e15_is_critical_frame_period+0x28>)
20000c4c:	4b07      	ldr	r3, [pc, #28]	@ (20000c6c <e15_is_critical_frame_period+0x2c>)
20000c4e:	468c      	mov	ip, r1
20000c50:	4a07      	ldr	r2, [pc, #28]	@ (20000c70 <e15_is_critical_frame_period+0x30>)
20000c52:	6a9b      	ldr	r3, [r3, #40]	@ 0x28
20000c54:	6812      	ldr	r2, [r2, #0]
20000c56:	4463      	add	r3, ip
20000c58:	1a9b      	subs	r3, r3, r2
20000c5a:	2000      	movs	r0, #0
20000c5c:	22c6      	movs	r2, #198	@ 0xc6
20000c5e:	429a      	cmp	r2, r3
20000c60:	4140      	adcs	r0, r0
20000c62:	b2c0      	uxtb	r0, r0
20000c64:	bd10      	pop	{r4, pc}
20000c66:	46c0      	nop			@ (mov r8, r8)
20000c68:	fffffce0 	.word	0xfffffce0
20000c6c:	40054000 	.word	0x40054000
20000c70:	20002204 	.word	0x20002204

20000c74 <hw_endpoint_reset_transfer>:
20000c74:	2300      	movs	r3, #0
20000c76:	7683      	strb	r3, [r0, #26]
20000c78:	6143      	str	r3, [r0, #20]
20000c7a:	6103      	str	r3, [r0, #16]
20000c7c:	4770      	bx	lr
20000c7e:	46c0      	nop			@ (mov r8, r8)

20000c80 <_hw_endpoint_buffer_control_update32>:
20000c80:	b510      	push	{r4, lr}
20000c82:	6883      	ldr	r3, [r0, #8]
20000c84:	2900      	cmp	r1, #0
20000c86:	d001      	beq.n	20000c8c <_hw_endpoint_buffer_control_update32+0xc>
20000c88:	681c      	ldr	r4, [r3, #0]
20000c8a:	4021      	ands	r1, r4
20000c8c:	2a00      	cmp	r2, #0
20000c8e:	d012      	beq.n	20000cb6 <_hw_endpoint_buffer_control_update32+0x36>
20000c90:	2480      	movs	r4, #128	@ 0x80
20000c92:	00e4      	lsls	r4, r4, #3
20000c94:	4311      	orrs	r1, r2
20000c96:	4222      	tst	r2, r4
20000c98:	d00d      	beq.n	20000cb6 <_hw_endpoint_buffer_control_update32+0x36>
20000c9a:	681a      	ldr	r2, [r3, #0]
20000c9c:	4222      	tst	r2, r4
20000c9e:	d10c      	bne.n	20000cba <_hw_endpoint_buffer_control_update32+0x3a>
20000ca0:	4a08      	ldr	r2, [pc, #32]	@ (20000cc4 <_hw_endpoint_buffer_control_update32+0x44>)
20000ca2:	400a      	ands	r2, r1
20000ca4:	601a      	str	r2, [r3, #0]
20000ca6:	4a08      	ldr	r2, [pc, #32]	@ (20000cc8 <_hw_endpoint_buffer_control_update32+0x48>)
20000ca8:	6c12      	ldr	r2, [r2, #64]	@ 0x40
20000caa:	0792      	lsls	r2, r2, #30
20000cac:	d403      	bmi.n	20000cb6 <_hw_endpoint_buffer_control_update32+0x36>
20000cae:	230c      	movs	r3, #12
20000cb0:	3b03      	subs	r3, #3
20000cb2:	d2fd      	bcs.n	20000cb0 <_hw_endpoint_buffer_control_update32+0x30>
20000cb4:	6883      	ldr	r3, [r0, #8]
20000cb6:	6019      	str	r1, [r3, #0]
20000cb8:	bd10      	pop	{r4, pc}
20000cba:	7881      	ldrb	r1, [r0, #2]
20000cbc:	4803      	ldr	r0, [pc, #12]	@ (20000ccc <_hw_endpoint_buffer_control_update32+0x4c>)
20000cbe:	f000 f967 	bl	20000f90 <__panic_veneer>
20000cc2:	46c0      	nop			@ (mov r8, r8)
20000cc4:	fffffbff 	.word	0xfffffbff
20000cc8:	50110000 	.word	0x50110000
20000ccc:	100057c8 	.word	0x100057c8

20000cd0 <hw_endpoint_start_next_buffer>:
20000cd0:	6843      	ldr	r3, [r0, #4]
20000cd2:	b570      	push	{r4, r5, r6, lr}
20000cd4:	2100      	movs	r1, #0
20000cd6:	2580      	movs	r5, #128	@ 0x80
20000cd8:	0004      	movs	r4, r0
20000cda:	681e      	ldr	r6, [r3, #0]
20000cdc:	f7ff fed6 	bl	20000a8c <prepare_ep_buffer>
20000ce0:	4b12      	ldr	r3, [pc, #72]	@ (20000d2c <hw_endpoint_start_next_buffer+0x5c>)
20000ce2:	016d      	lsls	r5, r5, #5
20000ce4:	6c1a      	ldr	r2, [r3, #64]	@ 0x40
20000ce6:	4305      	orrs	r5, r0
20000ce8:	78a3      	ldrb	r3, [r4, #2]
20000cea:	0792      	lsls	r2, r2, #30
20000cec:	d50e      	bpl.n	20000d0c <hw_endpoint_start_next_buffer+0x3c>
20000cee:	065b      	lsls	r3, r3, #25
20000cf0:	d00e      	beq.n	20000d10 <hw_endpoint_start_next_buffer+0x40>
20000cf2:	4b0f      	ldr	r3, [pc, #60]	@ (20000d30 <hw_endpoint_start_next_buffer+0x60>)
20000cf4:	401e      	ands	r6, r3
20000cf6:	2380      	movs	r3, #128	@ 0x80
20000cf8:	059b      	lsls	r3, r3, #22
20000cfa:	4333      	orrs	r3, r6
20000cfc:	6862      	ldr	r2, [r4, #4]
20000cfe:	2100      	movs	r1, #0
20000d00:	6013      	str	r3, [r2, #0]
20000d02:	0020      	movs	r0, r4
20000d04:	002a      	movs	r2, r5
20000d06:	f7ff ffbb 	bl	20000c80 <_hw_endpoint_buffer_control_update32>
20000d0a:	bd70      	pop	{r4, r5, r6, pc}
20000d0c:	09db      	lsrs	r3, r3, #7
20000d0e:	d0f0      	beq.n	20000cf2 <hw_endpoint_start_next_buffer+0x22>
20000d10:	8aa3      	ldrh	r3, [r4, #20]
20000d12:	2b00      	cmp	r3, #0
20000d14:	d0ed      	beq.n	20000cf2 <hw_endpoint_start_next_buffer+0x22>
20000d16:	2101      	movs	r1, #1
20000d18:	0020      	movs	r0, r4
20000d1a:	f7ff feb7 	bl	20000a8c <prepare_ep_buffer>
20000d1e:	23a0      	movs	r3, #160	@ 0xa0
20000d20:	4a04      	ldr	r2, [pc, #16]	@ (20000d34 <hw_endpoint_start_next_buffer+0x64>)
20000d22:	05db      	lsls	r3, r3, #23
20000d24:	4032      	ands	r2, r6
20000d26:	4305      	orrs	r5, r0
20000d28:	4313      	orrs	r3, r2
20000d2a:	e7e7      	b.n	20000cfc <hw_endpoint_start_next_buffer+0x2c>
20000d2c:	50110000 	.word	0x50110000
20000d30:	afffffff 	.word	0xafffffff
20000d34:	dfffffff 	.word	0xdfffffff

20000d38 <hw_endpoint_xfer_continue>:
20000d38:	b570      	push	{r4, r5, r6, lr}
20000d3a:	7e85      	ldrb	r5, [r0, #26]
20000d3c:	0004      	movs	r4, r0
20000d3e:	2d00      	cmp	r5, #0
20000d40:	d014      	beq.n	20000d6c <hw_endpoint_xfer_continue+0x34>
20000d42:	f7ff ff55 	bl	20000bf0 <_hw_endpoint_xfer_sync>
20000d46:	8aa3      	ldrh	r3, [r4, #20]
20000d48:	2b00      	cmp	r3, #0
20000d4a:	d101      	bne.n	20000d50 <hw_endpoint_xfer_continue+0x18>
20000d4c:	0028      	movs	r0, r5
20000d4e:	bd70      	pop	{r4, r5, r6, pc}
20000d50:	0020      	movs	r0, r4
20000d52:	f7ff ff75 	bl	20000c40 <e15_is_critical_frame_period>
20000d56:	2800      	cmp	r0, #0
20000d58:	d003      	beq.n	20000d62 <hw_endpoint_xfer_continue+0x2a>
20000d5a:	2301      	movs	r3, #1
20000d5c:	2500      	movs	r5, #0
20000d5e:	7723      	strb	r3, [r4, #28]
20000d60:	e7f4      	b.n	20000d4c <hw_endpoint_xfer_continue+0x14>
20000d62:	0020      	movs	r0, r4
20000d64:	f7ff ffb4 	bl	20000cd0 <hw_endpoint_start_next_buffer>
20000d68:	2500      	movs	r5, #0
20000d6a:	e7ef      	b.n	20000d4c <hw_endpoint_xfer_continue+0x14>
20000d6c:	7881      	ldrb	r1, [r0, #2]
20000d6e:	4801      	ldr	r0, [pc, #4]	@ (20000d74 <hw_endpoint_xfer_continue+0x3c>)
20000d70:	f000 f90e 	bl	20000f90 <__panic_veneer>
20000d74:	100057e8 	.word	0x100057e8

20000d78 <dcd_event_handler>:
20000d78:	b5f0      	push	{r4, r5, r6, r7, lr}
20000d7a:	46ce      	mov	lr, r9
20000d7c:	4647      	mov	r7, r8
20000d7e:	b580      	push	{r7, lr}
20000d80:	7843      	ldrb	r3, [r0, #1]
20000d82:	0005      	movs	r5, r0
20000d84:	000e      	movs	r6, r1
20000d86:	b085      	sub	sp, #20
20000d88:	2b06      	cmp	r3, #6
20000d8a:	d808      	bhi.n	20000d9e <dcd_event_handler+0x26>
20000d8c:	4a6c      	ldr	r2, [pc, #432]	@ (20000f40 <dcd_event_handler+0x1c8>)
20000d8e:	009b      	lsls	r3, r3, #2
20000d90:	58d3      	ldr	r3, [r2, r3]
20000d92:	469f      	mov	pc, r3
20000d94:	4a6b      	ldr	r2, [pc, #428]	@ (20000f44 <dcd_event_handler+0x1cc>)
20000d96:	7813      	ldrb	r3, [r2, #0]
20000d98:	3301      	adds	r3, #1
20000d9a:	b2db      	uxtb	r3, r3
20000d9c:	7013      	strb	r3, [r2, #0]
20000d9e:	4b6a      	ldr	r3, [pc, #424]	@ (20000f48 <dcd_event_handler+0x1d0>)
20000da0:	681c      	ldr	r4, [r3, #0]
20000da2:	6962      	ldr	r2, [r4, #20]
20000da4:	f3ef 8110 	mrs	r1, PRIMASK
20000da8:	b672      	cpsid	i
20000daa:	6813      	ldr	r3, [r2, #0]
20000dac:	2b00      	cmp	r3, #0
20000dae:	d0fc      	beq.n	20000daa <dcd_event_handler+0x32>
20000db0:	f3bf 8f5f 	dmb	sy
20000db4:	61a1      	str	r1, [r4, #24]
20000db6:	0020      	movs	r0, r4
20000db8:	0029      	movs	r1, r5
20000dba:	f000 f909 	bl	20000fd0 <__tu_fifo_write_veneer>
20000dbe:	6962      	ldr	r2, [r4, #20]
20000dc0:	69a3      	ldr	r3, [r4, #24]
20000dc2:	f3bf 8f5f 	dmb	sy
20000dc6:	2100      	movs	r1, #0
20000dc8:	6011      	str	r1, [r2, #0]
20000dca:	f383 8810 	msr	PRIMASK, r3
20000dce:	2800      	cmp	r0, #0
20000dd0:	d104      	bne.n	20000ddc <dcd_event_handler+0x64>
20000dd2:	b005      	add	sp, #20
20000dd4:	bcc0      	pop	{r6, r7}
20000dd6:	46b9      	mov	r9, r7
20000dd8:	46b0      	mov	r8, r6
20000dda:	bdf0      	pop	{r4, r5, r6, r7, pc}
20000ddc:	0032      	movs	r2, r6
20000dde:	7869      	ldrb	r1, [r5, #1]
20000de0:	7828      	ldrb	r0, [r5, #0]
20000de2:	f000 f8dd 	bl	20000fa0 <__tud_event_hook_cb_veneer>
20000de6:	e7f4      	b.n	20000dd2 <dcd_event_handler+0x5a>
20000de8:	2101      	movs	r1, #1
20000dea:	4b58      	ldr	r3, [pc, #352]	@ (20000f4c <dcd_event_handler+0x1d4>)
20000dec:	781a      	ldrb	r2, [r3, #0]
20000dee:	438a      	bics	r2, r1
20000df0:	701a      	strb	r2, [r3, #0]
20000df2:	781a      	ldrb	r2, [r3, #0]
20000df4:	3101      	adds	r1, #1
20000df6:	438a      	bics	r2, r1
20000df8:	701a      	strb	r2, [r3, #0]
20000dfa:	2200      	movs	r2, #0
20000dfc:	705a      	strb	r2, [r3, #1]
20000dfe:	781a      	ldrb	r2, [r3, #0]
20000e00:	3102      	adds	r1, #2
20000e02:	438a      	bics	r2, r1
20000e04:	701a      	strb	r2, [r3, #0]
20000e06:	e7ca      	b.n	20000d9e <dcd_event_handler+0x26>
20000e08:	4951      	ldr	r1, [pc, #324]	@ (20000f50 <dcd_event_handler+0x1d8>)
20000e0a:	4f52      	ldr	r7, [pc, #328]	@ (20000f54 <dcd_event_handler+0x1dc>)
20000e0c:	4689      	mov	r9, r1
20000e0e:	4952      	ldr	r1, [pc, #328]	@ (20000f58 <dcd_event_handler+0x1e0>)
20000e10:	2400      	movs	r4, #0
20000e12:	2300      	movs	r3, #0
20000e14:	4688      	mov	r8, r1
20000e16:	783a      	ldrb	r2, [r7, #0]
20000e18:	e012      	b.n	20000e40 <dcd_event_handler+0xc8>
20000e1a:	4643      	mov	r3, r8
20000e1c:	681b      	ldr	r3, [r3, #0]
20000e1e:	0161      	lsls	r1, r4, #5
20000e20:	185b      	adds	r3, r3, r1
20000e22:	2b00      	cmp	r3, #0
20000e24:	d006      	beq.n	20000e34 <dcd_event_handler+0xbc>
20000e26:	69db      	ldr	r3, [r3, #28]
20000e28:	2b00      	cmp	r3, #0
20000e2a:	d003      	beq.n	20000e34 <dcd_event_handler+0xbc>
20000e2c:	6869      	ldr	r1, [r5, #4]
20000e2e:	7828      	ldrb	r0, [r5, #0]
20000e30:	4798      	blx	r3
20000e32:	783a      	ldrb	r2, [r7, #0]
20000e34:	3401      	adds	r4, #1
20000e36:	b2e4      	uxtb	r4, r4
20000e38:	1c51      	adds	r1, r2, #1
20000e3a:	0023      	movs	r3, r4
20000e3c:	42a1      	cmp	r1, r4
20000e3e:	db17      	blt.n	20000e70 <dcd_event_handler+0xf8>
20000e40:	42a2      	cmp	r2, r4
20000e42:	d8ea      	bhi.n	20000e1a <dcd_event_handler+0xa2>
20000e44:	1a9b      	subs	r3, r3, r2
20000e46:	015b      	lsls	r3, r3, #5
20000e48:	444b      	add	r3, r9
20000e4a:	e7ec      	b.n	20000e26 <dcd_event_handler+0xae>
20000e4c:	4b3f      	ldr	r3, [pc, #252]	@ (20000f4c <dcd_event_handler+0x1d4>)
20000e4e:	781a      	ldrb	r2, [r3, #0]
20000e50:	07d2      	lsls	r2, r2, #31
20000e52:	d5be      	bpl.n	20000dd2 <dcd_event_handler+0x5a>
20000e54:	2104      	movs	r1, #4
20000e56:	781a      	ldrb	r2, [r3, #0]
20000e58:	430a      	orrs	r2, r1
20000e5a:	701a      	strb	r2, [r3, #0]
20000e5c:	e79f      	b.n	20000d9e <dcd_event_handler+0x26>
20000e5e:	4b3b      	ldr	r3, [pc, #236]	@ (20000f4c <dcd_event_handler+0x1d4>)
20000e60:	781a      	ldrb	r2, [r3, #0]
20000e62:	07d2      	lsls	r2, r2, #31
20000e64:	d5b5      	bpl.n	20000dd2 <dcd_event_handler+0x5a>
20000e66:	2104      	movs	r1, #4
20000e68:	781a      	ldrb	r2, [r3, #0]
20000e6a:	438a      	bics	r2, r1
20000e6c:	701a      	strb	r2, [r3, #0]
20000e6e:	e796      	b.n	20000d9e <dcd_event_handler+0x26>
20000e70:	4f36      	ldr	r7, [pc, #216]	@ (20000f4c <dcd_event_handler+0x1d4>)
20000e72:	783b      	ldrb	r3, [r7, #0]
20000e74:	075b      	lsls	r3, r3, #29
20000e76:	d52b      	bpl.n	20000ed0 <dcd_event_handler+0x158>
20000e78:	2204      	movs	r2, #4
20000e7a:	783b      	ldrb	r3, [r7, #0]
20000e7c:	2100      	movs	r1, #0
20000e7e:	4393      	bics	r3, r2
20000e80:	703b      	strb	r3, [r7, #0]
20000e82:	466b      	mov	r3, sp
20000e84:	3206      	adds	r2, #6
20000e86:	1d98      	adds	r0, r3, #6
20000e88:	f000 f86a 	bl	20000f60 <____wrap_memset_veneer>
20000e8c:	782b      	ldrb	r3, [r5, #0]
20000e8e:	ac01      	add	r4, sp, #4
20000e90:	7023      	strb	r3, [r4, #0]
20000e92:	2305      	movs	r3, #5
20000e94:	7063      	strb	r3, [r4, #1]
20000e96:	4b2c      	ldr	r3, [pc, #176]	@ (20000f48 <dcd_event_handler+0x1d0>)
20000e98:	681b      	ldr	r3, [r3, #0]
20000e9a:	4698      	mov	r8, r3
20000e9c:	695a      	ldr	r2, [r3, #20]
20000e9e:	f3ef 8110 	mrs	r1, PRIMASK
20000ea2:	b672      	cpsid	i
20000ea4:	6813      	ldr	r3, [r2, #0]
20000ea6:	2b00      	cmp	r3, #0
20000ea8:	d0fc      	beq.n	20000ea4 <dcd_event_handler+0x12c>
20000eaa:	f3bf 8f5f 	dmb	sy
20000eae:	4643      	mov	r3, r8
20000eb0:	4640      	mov	r0, r8
20000eb2:	6199      	str	r1, [r3, #24]
20000eb4:	0021      	movs	r1, r4
20000eb6:	f000 f88b 	bl	20000fd0 <__tu_fifo_write_veneer>
20000eba:	4643      	mov	r3, r8
20000ebc:	695a      	ldr	r2, [r3, #20]
20000ebe:	699b      	ldr	r3, [r3, #24]
20000ec0:	f3bf 8f5f 	dmb	sy
20000ec4:	2100      	movs	r1, #0
20000ec6:	6011      	str	r1, [r2, #0]
20000ec8:	f383 8810 	msr	PRIMASK, r3
20000ecc:	2800      	cmp	r0, #0
20000ece:	d131      	bne.n	20000f34 <dcd_event_handler+0x1bc>
20000ed0:	78fb      	ldrb	r3, [r7, #3]
20000ed2:	07db      	lsls	r3, r3, #31
20000ed4:	d400      	bmi.n	20000ed8 <dcd_event_handler+0x160>
20000ed6:	e77c      	b.n	20000dd2 <dcd_event_handler+0x5a>
20000ed8:	466b      	mov	r3, sp
20000eda:	220a      	movs	r2, #10
20000edc:	2100      	movs	r1, #0
20000ede:	1d98      	adds	r0, r3, #6
20000ee0:	f000 f83e 	bl	20000f60 <____wrap_memset_veneer>
20000ee4:	782b      	ldrb	r3, [r5, #0]
20000ee6:	ac01      	add	r4, sp, #4
20000ee8:	7023      	strb	r3, [r4, #0]
20000eea:	2303      	movs	r3, #3
20000eec:	7063      	strb	r3, [r4, #1]
20000eee:	686b      	ldr	r3, [r5, #4]
20000ef0:	6063      	str	r3, [r4, #4]
20000ef2:	4b15      	ldr	r3, [pc, #84]	@ (20000f48 <dcd_event_handler+0x1d0>)
20000ef4:	681d      	ldr	r5, [r3, #0]
20000ef6:	696a      	ldr	r2, [r5, #20]
20000ef8:	f3ef 8110 	mrs	r1, PRIMASK
20000efc:	b672      	cpsid	i
20000efe:	6813      	ldr	r3, [r2, #0]
20000f00:	2b00      	cmp	r3, #0
20000f02:	d0fc      	beq.n	20000efe <dcd_event_handler+0x186>
20000f04:	f3bf 8f5f 	dmb	sy
20000f08:	61a9      	str	r1, [r5, #24]
20000f0a:	0028      	movs	r0, r5
20000f0c:	0021      	movs	r1, r4
20000f0e:	f000 f85f 	bl	20000fd0 <__tu_fifo_write_veneer>
20000f12:	696a      	ldr	r2, [r5, #20]
20000f14:	69ab      	ldr	r3, [r5, #24]
20000f16:	f3bf 8f5f 	dmb	sy
20000f1a:	2100      	movs	r1, #0
20000f1c:	6011      	str	r1, [r2, #0]
20000f1e:	f383 8810 	msr	PRIMASK, r3
20000f22:	2800      	cmp	r0, #0
20000f24:	d100      	bne.n	20000f28 <dcd_event_handler+0x1b0>
20000f26:	e754      	b.n	20000dd2 <dcd_event_handler+0x5a>
20000f28:	0032      	movs	r2, r6
20000f2a:	7861      	ldrb	r1, [r4, #1]
20000f2c:	7820      	ldrb	r0, [r4, #0]
20000f2e:	f000 f837 	bl	20000fa0 <__tud_event_hook_cb_veneer>
20000f32:	e74e      	b.n	20000dd2 <dcd_event_handler+0x5a>
20000f34:	0032      	movs	r2, r6
20000f36:	7861      	ldrb	r1, [r4, #1]
20000f38:	7820      	ldrb	r0, [r4, #0]
20000f3a:	f000 f831 	bl	20000fa0 <__tud_event_hook_cb_veneer>
20000f3e:	e7c7      	b.n	20000ed0 <dcd_event_handler+0x158>
20000f40:	10005a74 	.word	0x10005a74
20000f44:	2000267b 	.word	0x2000267b
20000f48:	20001d10 	.word	0x20001d10
20000f4c:	20001cb8 	.word	0x20001cb8
20000f50:	10005a90 	.word	0x10005a90
20000f54:	20002679 	.word	0x20002679
20000f58:	20001b08 	.word	0x20001b08

20000f5c <__aeabi_idiv0>:
20000f5c:	4770      	bx	lr
20000f5e:	46c0      	nop			@ (mov r8, r8)

20000f60 <____wrap_memset_veneer>:
20000f60:	b401      	push	{r0}
20000f62:	4802      	ldr	r0, [pc, #8]	@ (20000f6c <____wrap_memset_veneer+0xc>)
20000f64:	4684      	mov	ip, r0
20000f66:	bc01      	pop	{r0}
20000f68:	4760      	bx	ip
20000f6a:	bf00      	nop
20000f6c:	10001fed 	.word	0x10001fed

20000f70 <__best_effort_wfe_or_timeout_veneer>:
20000f70:	b401      	push	{r0}
20000f72:	4802      	ldr	r0, [pc, #8]	@ (20000f7c <__best_effort_wfe_or_timeout_veneer+0xc>)
20000f74:	4684      	mov	ip, r0
20000f76:	bc01      	pop	{r0}
20000f78:	4760      	bx	ip
20000f7a:	bf00      	nop
20000f7c:	100011cd 	.word	0x100011cd

20000f80 <__rp2040_chip_version_veneer>:
20000f80:	b401      	push	{r0}
20000f82:	4802      	ldr	r0, [pc, #8]	@ (20000f8c <__rp2040_chip_version_veneer+0xc>)
20000f84:	4684      	mov	ip, r0
20000f86:	bc01      	pop	{r0}
20000f88:	4760      	bx	ip
20000f8a:	bf00      	nop
20000f8c:	100004fd 	.word	0x100004fd

20000f90 <__panic_veneer>:
20000f90:	b401      	push	{r0}
20000f92:	4802      	ldr	r0, [pc, #8]	@ (20000f9c <__panic_veneer+0xc>)
20000f94:	4684      	mov	ip, r0
20000f96:	bc01      	pop	{r0}
20000f98:	4760      	bx	ip
20000f9a:	bf00      	nop
20000f9c:	10000509 	.word	0x10000509

20000fa0 <__tud_event_hook_cb_veneer>:
20000fa0:	b401      	push	{r0}
20000fa2:	4802      	ldr	r0, [pc, #8]	@ (20000fac <__tud_event_hook_cb_veneer+0xc>)
20000fa4:	4684      	mov	ip, r0
20000fa6:	bc01      	pop	{r0}
20000fa8:	4760      	bx	ip
20000faa:	bf00      	nop
20000fac:	10002ef5 	.word	0x10002ef5

20000fb0 <__time_us_64_veneer>:
20000fb0:	b401      	push	{r0}
20000fb2:	4802      	ldr	r0, [pc, #8]	@ (20000fbc <__time_us_64_veneer+0xc>)
20000fb4:	4684      	mov	ip, r0
20000fb6:	bc01      	pop	{r0}
20000fb8:	4760      	bx	ip
20000fba:	bf00      	nop
20000fbc:	100012fd 	.word	0x100012fd

20000fc0 <____wrap___aeabi_lmul_veneer>:
20000fc0:	b401      	push	{r0}
20000fc2:	4802      	ldr	r0, [pc, #8]	@ (20000fcc <____wrap___aeabi_lmul_veneer+0xc>)
20000fc4:	4684      	mov	ip, r0
20000fc6:	bc01      	pop	{r0}
20000fc8:	4760      	bx	ip
20000fca:	bf00      	nop
20000fcc:	10001f19 	.word	0x10001f19

20000fd0 <__tu_fifo_write_veneer>:
20000fd0:	b401      	push	{r0}
20000fd2:	4802      	ldr	r0, [pc, #8]	@ (20000fdc <__tu_fifo_write_veneer+0xc>)
20000fd4:	4684      	mov	ip, r0
20000fd6:	bc01      	pop	{r0}
20000fd8:	4760      	bx	ip
20000fda:	bf00      	nop
20000fdc:	10004955 	.word	0x10004955

20000fe0 <striped_spin_lock_num>:
20000fe0:	00000010                                ....

20000fe4 <irq_handler_chain_slots>:
20000fe4:	00000000 	.word	0x00000000
20000fe8:	00010000 	.word	0x00010000
	...
20000ff4:	00020000 	.word	0x00020000
	...
20001000:	00030000 	.word	0x00030000
	...
2000100c:	00ff0000 	.word	0x00ff0000
20001010:	00000000 	.word	0x00000000

20001014 <irq_handler_chain_first_slot>:
20001014:	b501      	push	{r0, lr}
20001016:	6848      	ldr	r0, [r1, #4]
20001018:	3101      	adds	r1, #1
2000101a:	468e      	mov	lr, r1
2000101c:	4700      	bx	r0

2000101e <irq_handler_chain_remove_tail>:
2000101e:	4670      	mov	r0, lr
20001020:	3809      	subs	r0, #9
20001022:	4901      	ldr	r1, [pc, #4]	@ (20001028 <irq_handler_chain_remove_tail+0xa>)
20001024:	4788      	blx	r1
20001026:	bd01      	pop	{r0, pc}
20001028:	10000939 	.word	0x10000939

2000102c <default_alarm_pool>:
	...
20001040:	20001610 00000000 00000000 00000000     ... ............

20001050 <aeabi_bits_funcs>:
20001050:	00003350 	.word	0x00003350
20001054:	0000334c 	.word	0x0000334c
20001058:	00003354 	.word	0x00003354
2000105c:	00003352 	.word	0x00003352

20001060 <aeabi_bits_funcs_end>:
20001060:	0000534d 	.word	0x0000534d
20001064:	0000434d 	.word	0x0000434d
20001068:	00003453 	.word	0x00003453
2000106c:	00003443 	.word	0x00003443

20001070 <stdio_usb>:
20001070:	100026b5 10002669 100025dd 10002555     .&..i&...%..U%..
20001080:	00000000 00000100                       ........

20001088 <_usbd_qdef>:
20001088:	20001d14 000c0010 00000000 00000000     ... ............
	...

200010a4 <_usbd_rhport>:
200010a4:	000000ff                                ....

200010a8 <__malloc_sbrk_base>:
200010a8:	ffffffff                                ....

200010ac <__malloc_trim_threshold>:
200010ac:	00020000                                ....

200010b0 <__malloc_av_>:
	...
200010b8:	200010b0 200010b0 200010b8 200010b8     ... ... ... ... 
200010c8:	200010c0 200010c0 200010c8 200010c8     ... ... ... ... 
200010d8:	200010d0 200010d0 200010d8 200010d8     ... ... ... ... 
200010e8:	200010e0 200010e0 200010e8 200010e8     ... ... ... ... 
200010f8:	200010f0 200010f0 200010f8 200010f8     ... ... ... ... 
20001108:	20001100 20001100 20001108 20001108     ... ... ... ... 
20001118:	20001110 20001110 20001118 20001118     ... ... ... ... 
20001128:	20001120 20001120 20001128 20001128      ..  .. (.. (.. 
20001138:	20001130 20001130 20001138 20001138     0.. 0.. 8.. 8.. 
20001148:	20001140 20001140 20001148 20001148     @.. @.. H.. H.. 
20001158:	20001150 20001150 20001158 20001158     P.. P.. X.. X.. 
20001168:	20001160 20001160 20001168 20001168     `.. `.. h.. h.. 
20001178:	20001170 20001170 20001178 20001178     p.. p.. x.. x.. 
20001188:	20001180 20001180 20001188 20001188     ... ... ... ... 
20001198:	20001190 20001190 20001198 20001198     ... ... ... ... 
200011a8:	200011a0 200011a0 200011a8 200011a8     ... ... ... ... 
200011b8:	200011b0 200011b0 200011b8 200011b8     ... ... ... ... 
200011c8:	200011c0 200011c0 200011c8 200011c8     ... ... ... ... 
200011d8:	200011d0 200011d0 200011d8 200011d8     ... ... ... ... 
200011e8:	200011e0 200011e0 200011e8 200011e8     ... ... ... ... 
200011f8:	200011f0 200011f0 200011f8 200011f8     ... ... ... ... 
20001208:	20001200 20001200 20001208 20001208     ... ... ... ... 
20001218:	20001210 20001210 20001218 20001218     ... ... ... ... 
20001228:	20001220 20001220 20001228 20001228      ..  .. (.. (.. 
20001238:	20001230 20001230 20001238 20001238     0.. 0.. 8.. 8.. 
20001248:	20001240 20001240 20001248 20001248     @.. @.. H.. H.. 
20001258:	20001250 20001250 20001258 20001258     P.. P.. X.. X.. 
20001268:	20001260 20001260 20001268 20001268     `.. `.. h.. h.. 
20001278:	20001270 20001270 20001278 20001278     p.. p.. x.. x.. 
20001288:	20001280 20001280 20001288 20001288     ... ... ... ... 
20001298:	20001290 20001290 20001298 20001298     ... ... ... ... 
200012a8:	200012a0 200012a0 200012a8 200012a8     ... ... ... ... 
200012b8:	200012b0 200012b0 200012b8 200012b8     ... ... ... ... 
200012c8:	200012c0 200012c0 200012c8 200012c8     ... ... ... ... 
200012d8:	200012d0 200012d0 200012d8 200012d8     ... ... ... ... 
200012e8:	200012e0 200012e0 200012e8 200012e8     ... ... ... ... 
200012f8:	200012f0 200012f0 200012f8 200012f8     ... ... ... ... 
20001308:	20001300 20001300 20001308 20001308     ... ... ... ... 
20001318:	20001310 20001310 20001318 20001318     ... ... ... ... 
20001328:	20001320 20001320 20001328 20001328      ..  .. (.. (.. 
20001338:	20001330 20001330 20001338 20001338     0.. 0.. 8.. 8.. 
20001348:	20001340 20001340 20001348 20001348     @.. @.. H.. H.. 
20001358:	20001350 20001350 20001358 20001358     P.. P.. X.. X.. 
20001368:	20001360 20001360 20001368 20001368     `.. `.. h.. h.. 
20001378:	20001370 20001370 20001378 20001378     p.. p.. x.. x.. 
20001388:	20001380 20001380 20001388 20001388     ... ... ... ... 
20001398:	20001390 20001390 20001398 20001398     ... ... ... ... 
200013a8:	200013a0 200013a0 200013a8 200013a8     ... ... ... ... 
200013b8:	200013b0 200013b0 200013b8 200013b8     ... ... ... ... 
200013c8:	200013c0 200013c0 200013c8 200013c8     ... ... ... ... 
200013d8:	200013d0 200013d0 200013d8 200013d8     ... ... ... ... 
200013e8:	200013e0 200013e0 200013e8 200013e8     ... ... ... ... 
200013f8:	200013f0 200013f0 200013f8 200013f8     ... ... ... ... 
20001408:	20001400 20001400 20001408 20001408     ... ... ... ... 
20001418:	20001410 20001410 20001418 20001418     ... ... ... ... 
20001428:	20001420 20001420 20001428 20001428      ..  .. (.. (.. 
20001438:	20001430 20001430 20001438 20001438     0.. 0.. 8.. 8.. 
20001448:	20001440 20001440 20001448 20001448     @.. @.. H.. H.. 
20001458:	20001450 20001450 20001458 20001458     P.. P.. X.. X.. 
20001468:	20001460 20001460 20001468 20001468     `.. `.. h.. h.. 
20001478:	20001470 20001470 20001478 20001478     p.. p.. x.. x.. 
20001488:	20001480 20001480 20001488 20001488     ... ... ... ... 
20001498:	20001490 20001490 20001498 20001498     ... ... ... ... 
200014a8:	200014a0 200014a0 200014a8 200014a8     ... ... ... ... 

200014b8 <__sglue>:
200014b8:	00000000 00000003 200019cc              ........... 

200014c4 <_impure_ptr>:
200014c4:	200014c8                                ... 

200014c8 <_impure_data>:
200014c8:	00000000 200019cc 20001a34 20001a9c     ....... 4.. ... 
	...
20001560:	00000001 00000000 abcd330e e66d1234     .........3..4.m.
20001570:	0005deec 0000000b 00000000 00000000     ................
	...

20001608 <print_mutex>:
	...
